Feature ID,Feature Name,Description,Feature Area,User Story ID,User Story,Acceptance Criteria,Expected Behavior,Entry Points,Dependencies,Edge Cases,User Roles / Permissions,Error / Empty / Loading States,Current Status,Initial Test Evidence,Issue ID,Severity,Reproduction Steps,Expected Result,Actual Result,Root Cause,Screenshots / Evidence,Fix Status,Fix Summary,UX Improvement,Regression Evidence,Retest Result,Notes,Source Files,story_id,feature_area,feature,user_story,expected_behavior,source_files,status,initial_test_evidence,defects_found,fix_summary,retest_evidence,notes
APP-001,Root command center load,"App shell: Root command center load. The root page renders Worksheet Universe inside the Next.js layout with a loading fallback only while Suspense resolves, then shows the command workspace, current worksheet summary, audit badge, New version, and Print actions.",App shell,APP-001,"As a teacher, I can open the app and immediately reach the worksheet command center.","1. Given Root route /, command topbar, command workspace, when the story is exercised, then The root page renders Worksheet Universe inside the Next.js layout with a loading fallback only while Suspense resolves, then shows the command workspace, current worksheet summary, audit badge, New version, and Print actions. 2. The recorded initial and regression evidence for APP-001 is Passing or Fixed. 3. Any discovered issue for this story has severity, reproduction, root cause, fix status, and retest evidence recorded in this row.","The root page renders Worksheet Universe inside the Next.js layout with a loading fallback only while Suspense resolves, then shows the command workspace, current worksheet summary, audit badge, New version, and Print actions.","Root route /, command topbar, command workspace",src/app/page.tsx; src/app/layout.tsx; src/features/worksheet/command-center/WorksheetCommandCenter.tsx,"Initial load, Suspense fallback, keyboard skip link, live status announcements, static prerender.",Teacher / worksheet creator; no auth or permission gates in scope.,"Initial load, Suspense fallback, keyboard skip link, live status announcements, static prerender.",Passing,passed: DOM harness rendered command center root and workspace,,,,"The root page renders Worksheet Universe inside the Next.js layout with a loading fallback only while Suspense resolves, then shows the command workspace, current worksheet summary, audit badge, New version, and Print actions.",Matches expected behavior in the recorded test evidence.,,passed: DOM harness rendered command center root and workspace; passed: DOM harness rendered command center root and workspace,No issue found,,,passed: DOM harness rendered command center root and workspace,Passed,No additional notes.,src/app/page.tsx; src/app/layout.tsx; src/features/worksheet/command-center/WorksheetCommandCenter.tsx,APP-001,App shell,Root command center load,"As a teacher, I can open the app and immediately reach the worksheet command center.","The root page renders Worksheet Universe inside the Next.js layout with a loading fallback only while Suspense resolves, then shows the command workspace, current worksheet summary, audit badge, New version, and Print actions.",src/app/page.tsx; src/app/layout.tsx; src/features/worksheet/command-center/WorksheetCommandCenter.tsx,passed,passed: DOM harness rendered command center root and workspace,,,passed: DOM harness rendered command center root and workspace,No additional notes.
APP-002,Accessible workspace navigation,"App shell: Accessible workspace navigation. A skip link targets #command-workspace, status updates are announced in polite live regions, and the main workspace has a stable id.",App shell,APP-002,"As a keyboard or assistive-tech user, I can skip directly to the worksheet workspace.","1. Given Root route /, command topbar, command workspace, when the story is exercised, then A skip link targets #command-workspace, status updates are announced in polite live regions, and the main workspace has a stable id. 2. The recorded initial and regression evidence for APP-002 is Passing or Fixed. 3. Any discovered issue for this story has severity, reproduction, root cause, fix status, and retest evidence recorded in this row.","A skip link targets #command-workspace, status updates are announced in polite live regions, and the main workspace has a stable id.","Root route /, command topbar, command workspace",src/features/worksheet/command-center/WorksheetCommandCenter.tsx,"Initial load, Suspense fallback, keyboard skip link, live status announcements, static prerender.",Teacher / worksheet creator; no auth or permission gates in scope.,"Initial load, Suspense fallback, keyboard skip link, live status announcements, static prerender.",Passing,Passed: node scripts/agent-validate.mjs; node tests/fixtures/validate-fixtures.mjs; npm run lint; npm run typecheck after build generated Next types; npm run test; npm run test:generators; npm run build.,,,,"A skip link targets #command-workspace, status updates are announced in polite live regions, and the main workspace has a stable id.",Matches expected behavior in the recorded test evidence.,,Passed: node scripts/agent-validate.mjs; node tests/fixtures/validate-fixtures.mjs; npm run lint; npm run typecheck after build generated Next types; npm run test; npm run test:generators; npm run build.; Post-fix required checks passed where applicable.,No issue found,,,Post-fix required checks passed where applicable. passed: Fresh Chromium QA verified skip link targets #command-workspace.,Passed,No additional notes.,src/features/worksheet/command-center/WorksheetCommandCenter.tsx,APP-002,App shell,Accessible workspace navigation,"As a keyboard or assistive-tech user, I can skip directly to the worksheet workspace.","A skip link targets #command-workspace, status updates are announced in polite live regions, and the main workspace has a stable id.",src/features/worksheet/command-center/WorksheetCommandCenter.tsx,passed,Passed: node scripts/agent-validate.mjs; node tests/fixtures/validate-fixtures.mjs; npm run lint; npm run typecheck after build generated Next types; npm run test; npm run test:generators; npm run build.,,,Post-fix required checks passed where applicable. passed: Fresh Chromium QA verified skip link targets #command-workspace.,No additional notes.
APP-003,Desktop current draft summary,"App shell: Desktop current draft summary. The desktop control deck includes a Current draft summary with Skill, Format, Grade, and Status cards derived from the active worksheet intent and audit state.",App shell,APP-003,"As a teacher on desktop, I can quickly understand the current worksheet draft before changing settings.","1. Given Root route /, command topbar, command workspace, when the story is exercised, then The desktop control deck includes a Current draft summary with Skill, Format, Grade, and Status cards derived from the active worksheet intent and audit state. 2. The recorded initial and regression evidence for APP-003 is Passing or Fixed. 3. Any discovered issue for this story has severity, reproduction, root cause, fix status, and retest evidence recorded in this row.","The desktop control deck includes a Current draft summary with Skill, Format, Grade, and Status cards derived from the active worksheet intent and audit state.","Root route /, command topbar, command workspace",src/features/worksheet/command-center/WorksheetCommandCenter.tsx; tests/frontend/worksheet-console.test.ts,"Initial load, Suspense fallback, keyboard skip link, live status announcements, static prerender.",Teacher / worksheet creator; no auth or permission gates in scope.,"Initial load, Suspense fallback, keyboard skip link, live status announcements, static prerender.",Passing,passed: npm run test verified desktop draft summary source hooks; Real Chromium desktop rendered current draft summary,,,,"The desktop control deck includes a Current draft summary with Skill, Format, Grade, and Status cards derived from the active worksheet intent and audit state.",Matches expected behavior in the recorded test evidence.,,passed: npm run test verified desktop draft summary source hooks; Real Chromium desktop rendered current draft summary; passed: Real Chromium desktop summary showed Skill Format Grade and Status; see output/playwright/feature-story-real-browser-results.json; output/playwright/real-browser-desktop.png,No issue found,,"Added an at-a-glance desktop draft summary for skill, format, grade, and trust status.",passed: Real Chromium desktop summary showed Skill Format Grade and Status; see output/playwright/feature-story-real-browser-results.json,Passed,No additional notes.,src/features/worksheet/command-center/WorksheetCommandCenter.tsx; tests/frontend/worksheet-console.test.ts,APP-003,App shell,Desktop current draft summary,"As a teacher on desktop, I can quickly understand the current worksheet draft before changing settings.","The desktop control deck includes a Current draft summary with Skill, Format, Grade, and Status cards derived from the active worksheet intent and audit state.",src/features/worksheet/command-center/WorksheetCommandCenter.tsx; tests/frontend/worksheet-console.test.ts,passed,passed: npm run test verified desktop draft summary source hooks; Real Chromium desktop rendered current draft summary,,,passed: Real Chromium desktop summary showed Skill Format Grade and Status; see output/playwright/feature-story-real-browser-results.json,No additional notes.
PROMPT-001,Prompt entry and parsed chips,"Teacher intent: Prompt entry and parsed chips. Typing in Teacher intent updates the prompt state and parsed chips without submitting; supported hints include grade, count between 3 and 12, format hints, strand hints, difficulty hints, and exact worksheet titles.",Teacher intent,PROMPT-001,"As a teacher, I can describe the worksheet I want in natural language and see detected grade, strand, format, count, and difficulty cues.","1. Given Teacher intent prompt bar in setup/control deck, when the story is exercised, then Typing in Teacher intent updates the prompt state and parsed chips without submitting; supported hints include grade, count between 3 and 12, format hints, strand hints, difficulty hints, and exact worksheet titles. 2. The recorded initial and regression evidence for PROMPT-001 is Passing or Fixed. 3. Any discovered issue for this story has severity, reproduction, root cause, fix status, and retest evidence recorded in this row.","Typing in Teacher intent updates the prompt state and parsed chips without submitting; supported hints include grade, count between 3 and 12, format hints, strand hints, difficulty hints, and exact worksheet titles.",Teacher intent prompt bar in setup/control deck,src/features/worksheet/command-center/setup-panel.tsx; src/features/worksheet/command-center/prompt-parser.ts,"Unsupported words, oversized counts, exact title hints, empty prompt edits, prompt-derived settings reset checks.",Teacher / worksheet creator; no auth or permission gates in scope.,"Unsupported words, oversized counts, exact title hints, empty prompt edits, prompt-derived settings reset checks.",Passing,"passed: Prompt chips reflected grade, count clamp, and difficulty",,,,"Typing in Teacher intent updates the prompt state and parsed chips without submitting; supported hints include grade, count between 3 and 12, format hints, strand hints, difficulty hints, and exact worksheet titles.",Matches expected behavior in the recorded test evidence.,,"passed: Prompt chips reflected grade, count clamp, and difficulty; passed: Prompt chips reflected grade, count clamp, and difficulty",No issue found,,,"passed: Prompt chips reflected grade, count clamp, and difficulty",Passed,No additional notes.,src/features/worksheet/command-center/setup-panel.tsx; src/features/worksheet/command-center/prompt-parser.ts,PROMPT-001,Teacher intent,Prompt entry and parsed chips,"As a teacher, I can describe the worksheet I want in natural language and see detected grade, strand, format, count, and difficulty cues.","Typing in Teacher intent updates the prompt state and parsed chips without submitting; supported hints include grade, count between 3 and 12, format hints, strand hints, difficulty hints, and exact worksheet titles.",src/features/worksheet/command-center/setup-panel.tsx; src/features/worksheet/command-center/prompt-parser.ts,passed,"passed: Prompt chips reflected grade, count clamp, and difficulty",,,"passed: Prompt chips reflected grade, count clamp, and difficulty",No additional notes.
PROMPT-002,Generate from prompt,"Teacher intent: Generate from prompt. Generate applies parsed grade, strand, worksheet type, format, item count, and difficulty when present, normalizes the resulting intent, resets answer/check/lock state, updates the URL, and reports that the worksheet regenerated from teacher intent.",Teacher intent,PROMPT-002,"As a teacher, I can submit the prompt to regenerate the worksheet using parsed controls.","1. Given Teacher intent prompt bar in setup/control deck, when the story is exercised, then Generate applies parsed grade, strand, worksheet type, format, item count, and difficulty when present, normalizes the resulting intent, resets answer/check/lock state, updates the URL, and reports that the worksheet regenerated from teacher intent. 2. The recorded initial and regression evidence for PROMPT-002 is Passing or Fixed. 3. Any discovered issue for this story has severity, reproduction, root cause, fix status, and retest evidence recorded in this row.","Generate applies parsed grade, strand, worksheet type, format, item count, and difficulty when present, normalizes the resulting intent, resets answer/check/lock state, updates the URL, and reports that the worksheet regenerated from teacher intent.",Teacher intent prompt bar in setup/control deck,src/features/worksheet/command-center/WorksheetCommandCenter.tsx; src/features/worksheet/command-center/prompt-parser.ts; src/features/worksheet/command-center/url-state.ts,"Unsupported words, oversized counts, exact title hints, empty prompt edits, prompt-derived settings reset checks.",Teacher / worksheet creator; no auth or permission gates in scope.,"Unsupported words, oversized counts, exact title hints, empty prompt edits, prompt-derived settings reset checks.",Passing,passed: Generate applied parsed prompt to active type and item count,,,,"Generate applies parsed grade, strand, worksheet type, format, item count, and difficulty when present, normalizes the resulting intent, resets answer/check/lock state, updates the URL, and reports that the worksheet regenerated from teacher intent.",Matches expected behavior in the recorded test evidence.,,passed: Generate applied parsed prompt to active type and item count; passed: Generate applied parsed prompt to active type and item count,No issue found,,,passed: Generate applied parsed prompt to active type and item count,Passed,No additional notes.,src/features/worksheet/command-center/WorksheetCommandCenter.tsx; src/features/worksheet/command-center/prompt-parser.ts; src/features/worksheet/command-center/url-state.ts,PROMPT-002,Teacher intent,Generate from prompt,"As a teacher, I can submit the prompt to regenerate the worksheet using parsed controls.","Generate applies parsed grade, strand, worksheet type, format, item count, and difficulty when present, normalizes the resulting intent, resets answer/check/lock state, updates the URL, and reports that the worksheet regenerated from teacher intent.",src/features/worksheet/command-center/WorksheetCommandCenter.tsx; src/features/worksheet/command-center/prompt-parser.ts; src/features/worksheet/command-center/url-state.ts,passed,passed: Generate applied parsed prompt to active type and item count,,,passed: Generate applied parsed prompt to active type and item count,No additional notes.
STATE-001,URL-backed worksheet state,"State and routing: URL-backed worksheet state. Changed prompt, skill query, grade, strand, type, format, count, seed, difficulty, page size, and active panel are encoded as query params only when they differ from defaults; invalid params are safely normalized on load.",State and routing,STATE-001,"As a teacher, I can share or reload a URL and keep the current worksheet setup.","1. Given URL query parameters and browser navigation state, when the story is exercised, then Changed prompt, skill query, grade, strand, type, format, count, seed, difficulty, page size, and active panel are encoded as query params only when they differ from defaults; invalid params are safely normalized on load. 2. The recorded initial and regression evidence for STATE-001 is Passing or Fixed. 3. Any discovered issue for this story has severity, reproduction, root cause, fix status, and retest evidence recorded in this row.","Changed prompt, skill query, grade, strand, type, format, count, seed, difficulty, page size, and active panel are encoded as query params only when they differ from defaults; invalid params are safely normalized on load.",URL query parameters and browser navigation state,src/features/worksheet/command-center/WorksheetCommandCenter.tsx; src/features/worksheet/command-center/url-state.ts,"Invalid URL values, missing params, unsupported type ids, query-param round trips, URL updates without scroll jumps.",Teacher / worksheet creator; no auth or permission gates in scope.,"Invalid URL values, missing params, unsupported type ids, query-param round trips, URL updates without scroll jumps.",Passing,passed: URL params encode generated active type,,,,"Changed prompt, skill query, grade, strand, type, format, count, seed, difficulty, page size, and active panel are encoded as query params only when they differ from defaults; invalid params are safely normalized on load.",Matches expected behavior in the recorded test evidence.,,passed: URL params encode generated active type; passed: URL params encode generated active type,No issue found,,,passed: URL params encode generated active type,Passed,No additional notes.,src/features/worksheet/command-center/WorksheetCommandCenter.tsx; src/features/worksheet/command-center/url-state.ts,STATE-001,State and routing,URL-backed worksheet state,"As a teacher, I can share or reload a URL and keep the current worksheet setup.","Changed prompt, skill query, grade, strand, type, format, count, seed, difficulty, page size, and active panel are encoded as query params only when they differ from defaults; invalid params are safely normalized on load.",src/features/worksheet/command-center/WorksheetCommandCenter.tsx; src/features/worksheet/command-center/url-state.ts,passed,passed: URL params encode generated active type,,,passed: URL params encode generated active type,No additional notes.
SETUP-001,Preset buttons,"Setup controls: Preset buttons. Each preset changes item count, difficulty, and supported format, resets answer state, and leaves unsupported formats unchanged.",Setup controls,SETUP-001,"As a teacher, I can apply common worksheet presets for bell ringer, homework practice, and diagnostic use.","1. Given Setup panel controls: presets, search, grade, strand, generator, format, difficulty, count, seed, page size, when the story is exercised, then Each preset changes item count, difficulty, and supported format, resets answer state, and leaves unsupported formats unchanged. 2. The recorded initial and regression evidence for SETUP-001 is Passing or Fixed. 3. Any discovered issue for this story has severity, reproduction, root cause, fix status, and retest evidence recorded in this row.","Each preset changes item count, difficulty, and supported format, resets answer state, and leaves unsupported formats unchanged.","Setup panel controls: presets, search, grade, strand, generator, format, difficulty, count, seed, page size",src/features/worksheet/command-center/setup-panel.tsx; src/features/worksheet/command-center/WorksheetCommandCenter.tsx,"Zero matching filters, incompatible grade/strand/format combinations, unsupported selected format, min/max item count, seed lower bound.",Teacher / worksheet creator; no auth or permission gates in scope.,"Zero matching filters, incompatible grade/strand/format combinations, unsupported selected format, min/max item count, seed lower bound.",Passing,passed: Bell Ringer preset set count to 5 and status updated,,,,"Each preset changes item count, difficulty, and supported format, resets answer state, and leaves unsupported formats unchanged.",Matches expected behavior in the recorded test evidence.,,passed: Bell Ringer preset set count to 5 and status updated; passed: Bell Ringer preset set count to 5 and status updated,No issue found,,,passed: Bell Ringer preset set count to 5 and status updated,Passed,No additional notes.,src/features/worksheet/command-center/setup-panel.tsx; src/features/worksheet/command-center/WorksheetCommandCenter.tsx,SETUP-001,Setup controls,Preset buttons,"As a teacher, I can apply common worksheet presets for bell ringer, homework practice, and diagnostic use.","Each preset changes item count, difficulty, and supported format, resets answer state, and leaves unsupported formats unchanged.",src/features/worksheet/command-center/setup-panel.tsx; src/features/worksheet/command-center/WorksheetCommandCenter.tsx,passed,passed: Bell Ringer preset set count to 5 and status updated,,,passed: Bell Ringer preset set count to 5 and status updated,No additional notes.
SETUP-002,Skill search,"Setup controls: Skill search. Skill search filters worksheet types by text query and combines with grade, strand, and format filters; the generator list shows up to six matching entries and the visible count.",Setup controls,SETUP-002,"As a teacher, I can search the generator catalog by skill, topic, format, controls, or validation terms.","1. Given Setup panel controls: presets, search, grade, strand, generator, format, difficulty, count, seed, page size, when the story is exercised, then Skill search filters worksheet types by text query and combines with grade, strand, and format filters; the generator list shows up to six matching entries and the visible count. 2. The recorded initial and regression evidence for SETUP-002 is Passing or Fixed. 3. Any discovered issue for this story has severity, reproduction, root cause, fix status, and retest evidence recorded in this row.","Skill search filters worksheet types by text query and combines with grade, strand, and format filters; the generator list shows up to six matching entries and the visible count.","Setup panel controls: presets, search, grade, strand, generator, format, difficulty, count, seed, page size",src/features/worksheet/filtering.ts; src/features/worksheet/command-center/setup-panel.tsx; src/features/worksheet/command-center/WorksheetCommandCenter.tsx,"Zero matching filters, incompatible grade/strand/format combinations, unsupported selected format, min/max item count, seed lower bound.",Teacher / worksheet creator; no auth or permission gates in scope.,"Zero matching filters, incompatible grade/strand/format combinations, unsupported selected format, min/max item count, seed lower bound.",Fixed,"passed: Skill search result count displayed:  Showing 0 of 0 | passed: Incompatible filters show an explicit no-match state instead of unrelated generators (visibleTypes=0; result= Showing 0 of 0; body=Worksheet UniverseMixed Operations Practice / 5 questions / seed 42Teacher intentGrade 2 addition facts fluency exit ticket with 20 problems hardGenerateGrade 2Operations and FluencyQuick Check12 questionsChallengeSetupBuild targetResetBell Ringer5 minutesHomework Practicesteady practiceDiagnosticincreasing demandSkill searchExact gradePre-KK123456789101112Topic strandOperations and FluencyGeneratorSelectedMixed Operations PracticeMix addition, subtraction, multiplication, and division by grade )",ISSUE-SETUP-002,Medium,1. Open the command center. 2. Enter a skill search that conflicts with the selected grade/strand/format. 3. Observe the generator list and result count.,"Skill search filters worksheet types by text query and combines with grade, strand, and format filters; the generator list shows up to six matching entries and the visible count.","Before fix, zero matching filters fell back to the full catalog and exposed unrelated generator choices; after fix, the list remains empty with a no-match message.",WorksheetCommandCenter replaced an empty filtered generator result with the full worksheetTypes catalog.,"passed: Skill search result count displayed:  Showing 0 of 0 | passed: Incompatible filters show an explicit no-match state instead of unrelated generators (visibleTypes=0; result= Showing 0 of 0; body=Worksheet UniverseMixed Operations Practice / 5 questions / seed 42Teacher intentGrade 2 addition facts fluency exit ticket with 20 problems hardGenerateGrade 2Operations and FluencyQuick Check12 questionsChallengeSetupBuild targetResetBell Ringer5 minutesHomework Practicesteady practiceDiagnosticincreasing demandSkill searchExact gradePre-KK123456789101112Topic strandOperations and FluencyGeneratorSelectedMixed Operations PracticeMix addition, subtraction, multiplication, and division by grade ); Post-fix DOM harness passed: incompatible filters now show 0 matches and the no-match state instead of unrelated generators.",Fixed and regression-tested,"Removed the all-catalog fallback from visibleTypes and added an explicit empty generator state: ""No generators match these filters.""",Added an explicit no-match empty state instead of silently showing incompatible choices.,Post-fix DOM harness passed: incompatible filters now show 0 matches and the no-match state instead of unrelated generators.,Passed,No additional notes.,src/features/worksheet/filtering.ts; src/features/worksheet/command-center/setup-panel.tsx; src/features/worksheet/command-center/WorksheetCommandCenter.tsx,SETUP-002,Setup controls,Skill search,"As a teacher, I can search the generator catalog by skill, topic, format, controls, or validation terms.","Skill search filters worksheet types by text query and combines with grade, strand, and format filters; the generator list shows up to six matching entries and the visible count.",src/features/worksheet/filtering.ts; src/features/worksheet/command-center/setup-panel.tsx; src/features/worksheet/command-center/WorksheetCommandCenter.tsx,passed,"passed: Skill search result count displayed:  Showing 0 of 0 | passed: Incompatible filters show an explicit no-match state instead of unrelated generators (visibleTypes=0; result= Showing 0 of 0; body=Worksheet UniverseMixed Operations Practice / 5 questions / seed 42Teacher intentGrade 2 addition facts fluency exit ticket with 20 problems hardGenerateGrade 2Operations and FluencyQuick Check12 questionsChallengeSetupBuild targetResetBell Ringer5 minutesHomework Practicesteady practiceDiagnosticincreasing demandSkill searchExact gradePre-KK123456789101112Topic strandOperations and FluencyGeneratorSelectedMixed Operations PracticeMix addition, subtraction, multiplication, and division by grade )","Initial DOM harness exposed a UX/logistics defect: when filters had zero matching generators, the command center fell back to the full catalog and exposed incompatible generator choices.","Removed the all-catalog fallback from visibleTypes and added an explicit empty generator state: ""No generators match these filters.""",Post-fix DOM harness passed: incompatible filters now show 0 matches and the no-match state instead of unrelated generators.,No additional notes.
SETUP-003,Exact grade filter,"Setup controls: Exact grade filter. Selecting a grade normalizes the active worksheet type to one that supports that grade, filters available generators, resets answers/checks/locks, and updates the URL.",Setup controls,SETUP-003,"As a teacher, I can choose an exact grade from Pre-K through 12.","1. Given Setup panel controls: presets, search, grade, strand, generator, format, difficulty, count, seed, page size, when the story is exercised, then Selecting a grade normalizes the active worksheet type to one that supports that grade, filters available generators, resets answers/checks/locks, and updates the URL. 2. The recorded initial and regression evidence for SETUP-003 is Passing or Fixed. 3. Any discovered issue for this story has severity, reproduction, root cause, fix status, and retest evidence recorded in this row.","Selecting a grade normalizes the active worksheet type to one that supports that grade, filters available generators, resets answers/checks/locks, and updates the URL.","Setup panel controls: presets, search, grade, strand, generator, format, difficulty, count, seed, page size",src/features/worksheet/catalog.ts; src/features/worksheet/command-center/setup-panel.tsx; src/features/worksheet/command-center/url-state.ts,"Zero matching filters, incompatible grade/strand/format combinations, unsupported selected format, min/max item count, seed lower bound.",Teacher / worksheet creator; no auth or permission gates in scope.,"Zero matching filters, incompatible grade/strand/format combinations, unsupported selected format, min/max item count, seed lower bound.",Passing,passed: Grade 4 button updated normalized intent,,,,"Selecting a grade normalizes the active worksheet type to one that supports that grade, filters available generators, resets answers/checks/locks, and updates the URL.",Matches expected behavior in the recorded test evidence.,,passed: Grade 4 button updated normalized intent; passed: Grade 4 button updated normalized intent,No issue found,,,passed: Grade 4 button updated normalized intent,Passed,No additional notes.,src/features/worksheet/catalog.ts; src/features/worksheet/command-center/setup-panel.tsx; src/features/worksheet/command-center/url-state.ts,SETUP-003,Setup controls,Exact grade filter,"As a teacher, I can choose an exact grade from Pre-K through 12.","Selecting a grade normalizes the active worksheet type to one that supports that grade, filters available generators, resets answers/checks/locks, and updates the URL.",src/features/worksheet/catalog.ts; src/features/worksheet/command-center/setup-panel.tsx; src/features/worksheet/command-center/url-state.ts,passed,passed: Grade 4 button updated normalized intent,,,passed: Grade 4 button updated normalized intent,No additional notes.
SETUP-004,Topic strand filter,"Setup controls: Topic strand filter. Selecting a strand normalizes the active type to that strand when possible, filters visible generators, resets answer state, and encodes the selection in the URL.",Setup controls,SETUP-004,"As a teacher, I can choose a math strand or all strands.","1. Given Setup panel controls: presets, search, grade, strand, generator, format, difficulty, count, seed, page size, when the story is exercised, then Selecting a strand normalizes the active type to that strand when possible, filters visible generators, resets answer state, and encodes the selection in the URL. 2. The recorded initial and regression evidence for SETUP-004 is Passing or Fixed. 3. Any discovered issue for this story has severity, reproduction, root cause, fix status, and retest evidence recorded in this row.","Selecting a strand normalizes the active type to that strand when possible, filters visible generators, resets answer state, and encodes the selection in the URL.","Setup panel controls: presets, search, grade, strand, generator, format, difficulty, count, seed, page size",src/features/worksheet/catalog.ts; src/features/worksheet/filtering.ts; src/features/worksheet/command-center/setup-panel.tsx; src/features/worksheet/command-center/url-state.ts,"Zero matching filters, incompatible grade/strand/format combinations, unsupported selected format, min/max item count, seed lower bound.",Teacher / worksheet creator; no auth or permission gates in scope.,"Zero matching filters, incompatible grade/strand/format combinations, unsupported selected format, min/max item count, seed lower bound.",Passing,Passed: node scripts/agent-validate.mjs; node tests/fixtures/validate-fixtures.mjs; npm run lint; npm run typecheck after build generated Next types; npm run test; npm run test:generators; npm run build.,,,,"Selecting a strand normalizes the active type to that strand when possible, filters visible generators, resets answer state, and encodes the selection in the URL.",Matches expected behavior in the recorded test evidence.,,Passed: node scripts/agent-validate.mjs; node tests/fixtures/validate-fixtures.mjs; npm run lint; npm run typecheck after build generated Next types; npm run test; npm run test:generators; npm run build.; Post-fix required checks passed where applicable.,No issue found,,,Post-fix required checks passed where applicable.,Passed,No additional notes.,src/features/worksheet/catalog.ts; src/features/worksheet/filtering.ts; src/features/worksheet/command-center/setup-panel.tsx; src/features/worksheet/command-center/url-state.ts,SETUP-004,Setup controls,Topic strand filter,"As a teacher, I can choose a math strand or all strands.","Selecting a strand normalizes the active type to that strand when possible, filters visible generators, resets answer state, and encodes the selection in the URL.",src/features/worksheet/catalog.ts; src/features/worksheet/filtering.ts; src/features/worksheet/command-center/setup-panel.tsx; src/features/worksheet/command-center/url-state.ts,passed,Passed: node scripts/agent-validate.mjs; node tests/fixtures/validate-fixtures.mjs; npm run lint; npm run typecheck after build generated Next types; npm run test; npm run test:generators; npm run build.,,,Post-fix required checks passed where applicable.,No additional notes.
SETUP-005,Generator selection,"Setup controls: Generator selection. Clicking a generator makes it active, aligns the strand, preserves the current format only if the selected generator supports it, otherwise chooses that generator default format, and resets answer state.",Setup controls,SETUP-005,"As a teacher, I can select a specific matching generator from the setup panel.","1. Given Setup panel controls: presets, search, grade, strand, generator, format, difficulty, count, seed, page size, when the story is exercised, then Clicking a generator makes it active, aligns the strand, preserves the current format only if the selected generator supports it, otherwise chooses that generator default format, and resets answer state. 2. The recorded initial and regression evidence for SETUP-005 is Passing or Fixed. 3. Any discovered issue for this story has severity, reproduction, root cause, fix status, and retest evidence recorded in this row.","Clicking a generator makes it active, aligns the strand, preserves the current format only if the selected generator supports it, otherwise chooses that generator default format, and resets answer state.","Setup panel controls: presets, search, grade, strand, generator, format, difficulty, count, seed, page size",src/features/worksheet/catalog.ts; src/features/worksheet/command-center/setup-panel.tsx; src/features/worksheet/command-center/WorksheetCommandCenter.tsx,"Zero matching filters, incompatible grade/strand/format combinations, unsupported selected format, min/max item count, seed lower bound.",Teacher / worksheet creator; no auth or permission gates in scope.,"Zero matching filters, incompatible grade/strand/format combinations, unsupported selected format, min/max item count, seed lower bound.",Fixed,passed: Generator selection activated Fraction Models and Manipulatives,ISSUE-SETUP-005,Medium,1. Open the command center. 2. Apply incompatible filters that previously produced zero real matches. 3. Attempt to choose a generator from the fallback list.,"Clicking a generator makes it active, aligns the strand, preserves the current format only if the selected generator supports it, otherwise chooses that generator default format, and resets answer state.","Before fix, generator selection could appear valid from an incompatible fallback result; after fix, only matching generators are clickable.",Secondary effect of the SETUP-002 fallback behavior; incompatible fallback rows looked selectable.,passed: Generator selection activated Fraction Models and Manipulatives; Post-fix DOM harness passed: generator selection activated Fraction Models and Manipulatives after filters were reset to a valid state.,Fixed and regression-tested,Fixed through SETUP-002 no-match behavior so only valid filtered generator options are clickable.,Generator choices now stay constrained to valid filter results.,Post-fix DOM harness passed: generator selection activated Fraction Models and Manipulatives after filters were reset to a valid state.,Passed,No additional notes.,src/features/worksheet/catalog.ts; src/features/worksheet/command-center/setup-panel.tsx; src/features/worksheet/command-center/WorksheetCommandCenter.tsx,SETUP-005,Setup controls,Generator selection,"As a teacher, I can select a specific matching generator from the setup panel.","Clicking a generator makes it active, aligns the strand, preserves the current format only if the selected generator supports it, otherwise chooses that generator default format, and resets answer state.",src/features/worksheet/catalog.ts; src/features/worksheet/command-center/setup-panel.tsx; src/features/worksheet/command-center/WorksheetCommandCenter.tsx,passed,passed: Generator selection activated Fraction Models and Manipulatives,Generator selection could appear to choose an incompatible generator because SETUP-002 showed unrelated fallback results.,Fixed through SETUP-002 no-match behavior so only valid filtered generator options are clickable.,Post-fix DOM harness passed: generator selection activated Fraction Models and Manipulatives after filters were reset to a valid state.,No additional notes.
SETUP-006,Format selection,"Setup controls: Format selection. The format selector contains only formats supported by the active generator and changing it regenerates the worksheet with matching directions, layout classes, metadata, and answer key count.",Setup controls,SETUP-006,"As a teacher, I can choose among the active generator formats.","1. Given Setup panel controls: presets, search, grade, strand, generator, format, difficulty, count, seed, page size, when the story is exercised, then The format selector contains only formats supported by the active generator and changing it regenerates the worksheet with matching directions, layout classes, metadata, and answer key count. 2. The recorded initial and regression evidence for SETUP-006 is Passing or Fixed. 3. Any discovered issue for this story has severity, reproduction, root cause, fix status, and retest evidence recorded in this row.","The format selector contains only formats supported by the active generator and changing it regenerates the worksheet with matching directions, layout classes, metadata, and answer key count.","Setup panel controls: presets, search, grade, strand, generator, format, difficulty, count, seed, page size",src/features/worksheet/catalog.ts; src/features/worksheet/generator.ts; src/features/worksheet/command-center/setup-panel.tsx,"Zero matching filters, incompatible grade/strand/format combinations, unsupported selected format, min/max item count, seed lower bound.",Teacher / worksheet creator; no auth or permission gates in scope.,"Zero matching filters, incompatible grade/strand/format combinations, unsupported selected format, min/max item count, seed lower bound.",Passing,"npm run test passed frontend workflow tests for filtering, prompt parsing, URL state, generation, format switching, answer audit/checking, and seed behavior.",,,,"The format selector contains only formats supported by the active generator and changing it regenerates the worksheet with matching directions, layout classes, metadata, and answer key count.",Matches expected behavior in the recorded test evidence.,,"npm run test passed frontend workflow tests for filtering, prompt parsing, URL state, generation, format switching, answer audit/checking, and seed behavior.; npm run test passed frontend workflow tests for filtering, prompt parsing, URL state, generation, format switching, answer audit/checking, and seed behavior.",No issue found,,,"npm run test passed frontend workflow tests for filtering, prompt parsing, URL state, generation, format switching, answer audit/checking, and seed behavior.",Passed,No additional notes.,src/features/worksheet/catalog.ts; src/features/worksheet/generator.ts; src/features/worksheet/command-center/setup-panel.tsx,SETUP-006,Setup controls,Format selection,"As a teacher, I can choose among the active generator formats.","The format selector contains only formats supported by the active generator and changing it regenerates the worksheet with matching directions, layout classes, metadata, and answer key count.",src/features/worksheet/catalog.ts; src/features/worksheet/generator.ts; src/features/worksheet/command-center/setup-panel.tsx,passed,"npm run test passed frontend workflow tests for filtering, prompt parsing, URL state, generation, format switching, answer audit/checking, and seed behavior.",,,"npm run test passed frontend workflow tests for filtering, prompt parsing, URL state, generation, format switching, answer audit/checking, and seed behavior.",No additional notes.
SETUP-007,Difficulty target,"Setup controls: Difficulty target. Difficulty accepts readiness, core, or challenge, participates in prompt parsing and presets, is preserved in URL state, and does not break worksheet generation.",Setup controls,SETUP-007,"As a teacher, I can set the intended difficulty target.","1. Given Setup panel controls: presets, search, grade, strand, generator, format, difficulty, count, seed, page size, when the story is exercised, then Difficulty accepts readiness, core, or challenge, participates in prompt parsing and presets, is preserved in URL state, and does not break worksheet generation. 2. The recorded initial and regression evidence for SETUP-007 is Passing or Fixed. 3. Any discovered issue for this story has severity, reproduction, root cause, fix status, and retest evidence recorded in this row.","Difficulty accepts readiness, core, or challenge, participates in prompt parsing and presets, is preserved in URL state, and does not break worksheet generation.","Setup panel controls: presets, search, grade, strand, generator, format, difficulty, count, seed, page size",src/features/worksheet/command-center/setup-panel.tsx; src/features/worksheet/command-center/prompt-parser.ts; src/features/worksheet/command-center/url-state.ts,"Zero matching filters, incompatible grade/strand/format combinations, unsupported selected format, min/max item count, seed lower bound.",Teacher / worksheet creator; no auth or permission gates in scope.,"Zero matching filters, incompatible grade/strand/format combinations, unsupported selected format, min/max item count, seed lower bound.",Passing,"npm run test passed frontend workflow tests for filtering, prompt parsing, URL state, generation, format switching, answer audit/checking, and seed behavior.",,,,"Difficulty accepts readiness, core, or challenge, participates in prompt parsing and presets, is preserved in URL state, and does not break worksheet generation.",Matches expected behavior in the recorded test evidence.,,"npm run test passed frontend workflow tests for filtering, prompt parsing, URL state, generation, format switching, answer audit/checking, and seed behavior.; npm run test passed frontend workflow tests for filtering, prompt parsing, URL state, generation, format switching, answer audit/checking, and seed behavior.",No issue found,,,"npm run test passed frontend workflow tests for filtering, prompt parsing, URL state, generation, format switching, answer audit/checking, and seed behavior.",Passed,No additional notes.,src/features/worksheet/command-center/setup-panel.tsx; src/features/worksheet/command-center/prompt-parser.ts; src/features/worksheet/command-center/url-state.ts,SETUP-007,Setup controls,Difficulty target,"As a teacher, I can set the intended difficulty target.","Difficulty accepts readiness, core, or challenge, participates in prompt parsing and presets, is preserved in URL state, and does not break worksheet generation.",src/features/worksheet/command-center/setup-panel.tsx; src/features/worksheet/command-center/prompt-parser.ts; src/features/worksheet/command-center/url-state.ts,passed,"npm run test passed frontend workflow tests for filtering, prompt parsing, URL state, generation, format switching, answer audit/checking, and seed behavior.",,,"npm run test passed frontend workflow tests for filtering, prompt parsing, URL state, generation, format switching, answer audit/checking, and seed behavior.",No additional notes.
SETUP-008,Question count,Setup controls: Question count. The question count input accepts numbers and is normalized to 3 through 12; generation and answer key lengths match the normalized count.,Setup controls,SETUP-008,"As a teacher, I can control how many questions are generated.","1. Given Setup panel controls: presets, search, grade, strand, generator, format, difficulty, count, seed, page size, when the story is exercised, then The question count input accepts numbers and is normalized to 3 through 12; generation and answer key lengths match the normalized count. 2. The recorded initial and regression evidence for SETUP-008 is Passing or Fixed. 3. Any discovered issue for this story has severity, reproduction, root cause, fix status, and retest evidence recorded in this row.",The question count input accepts numbers and is normalized to 3 through 12; generation and answer key lengths match the normalized count.,"Setup panel controls: presets, search, grade, strand, generator, format, difficulty, count, seed, page size",src/features/worksheet/command-center/setup-panel.tsx; src/features/worksheet/generator.ts; src/features/worksheet/command-center/url-state.ts,"Zero matching filters, incompatible grade/strand/format combinations, unsupported selected format, min/max item count, seed lower bound.",Teacher / worksheet creator; no auth or permission gates in scope.,"Zero matching filters, incompatible grade/strand/format combinations, unsupported selected format, min/max item count, seed lower bound.",Passing,passed: Question count normalized to 12,,,,The question count input accepts numbers and is normalized to 3 through 12; generation and answer key lengths match the normalized count.,Matches expected behavior in the recorded test evidence.,,passed: Question count normalized to 12; passed: Question count normalized to 12,No issue found,,,passed: Question count normalized to 12,Passed,No additional notes.,src/features/worksheet/command-center/setup-panel.tsx; src/features/worksheet/generator.ts; src/features/worksheet/command-center/url-state.ts,SETUP-008,Setup controls,Question count,"As a teacher, I can control how many questions are generated.",The question count input accepts numbers and is normalized to 3 through 12; generation and answer key lengths match the normalized count.,src/features/worksheet/command-center/setup-panel.tsx; src/features/worksheet/generator.ts; src/features/worksheet/command-center/url-state.ts,passed,passed: Question count normalized to 12,,,passed: Question count normalized to 12,No additional notes.
SETUP-009,Seed control,"Setup controls: Seed control. The seed input is rounded and clamped to at least 1, contributes to deterministic generation, appears in worksheet lineage metadata, and changes the worksheet id/content.",Setup controls,SETUP-009,"As a teacher, I can use a seed to reproduce a worksheet version.","1. Given Setup panel controls: presets, search, grade, strand, generator, format, difficulty, count, seed, page size, when the story is exercised, then The seed input is rounded and clamped to at least 1, contributes to deterministic generation, appears in worksheet lineage metadata, and changes the worksheet id/content. 2. The recorded initial and regression evidence for SETUP-009 is Passing or Fixed. 3. Any discovered issue for this story has severity, reproduction, root cause, fix status, and retest evidence recorded in this row.","The seed input is rounded and clamped to at least 1, contributes to deterministic generation, appears in worksheet lineage metadata, and changes the worksheet id/content.","Setup panel controls: presets, search, grade, strand, generator, format, difficulty, count, seed, page size",src/features/worksheet/command-center/setup-panel.tsx; src/features/worksheet/generator.ts; src/features/worksheet/command-center/url-state.ts,"Zero matching filters, incompatible grade/strand/format combinations, unsupported selected format, min/max item count, seed lower bound.",Teacher / worksheet creator; no auth or permission gates in scope.,"Zero matching filters, incompatible grade/strand/format combinations, unsupported selected format, min/max item count, seed lower bound.",Passing,passed: Seed 99999 wrapped to 1 after making another,,,,"The seed input is rounded and clamped to at least 1, contributes to deterministic generation, appears in worksheet lineage metadata, and changes the worksheet id/content.",Matches expected behavior in the recorded test evidence.,,passed: Seed 99999 wrapped to 1 after making another; passed: Seed 99999 wrapped to 1 after making another,No issue found,,,passed: Seed 99999 wrapped to 1 after making another,Passed,No additional notes.,src/features/worksheet/command-center/setup-panel.tsx; src/features/worksheet/generator.ts; src/features/worksheet/command-center/url-state.ts,SETUP-009,Setup controls,Seed control,"As a teacher, I can use a seed to reproduce a worksheet version.","The seed input is rounded and clamped to at least 1, contributes to deterministic generation, appears in worksheet lineage metadata, and changes the worksheet id/content.",src/features/worksheet/command-center/setup-panel.tsx; src/features/worksheet/generator.ts; src/features/worksheet/command-center/url-state.ts,passed,passed: Seed 99999 wrapped to 1 after making another,,,passed: Seed 99999 wrapped to 1 after making another,No additional notes.
SETUP-010,Page size,"Setup controls: Page size. Page size accepts letter or a4, is restored from URL state, and changes the worksheet page class used by student and answer-key pages.",Setup controls,SETUP-010,"As a teacher, I can switch the preview and print target between Letter and A4.","1. Given Setup panel controls: presets, search, grade, strand, generator, format, difficulty, count, seed, page size, when the story is exercised, then Page size accepts letter or a4, is restored from URL state, and changes the worksheet page class used by student and answer-key pages. 2. The recorded initial and regression evidence for SETUP-010 is Passing or Fixed. 3. Any discovered issue for this story has severity, reproduction, root cause, fix status, and retest evidence recorded in this row.","Page size accepts letter or a4, is restored from URL state, and changes the worksheet page class used by student and answer-key pages.","Setup panel controls: presets, search, grade, strand, generator, format, difficulty, count, seed, page size",src/features/worksheet/command-center/setup-panel.tsx; src/features/worksheet/command-center/url-state.ts; src/features/worksheet/command-center/worksheet-preview.tsx,"Zero matching filters, incompatible grade/strand/format combinations, unsupported selected format, min/max item count, seed lower bound.",Teacher / worksheet creator; no auth or permission gates in scope.,"Zero matching filters, incompatible grade/strand/format combinations, unsupported selected format, min/max item count, seed lower bound.",Passing,passed: A4 page class applied after page size update,,,,"Page size accepts letter or a4, is restored from URL state, and changes the worksheet page class used by student and answer-key pages.",Matches expected behavior in the recorded test evidence.,,passed: A4 page class applied after page size update; passed: A4 page class applied after page size update,No issue found,,,passed: A4 page class applied after page size update,Passed,No additional notes.,src/features/worksheet/command-center/setup-panel.tsx; src/features/worksheet/command-center/url-state.ts; src/features/worksheet/command-center/worksheet-preview.tsx,SETUP-010,Setup controls,Page size,"As a teacher, I can switch the preview and print target between Letter and A4.","Page size accepts letter or a4, is restored from URL state, and changes the worksheet page class used by student and answer-key pages.",src/features/worksheet/command-center/setup-panel.tsx; src/features/worksheet/command-center/url-state.ts; src/features/worksheet/command-center/worksheet-preview.tsx,passed,passed: A4 page class applied after page size update,,,passed: A4 page class applied after page size update,No additional notes.
SETUP-011,Reset defaults,"Setup controls: Reset defaults. Reset restores the default fraction-model visual worksheet intent, replaces the URL, clears answers/checks/locks, and announces that the default command center loaded.",Setup controls,SETUP-011,"As a teacher, I can reset the command center to the default worksheet setup.","1. Given Setup panel controls: presets, search, grade, strand, generator, format, difficulty, count, seed, page size, when the story is exercised, then Reset restores the default fraction-model visual worksheet intent, replaces the URL, clears answers/checks/locks, and announces that the default command center loaded. 2. The recorded initial and regression evidence for SETUP-011 is Passing or Fixed. 3. Any discovered issue for this story has severity, reproduction, root cause, fix status, and retest evidence recorded in this row.","Reset restores the default fraction-model visual worksheet intent, replaces the URL, clears answers/checks/locks, and announces that the default command center loaded.","Setup panel controls: presets, search, grade, strand, generator, format, difficulty, count, seed, page size",src/features/worksheet/command-center/setup-panel.tsx; src/features/worksheet/command-center/WorksheetCommandCenter.tsx; src/features/worksheet/command-center/url-state.ts,"Zero matching filters, incompatible grade/strand/format combinations, unsupported selected format, min/max item count, seed lower bound.",Teacher / worksheet creator; no auth or permission gates in scope.,"Zero matching filters, incompatible grade/strand/format combinations, unsupported selected format, min/max item count, seed lower bound.",Passing,passed: Reset restored default fraction model generator,,,,"Reset restores the default fraction-model visual worksheet intent, replaces the URL, clears answers/checks/locks, and announces that the default command center loaded.",Matches expected behavior in the recorded test evidence.,,passed: Reset restored default fraction model generator; passed: Reset restored default fraction model generator,No issue found,,,passed: Reset restored default fraction model generator,Passed,No additional notes.,src/features/worksheet/command-center/setup-panel.tsx; src/features/worksheet/command-center/WorksheetCommandCenter.tsx; src/features/worksheet/command-center/url-state.ts,SETUP-011,Setup controls,Reset defaults,"As a teacher, I can reset the command center to the default worksheet setup.","Reset restores the default fraction-model visual worksheet intent, replaces the URL, clears answers/checks/locks, and announces that the default command center loaded.",src/features/worksheet/command-center/setup-panel.tsx; src/features/worksheet/command-center/WorksheetCommandCenter.tsx; src/features/worksheet/command-center/url-state.ts,passed,passed: Reset restored default fraction model generator,,,passed: Reset restored default fraction model generator,No additional notes.
VERSION-001,Make another worksheet version,"Versioning: Make another worksheet version. New version and Make another increment the deterministic seed, wrap from 99999 to 1, regenerate the worksheet, reset answer state, update the URL, and announce that a new deterministic version was generated.",Versioning,VERSION-001,"As a teacher, I can make another version with the same settings.","1. Given New version / Make another actions, when the story is exercised, then New version and Make another increment the deterministic seed, wrap from 99999 to 1, regenerate the worksheet, reset answer state, update the URL, and announce that a new deterministic version was generated. 2. The recorded initial and regression evidence for VERSION-001 is Passing or Fixed. 3. Any discovered issue for this story has severity, reproduction, root cause, fix status, and retest evidence recorded in this row.","New version and Make another increment the deterministic seed, wrap from 99999 to 1, regenerate the worksheet, reset answer state, update the URL, and announce that a new deterministic version was generated.",New version / Make another actions,src/features/worksheet/command-center/WorksheetCommandCenter.tsx; src/features/worksheet/command-center/url-state.ts,"Seed increment, answer/check/lock reset, deterministic regeneration, preserving worksheet settings.",Teacher / worksheet creator; no auth or permission gates in scope.,"Seed increment, answer/check/lock reset, deterministic regeneration, preserving worksheet settings.",Passing,passed: Make another regenerated worksheet and updated status,,,,"New version and Make another increment the deterministic seed, wrap from 99999 to 1, regenerate the worksheet, reset answer state, update the URL, and announce that a new deterministic version was generated.",Matches expected behavior in the recorded test evidence.,,passed: Make another regenerated worksheet and updated status; passed: Make another regenerated worksheet and updated status,No issue found,,,passed: Make another regenerated worksheet and updated status,Passed,No additional notes.,src/features/worksheet/command-center/WorksheetCommandCenter.tsx; src/features/worksheet/command-center/url-state.ts,VERSION-001,Versioning,Make another worksheet version,"As a teacher, I can make another version with the same settings.","New version and Make another increment the deterministic seed, wrap from 99999 to 1, regenerate the worksheet, reset answer state, update the URL, and announce that a new deterministic version was generated.",src/features/worksheet/command-center/WorksheetCommandCenter.tsx; src/features/worksheet/command-center/url-state.ts,passed,passed: Make another regenerated worksheet and updated status,,,passed: Make another regenerated worksheet and updated status,No additional notes.
PREVIEW-001,Student worksheet preview,"Worksheet preview: Student worksheet preview. The preview shows title, topic, grade band, format, name/date fields, directions, section title, numbered questions, generated content blocks, workspace, and answer lines compiled from the Worksheet JSON.",Worksheet preview,PREVIEW-001,"As a teacher, I can inspect the student worksheet before printing.","1. Given Live worksheet preview and per-question answer checker, when the story is exercised, then The preview shows title, topic, grade band, format, name/date fields, directions, section title, numbered questions, generated content blocks, workspace, and answer lines compiled from the Worksheet JSON. 2. The recorded initial and regression evidence for PREVIEW-001 is Passing or Fixed. 3. Any discovered issue for this story has severity, reproduction, root cause, fix status, and retest evidence recorded in this row.","The preview shows title, topic, grade band, format, name/date fields, directions, section title, numbered questions, generated content blocks, workspace, and answer lines compiled from the Worksheet JSON.",Live worksheet preview and per-question answer checker,src/features/worksheet/command-center/worksheet-preview.tsx; src/features/worksheet/generator.ts; src/types/worksheet.d.ts,"Unsupported content block kinds, empty answers, incorrect answers, locked questions, print-only rendering, page-size switch.",Teacher / worksheet creator; no auth or permission gates in scope.,"Unsupported content block kinds, empty answers, incorrect answers, locked questions, print-only rendering, page-size switch.",Passing,passed: Student preview rendered worksheet header and content,,,,"The preview shows title, topic, grade band, format, name/date fields, directions, section title, numbered questions, generated content blocks, workspace, and answer lines compiled from the Worksheet JSON.",Matches expected behavior in the recorded test evidence.,,passed: Student preview rendered worksheet header and content; passed: Student preview rendered worksheet header and content,No issue found,,,passed: Student preview rendered worksheet header and content,Passed,No additional notes.,src/features/worksheet/command-center/worksheet-preview.tsx; src/features/worksheet/generator.ts; src/types/worksheet.d.ts,PREVIEW-001,Worksheet preview,Student worksheet preview,"As a teacher, I can inspect the student worksheet before printing.","The preview shows title, topic, grade band, format, name/date fields, directions, section title, numbered questions, generated content blocks, workspace, and answer lines compiled from the Worksheet JSON.",src/features/worksheet/command-center/worksheet-preview.tsx; src/features/worksheet/generator.ts; src/types/worksheet.d.ts,passed,passed: Student preview rendered worksheet header and content,,,passed: Student preview rendered worksheet header and content,No additional notes.
PREVIEW-002,Visual and content block rendering,"Worksheet preview: Visual and content block rendering. Supported blocks render text prompts, math text, tables, dot visuals, fraction bars, visual placeholders, workspace boxes, answer lines, and choices without breaking the page.",Worksheet preview,PREVIEW-002,"As a teacher, I can preview generated math visuals and response surfaces.","1. Given Live worksheet preview and per-question answer checker, when the story is exercised, then Supported blocks render text prompts, math text, tables, dot visuals, fraction bars, visual placeholders, workspace boxes, answer lines, and choices without breaking the page. 2. The recorded initial and regression evidence for PREVIEW-002 is Passing or Fixed. 3. Any discovered issue for this story has severity, reproduction, root cause, fix status, and retest evidence recorded in this row.","Supported blocks render text prompts, math text, tables, dot visuals, fraction bars, visual placeholders, workspace boxes, answer lines, and choices without breaking the page.",Live worksheet preview and per-question answer checker,src/features/worksheet/command-center/worksheet-preview.tsx; src/types/worksheet.d.ts,"Unsupported content block kinds, empty answers, incorrect answers, locked questions, print-only rendering, page-size switch.",Teacher / worksheet creator; no auth or permission gates in scope.,"Unsupported content block kinds, empty answers, incorrect answers, locked questions, print-only rendering, page-size switch.",Passing,passed: Fraction visual block rendered in preview,,,,"Supported blocks render text prompts, math text, tables, dot visuals, fraction bars, visual placeholders, workspace boxes, answer lines, and choices without breaking the page.",Matches expected behavior in the recorded test evidence.,,passed: Fraction visual block rendered in preview; passed: Fraction visual block rendered in preview,No issue found,,,passed: Fraction visual block rendered in preview,Passed,No additional notes.,src/features/worksheet/command-center/worksheet-preview.tsx; src/types/worksheet.d.ts,PREVIEW-002,Worksheet preview,Visual and content block rendering,"As a teacher, I can preview generated math visuals and response surfaces.","Supported blocks render text prompts, math text, tables, dot visuals, fraction bars, visual placeholders, workspace boxes, answer lines, and choices without breaking the page.",src/features/worksheet/command-center/worksheet-preview.tsx; src/types/worksheet.d.ts,passed,passed: Fraction visual block rendered in preview,,,passed: Fraction visual block rendered in preview,No additional notes.
PREVIEW-003,Per-question digital check,"Worksheet preview: Per-question digital check. Each question keeps digital answer checking behind a Digital answer check disclosure in the worksheet preview. Expanding it shows a labeled answer input, Check button, and feedback. Empty answers report unanswered, correct answers report Correct, incorrect answers show generator feedback, and the question status ring updates.",Worksheet preview,PREVIEW-003,"As a teacher or student, I can enter an answer for one question and check it immediately.","1. Given Live worksheet preview and per-question answer checker, when the story is exercised, then Each question keeps digital answer checking behind a Digital answer check disclosure in the worksheet preview. Expanding it shows a labeled answer input, Check button, and feedback. Empty answers report unanswered, correct answers report Correct, incorrect answers show generator feedback, and the question status ring updates. 2. The recorded initial and regression evidence for PREVIEW-003 is Passing or Fixed. 3. Any discovered issue for this story has severity, reproduction, root cause, fix status, and retest evidence recorded in this row.","Each question keeps digital answer checking behind a Digital answer check disclosure in the worksheet preview. Expanding it shows a labeled answer input, Check button, and feedback. Empty answers report unanswered, correct answers report Correct, incorrect answers show generator feedback, and the question status ring updates.",Live worksheet preview and per-question answer checker,src/features/worksheet/command-center/worksheet-preview.tsx; src/features/worksheet/generator.ts,"Unsupported content block kinds, empty answers, incorrect answers, locked questions, print-only rendering, page-size switch.",Teacher / worksheet creator; no auth or permission gates in scope.,"Unsupported content block kinds, empty answers, incorrect answers, locked questions, print-only rendering, page-size switch.",Passing,passed: Per-question answer check accepted 1/2,,,,"Each question shows a labeled answer input, Check button, and feedback. Empty answers report unanswered, correct answers report Correct, incorrect answers show generator feedback, and the question status ring updates.",Matches expected behavior in the recorded test evidence.,,passed: Per-question answer check accepted 1/2; passed: Per-question answer check accepted 1/2,No issue found,,Digital checking is collapsed by default so the preview resembles the printable student worksheet while keeping per-question checking one disclosure away.,passed: npm run test verified digital checks are behind native disclosures and per-question answer checking remains wired.,Passed,Updated during the story-driven UI/UX pass to match the cleaner preview behavior required by task 018.,src/features/worksheet/command-center/worksheet-preview.tsx; src/features/worksheet/generator.ts,PREVIEW-003,Worksheet preview,Per-question digital check,"As a teacher or student, I can enter an answer for one question and check it immediately.","Each question keeps digital answer checking behind a Digital answer check disclosure in the worksheet preview. Expanding it shows a labeled answer input, Check button, and feedback. Empty answers report unanswered, correct answers report Correct, incorrect answers show generator feedback, and the question status ring updates.",src/features/worksheet/command-center/worksheet-preview.tsx; src/features/worksheet/generator.ts,passed,passed: Per-question answer check accepted 1/2,,,passed: npm run test verified digital checks are behind native disclosures and per-question answer checking remains wired.,Updated during the story-driven UI/UX pass to match the cleaner preview behavior required by task 018.
PREVIEW-004,Question lock action,Worksheet preview: Question lock action. Clicking the lock button toggles a persistent locked visual state and accessible label for that question until answer state is reset.,Worksheet preview,PREVIEW-004,"As a teacher, I can mark a question as locked while reviewing the preview.","1. Given Live worksheet preview and per-question answer checker, when the story is exercised, then Clicking the lock button toggles a persistent locked visual state and accessible label for that question until answer state is reset. 2. The recorded initial and regression evidence for PREVIEW-004 is Passing or Fixed. 3. Any discovered issue for this story has severity, reproduction, root cause, fix status, and retest evidence recorded in this row.",Clicking the lock button toggles a persistent locked visual state and accessible label for that question until answer state is reset.,Live worksheet preview and per-question answer checker,src/features/worksheet/command-center/worksheet-preview.tsx; src/features/worksheet/command-center/WorksheetCommandCenter.tsx,"Unsupported content block kinds, empty answers, incorrect answers, locked questions, print-only rendering, page-size switch.",Teacher / worksheet creator; no auth or permission gates in scope.,"Unsupported content block kinds, empty answers, incorrect answers, locked questions, print-only rendering, page-size switch.",Passing,passed: Lock action toggled accessible label to Unlock q1,,,,Clicking the lock button toggles a persistent locked visual state and accessible label for that question until answer state is reset.,Matches expected behavior in the recorded test evidence.,,passed: Lock action toggled accessible label to Unlock q1; passed: Lock action toggled accessible label to Unlock q1,No issue found,,,passed: Lock action toggled accessible label to Unlock q1,Passed,No additional notes.,src/features/worksheet/command-center/worksheet-preview.tsx; src/features/worksheet/command-center/WorksheetCommandCenter.tsx,PREVIEW-004,Worksheet preview,Question lock action,"As a teacher, I can mark a question as locked while reviewing the preview.",Clicking the lock button toggles a persistent locked visual state and accessible label for that question until answer state is reset.,src/features/worksheet/command-center/worksheet-preview.tsx; src/features/worksheet/command-center/WorksheetCommandCenter.tsx,passed,passed: Lock action toggled accessible label to Unlock q1,,,passed: Lock action toggled accessible label to Unlock q1,No additional notes.
PREVIEW-005,Per-question new version action,Worksheet preview: Per-question new version action. The per-question refresh action generates a new deterministic version of the worksheet using the same behavior as the global New version action.,Worksheet preview,PREVIEW-005,"As a teacher, I can request a new version from a specific question row.","1. Given Live worksheet preview and per-question answer checker, when the story is exercised, then The per-question refresh action generates a new deterministic version of the worksheet using the same behavior as the global New version action. 2. The recorded initial and regression evidence for PREVIEW-005 is Passing or Fixed. 3. Any discovered issue for this story has severity, reproduction, root cause, fix status, and retest evidence recorded in this row.",The per-question refresh action generates a new deterministic version of the worksheet using the same behavior as the global New version action.,Live worksheet preview and per-question answer checker,src/features/worksheet/command-center/worksheet-preview.tsx; src/features/worksheet/command-center/WorksheetCommandCenter.tsx,"Unsupported content block kinds, empty answers, incorrect answers, locked questions, print-only rendering, page-size switch.",Teacher / worksheet creator; no auth or permission gates in scope.,"Unsupported content block kinds, empty answers, incorrect answers, locked questions, print-only rendering, page-size switch.",Passing,passed: Per-question refresh generated another version,,,,The per-question refresh action generates a new deterministic version of the worksheet using the same behavior as the global New version action.,Matches expected behavior in the recorded test evidence.,,passed: Per-question refresh generated another version; passed: Per-question refresh generated another version,No issue found,,,passed: Per-question refresh generated another version,Passed,No additional notes.,src/features/worksheet/command-center/worksheet-preview.tsx; src/features/worksheet/command-center/WorksheetCommandCenter.tsx,PREVIEW-005,Worksheet preview,Per-question new version action,"As a teacher, I can request a new version from a specific question row.",The per-question refresh action generates a new deterministic version of the worksheet using the same behavior as the global New version action.,src/features/worksheet/command-center/worksheet-preview.tsx; src/features/worksheet/command-center/WorksheetCommandCenter.tsx,passed,passed: Per-question refresh generated another version,,,passed: Per-question refresh generated another version,No additional notes.
REVIEW-001,Audit status and metrics,"Review and trust: Audit status and metrics. The audit badge and review panel show verified/review status, answer verification totals, correct/retry/open answer check metrics, duplicate prompt count, standards count, and difficulty spread.",Review and trust,REVIEW-001,"As a teacher, I can see whether the generated worksheet and answers passed internal checks.","1. Given Review / Trust status panel, when the story is exercised, then The audit badge and review panel show verified/review status, answer verification totals, correct/retry/open answer check metrics, duplicate prompt count, standards count, and difficulty spread. 2. The recorded initial and regression evidence for REVIEW-001 is Passing or Fixed. 3. Any discovered issue for this story has severity, reproduction, root cause, fix status, and retest evidence recorded in this row.","The audit badge and review panel show verified/review status, answer verification totals, correct/retry/open answer check metrics, duplicate prompt count, standards count, and difficulty spread.",Review / Trust status panel,src/features/worksheet/command-center/trust-panel.tsx; src/features/worksheet/generator.ts,"Audit mismatch, duplicate prompts, unanswered checks, answer table overflow, no standards references.",Teacher / worksheet creator; no auth or permission gates in scope.,"Audit mismatch, duplicate prompts, unanswered checks, answer table overflow, no standards references.",Passing,passed: Default worksheet audit passed in trust state,,,,"The audit badge and review panel show verified/review status, answer verification totals, correct/retry/open answer check metrics, duplicate prompt count, standards count, and difficulty spread.",Matches expected behavior in the recorded test evidence.,,passed: Default worksheet audit passed in trust state; passed: Default worksheet audit passed in trust state,No issue found,,"Trust panel exposes clearer status, metrics, and accessible labels.",passed: Default worksheet audit passed in trust state,Passed,No additional notes.,src/features/worksheet/command-center/trust-panel.tsx; src/features/worksheet/generator.ts,REVIEW-001,Review and trust,Audit status and metrics,"As a teacher, I can see whether the generated worksheet and answers passed internal checks.","The audit badge and review panel show verified/review status, answer verification totals, correct/retry/open answer check metrics, duplicate prompt count, standards count, and difficulty spread.",src/features/worksheet/command-center/trust-panel.tsx; src/features/worksheet/generator.ts,passed,passed: Default worksheet audit passed in trust state,,,passed: Default worksheet audit passed in trust state,No additional notes.
REVIEW-002,Check all entered answers,Review and trust: Check all entered answers. Check all entered answers evaluates every generated question with current answer input state and updates review metrics and copy/status messaging.,Review and trust,REVIEW-002,"As a teacher or student, I can check all entered answers against the answer key at once.","1. Given Review / Trust status panel, when the story is exercised, then Check all entered answers evaluates every generated question with current answer input state and updates review metrics and copy/status messaging. 2. The recorded initial and regression evidence for REVIEW-002 is Passing or Fixed. 3. Any discovered issue for this story has severity, reproduction, root cause, fix status, and retest evidence recorded in this row.",Check all entered answers evaluates every generated question with current answer input state and updates review metrics and copy/status messaging.,Review / Trust status panel,src/features/worksheet/command-center/WorksheetCommandCenter.tsx; src/features/worksheet/command-center/trust-panel.tsx; src/features/worksheet/generator.ts,"Audit mismatch, duplicate prompts, unanswered checks, answer table overflow, no standards references.",Teacher / worksheet creator; no auth or permission gates in scope.,"Audit mismatch, duplicate prompts, unanswered checks, answer table overflow, no standards references.",Passing,passed: Check all action updated trust status,,,,Check all entered answers evaluates every generated question with current answer input state and updates review metrics and copy/status messaging.,Matches expected behavior in the recorded test evidence.,,passed: Check all action updated trust status; passed: Check all action updated trust status,No issue found,,,passed: Check all action updated trust status,Passed,No additional notes.,src/features/worksheet/command-center/WorksheetCommandCenter.tsx; src/features/worksheet/command-center/trust-panel.tsx; src/features/worksheet/generator.ts,REVIEW-002,Review and trust,Check all entered answers,"As a teacher or student, I can check all entered answers against the answer key at once.",Check all entered answers evaluates every generated question with current answer input state and updates review metrics and copy/status messaging.,src/features/worksheet/command-center/WorksheetCommandCenter.tsx; src/features/worksheet/command-center/trust-panel.tsx; src/features/worksheet/generator.ts,passed,passed: Check all action updated trust status,,,passed: Check all action updated trust status,No additional notes.
REVIEW-003,Answer key tab,"Review and trust: Answer key tab. The Answers tab lists every answer key item with question id, answer value, and the first worked-solution note in a scrollable table.",Review and trust,REVIEW-003,"As a teacher, I can view answers and worked solution notes.","1. Given Review / Trust status panel, when the story is exercised, then The Answers tab lists every answer key item with question id, answer value, and the first worked-solution note in a scrollable table. 2. The recorded initial and regression evidence for REVIEW-003 is Passing or Fixed. 3. Any discovered issue for this story has severity, reproduction, root cause, fix status, and retest evidence recorded in this row.","The Answers tab lists every answer key item with question id, answer value, and the first worked-solution note in a scrollable table.",Review / Trust status panel,src/features/worksheet/command-center/trust-panel.tsx; src/types/worksheet.d.ts,"Audit mismatch, duplicate prompts, unanswered checks, answer table overflow, no standards references.",Teacher / worksheet creator; no auth or permission gates in scope.,"Audit mismatch, duplicate prompts, unanswered checks, answer table overflow, no standards references.",Passing,passed: Answers tab exposed answer key table,,,,"The Answers tab lists every answer key item with question id, answer value, and the first worked-solution note in a scrollable table.",Matches expected behavior in the recorded test evidence.,,passed: Answers tab exposed answer key table; passed: Answers tab exposed answer key table,No issue found,,,passed: Answers tab exposed answer key table,Passed,No additional notes.,src/features/worksheet/command-center/trust-panel.tsx; src/types/worksheet.d.ts,REVIEW-003,Review and trust,Answer key tab,"As a teacher, I can view answers and worked solution notes.","The Answers tab lists every answer key item with question id, answer value, and the first worked-solution note in a scrollable table.",src/features/worksheet/command-center/trust-panel.tsx; src/types/worksheet.d.ts,passed,passed: Answers tab exposed answer key table,,,passed: Answers tab exposed answer key table,No additional notes.
EXPORT-001,Primary print and export actions,"Export and print: Primary print and export actions. The primary action buttons dispatch to student print mode, answer-key print mode, all-pages print mode, clipboard JSON copy, and seed increment respectively.",Export and print,EXPORT-001,"As a teacher, I can print student copy, answer key, or all pages, copy JSON, and make another version from the review panel.","1. Given Topbar print action, review panel primary actions, export/JSON tabs, print CSS, when the story is exercised, then The primary action buttons dispatch to student print mode, answer-key print mode, all-pages print mode, clipboard JSON copy, and seed increment respectively. 2. The recorded initial and regression evidence for EXPORT-001 is Passing or Fixed. 3. Any discovered issue for this story has severity, reproduction, root cause, fix status, and retest evidence recorded in this row.","The primary action buttons dispatch to student print mode, answer-key print mode, all-pages print mode, clipboard JSON copy, and seed increment respectively.","Topbar print action, review panel primary actions, export/JSON tabs, print CSS",src/features/worksheet/command-center/trust-panel.tsx; src/features/worksheet/command-center/WorksheetCommandCenter.tsx,"Clipboard unavailable, print mode reset after print, answer-key-only and all-pages print modes, mobile export access.",Teacher / worksheet creator; no auth or permission gates in scope.,"Clipboard unavailable, print mode reset after print, answer-key-only and all-pages print modes, mobile export access.",Passing,passed: Print modes called: student|answer-key|all,,,,"The primary action buttons dispatch to student print mode, answer-key print mode, all-pages print mode, clipboard JSON copy, and seed increment respectively.",Matches expected behavior in the recorded test evidence.,,passed: Print modes called: student|answer-key|all; passed: Print modes called: student|answer-key|all,No issue found,,"Primary actions are available before deeper tabs, reducing export/print hunting.",passed: Print modes called: student|answer-key|all,Passed,No additional notes.,src/features/worksheet/command-center/trust-panel.tsx; src/features/worksheet/command-center/WorksheetCommandCenter.tsx,EXPORT-001,Export and print,Primary print and export actions,"As a teacher, I can print student copy, answer key, or all pages, copy JSON, and make another version from the review panel.","The primary action buttons dispatch to student print mode, answer-key print mode, all-pages print mode, clipboard JSON copy, and seed increment respectively.",src/features/worksheet/command-center/trust-panel.tsx; src/features/worksheet/command-center/WorksheetCommandCenter.tsx,passed,passed: Print modes called: student|answer-key|all,,,passed: Print modes called: student|answer-key|all,No additional notes.
EXPORT-002,Print mode reset,"Export and print: Print mode reset. Print sets document.documentElement.dataset.printMode to student, answer-key, or all, calls window.print, then resets printMode to student after printing.",Export and print,EXPORT-002,"As a teacher, I can print a selected output mode without leaving the app stuck in that mode.","1. Given Topbar print action, review panel primary actions, export/JSON tabs, print CSS, when the story is exercised, then Print sets document.documentElement.dataset.printMode to student, answer-key, or all, calls window.print, then resets printMode to student after printing. 2. The recorded initial and regression evidence for EXPORT-002 is Passing or Fixed. 3. Any discovered issue for this story has severity, reproduction, root cause, fix status, and retest evidence recorded in this row.","Print sets document.documentElement.dataset.printMode to student, answer-key, or all, calls window.print, then resets printMode to student after printing.","Topbar print action, review panel primary actions, export/JSON tabs, print CSS",src/features/worksheet/command-center/WorksheetCommandCenter.tsx; src/app/globals.css,"Clipboard unavailable, print mode reset after print, answer-key-only and all-pages print modes, mobile export access.",Teacher / worksheet creator; no auth or permission gates in scope.,"Clipboard unavailable, print mode reset after print, answer-key-only and all-pages print modes, mobile export access.",Passing,passed: Print mode reset to student,,,,"Print sets document.documentElement.dataset.printMode to student, answer-key, or all, calls window.print, then resets printMode to student after printing.",Matches expected behavior in the recorded test evidence.,,passed: Print mode reset to student; passed: Print mode reset to student,No issue found,,,passed: Print mode reset to student,Passed,No additional notes.,src/features/worksheet/command-center/WorksheetCommandCenter.tsx; src/app/globals.css,EXPORT-002,Export and print,Print mode reset,"As a teacher, I can print a selected output mode without leaving the app stuck in that mode.","Print sets document.documentElement.dataset.printMode to student, answer-key, or all, calls window.print, then resets printMode to student after printing.",src/features/worksheet/command-center/WorksheetCommandCenter.tsx; src/app/globals.css,passed,passed: Print mode reset to student,,,passed: Print mode reset to student,No additional notes.
EXPORT-003,Copy worksheet JSON,Export and print: Copy worksheet JSON. Copy JSON writes the complete formatted worksheet object to navigator.clipboard when available and announces either success or clipboard unavailable.,Export and print,EXPORT-003,"As a teacher or developer, I can copy the full canonical worksheet JSON.","1. Given Topbar print action, review panel primary actions, export/JSON tabs, print CSS, when the story is exercised, then Copy JSON writes the complete formatted worksheet object to navigator.clipboard when available and announces either success or clipboard unavailable. 2. The recorded initial and regression evidence for EXPORT-003 is Passing or Fixed. 3. Any discovered issue for this story has severity, reproduction, root cause, fix status, and retest evidence recorded in this row.",Copy JSON writes the complete formatted worksheet object to navigator.clipboard when available and announces either success or clipboard unavailable.,"Topbar print action, review panel primary actions, export/JSON tabs, print CSS",src/features/worksheet/command-center/WorksheetCommandCenter.tsx; src/features/worksheet/command-center/trust-panel.tsx; src/types/worksheet.d.ts,"Clipboard unavailable, print mode reset after print, answer-key-only and all-pages print modes, mobile export access.",Teacher / worksheet creator; no auth or permission gates in scope.,"Clipboard unavailable, print mode reset after print, answer-key-only and all-pages print modes, mobile export access.",Passing,passed: Copy JSON wrote canonical worksheet JSON to clipboard stub,,,,Copy JSON writes the complete formatted worksheet object to navigator.clipboard when available and announces either success or clipboard unavailable.,Matches expected behavior in the recorded test evidence.,,passed: Copy JSON wrote canonical worksheet JSON to clipboard stub; passed: Copy JSON wrote canonical worksheet JSON to clipboard stub,No issue found,,,passed: Copy JSON wrote canonical worksheet JSON to clipboard stub,Passed,No additional notes.,src/features/worksheet/command-center/WorksheetCommandCenter.tsx; src/features/worksheet/command-center/trust-panel.tsx; src/types/worksheet.d.ts,EXPORT-003,Export and print,Copy worksheet JSON,"As a teacher or developer, I can copy the full canonical worksheet JSON.",Copy JSON writes the complete formatted worksheet object to navigator.clipboard when available and announces either success or clipboard unavailable.,src/features/worksheet/command-center/WorksheetCommandCenter.tsx; src/features/worksheet/command-center/trust-panel.tsx; src/types/worksheet.d.ts,passed,passed: Copy JSON wrote canonical worksheet JSON to clipboard stub,,,passed: Copy JSON wrote canonical worksheet JSON to clipboard stub,No additional notes.
EXPORT-004,JSON summary tab,"Export and print: JSON summary tab. The JSON tab displays id, schemaVersion, format, questionCount, and generator metadata in a focusable pre block, plus a Copy worksheet JSON button.",Export and print,EXPORT-004,"As a teacher or developer, I can inspect a concise JSON summary before copying.","1. Given Topbar print action, review panel primary actions, export/JSON tabs, print CSS, when the story is exercised, then The JSON tab displays id, schemaVersion, format, questionCount, and generator metadata in a focusable pre block, plus a Copy worksheet JSON button. 2. The recorded initial and regression evidence for EXPORT-004 is Passing or Fixed. 3. Any discovered issue for this story has severity, reproduction, root cause, fix status, and retest evidence recorded in this row.","The JSON tab displays id, schemaVersion, format, questionCount, and generator metadata in a focusable pre block, plus a Copy worksheet JSON button.","Topbar print action, review panel primary actions, export/JSON tabs, print CSS",src/features/worksheet/command-center/trust-panel.tsx,"Clipboard unavailable, print mode reset after print, answer-key-only and all-pages print modes, mobile export access.",Teacher / worksheet creator; no auth or permission gates in scope.,"Clipboard unavailable, print mode reset after print, answer-key-only and all-pages print modes, mobile export access.",Passing,passed: JSON tab exposed compact worksheet summary,,,,"The JSON tab displays id, schemaVersion, format, questionCount, and generator metadata in a focusable pre block, plus a Copy worksheet JSON button.",Matches expected behavior in the recorded test evidence.,,passed: JSON tab exposed compact worksheet summary; passed: JSON tab exposed compact worksheet summary,No issue found,,,passed: JSON tab exposed compact worksheet summary,Passed,No additional notes.,src/features/worksheet/command-center/trust-panel.tsx,EXPORT-004,Export and print,JSON summary tab,"As a teacher or developer, I can inspect a concise JSON summary before copying.","The JSON tab displays id, schemaVersion, format, questionCount, and generator metadata in a focusable pre block, plus a Copy worksheet JSON button.",src/features/worksheet/command-center/trust-panel.tsx,passed,passed: JSON tab exposed compact worksheet summary,,,passed: JSON tab exposed compact worksheet summary,No additional notes.
EXPORT-005,Printable answer-key page,"Export and print: Printable answer-key page. WorksheetPreview renders a Printable answer key article with one answer per answerKey entry, and print CSS hides or shows the answer-key page for student, answer-key, and all print modes.",Export and print,EXPORT-005,"As a teacher, I can print a dedicated answer-key page instead of only the student worksheet.","1. Given Topbar print action, review panel primary actions, export/JSON tabs, print CSS, when the story is exercised, then WorksheetPreview renders a Printable answer key article with one answer per answerKey entry, and print CSS hides or shows the answer-key page for student, answer-key, and all print modes. 2. The recorded initial and regression evidence for EXPORT-005 is Passing or Fixed. 3. Any discovered issue for this story has severity, reproduction, root cause, fix status, and retest evidence recorded in this row.","WorksheetPreview renders a Printable answer key article with one answer per answerKey entry, and print CSS hides or shows the answer-key page for student, answer-key, and all print modes.","Topbar print action, review panel primary actions, export/JSON tabs, print CSS",src/features/worksheet/command-center/worksheet-preview.tsx; src/app/globals.css; tests/frontend/worksheet-console.test.ts,"Clipboard unavailable, print mode reset after print, answer-key-only and all-pages print modes, mobile export access.",Teacher / worksheet creator; no auth or permission gates in scope.,"Clipboard unavailable, print mode reset after print, answer-key-only and all-pages print modes, mobile export access.",Passing,passed: npm run test verified printable answer-key component and print-mode CSS; Real Chromium print media exposed printable answer-key page,,,,"WorksheetPreview renders a Printable answer key article with one answer per answerKey entry, and print CSS hides or shows the answer-key page for student, answer-key, and all print modes.",Matches expected behavior in the recorded test evidence.,,passed: npm run test verified printable answer-key component and print-mode CSS; Real Chromium print media exposed printable answer-key page; passed: Real Chromium print media showed answer-key page and hid student copy; see output/playwright/real-browser-desktop-print-answer-key.png; output/playwright/real-browser-desktop-print-answer-key.png,No issue found,,,passed: Real Chromium print media showed answer-key page and hid student copy; see output/playwright/real-browser-desktop-print-answer-key.png,Passed,No additional notes.,src/features/worksheet/command-center/worksheet-preview.tsx; src/app/globals.css; tests/frontend/worksheet-console.test.ts,EXPORT-005,Export and print,Printable answer-key page,"As a teacher, I can print a dedicated answer-key page instead of only the student worksheet.","WorksheetPreview renders a Printable answer key article with one answer per answerKey entry, and print CSS hides or shows the answer-key page for student, answer-key, and all print modes.",src/features/worksheet/command-center/worksheet-preview.tsx; src/app/globals.css; tests/frontend/worksheet-console.test.ts,passed,passed: npm run test verified printable answer-key component and print-mode CSS; Real Chromium print media exposed printable answer-key page,,,passed: Real Chromium print media showed answer-key page and hid student copy; see output/playwright/real-browser-desktop-print-answer-key.png,No additional notes.
MOBILE-001,Mobile step tabs,"Mobile workflow: Mobile step tabs. The mobile view renders Teacher intent above tabs; Setup shows controls, Preview shows worksheet, Review shows checks, Export opens the review panel focused on export actions, and the fixed mobile action bar provides New and Print.",Mobile workflow,MOBILE-001,"As a teacher on a small screen, I can move through setup, preview, review, and export steps.","1. Given Responsive mobile command center, mobile tabs, sheet menu, fixed action bar, when the story is exercised, then The mobile view renders Teacher intent above tabs; Setup shows controls, Preview shows worksheet, Review shows checks, Export opens the review panel focused on export actions, and the fixed mobile action bar provides New and Print. 2. The recorded initial and regression evidence for MOBILE-001 is Passing or Fixed. 3. Any discovered issue for this story has severity, reproduction, root cause, fix status, and retest evidence recorded in this row.","The mobile view renders Teacher intent above tabs; Setup shows controls, Preview shows worksheet, Review shows checks, Export opens the review panel focused on export actions, and the fixed mobile action bar provides New and Print.","Responsive mobile command center, mobile tabs, sheet menu, fixed action bar",src/features/worksheet/command-center/WorksheetCommandCenter.tsx; src/app/globals.css,"Small viewport navigation, sheet open/close, fixed action bar overlap, touch target sizing, host browser dependency failures.",Teacher / worksheet creator; no auth or permission gates in scope.,"Small viewport navigation, sheet open/close, fixed action bar overlap, touch target sizing, host browser dependency failures.",Passing,blocked initially by missing Playwright host libraries; unblocked with user-space extracted Ubuntu browser libraries and escalated Chromium launch.,,,,"The mobile view renders Teacher intent above tabs; Setup shows controls, Preview shows worksheet, Review shows checks, Export opens the review panel focused on export actions, and the fixed mobile action bar provides New and Print.",App behavior matched expected result; initial failure was an environment/browser dependency blocker.,"Missing Playwright/Chromium host libraries in the execution environment, not application code.",blocked initially by missing Playwright host libraries; unblocked with user-space extracted Ubuntu browser libraries and escalated Chromium launch.; passed: Real Chromium mobile step workflow rendered setup preview review and export tabs; see output/playwright/feature-story-real-browser-results.json; output/playwright/real-browser-mobile-command-menu.png; output/playwright/feature-story-real-browser-results.json,Not an app defect; environment workaround documented,Installed/extracted required browser runtime libraries into /tmp/pwdeps and ran Chromium outside command sandbox.,"Mobile workflow is segmented into setup, preview, review, and export steps with persistent New/Print actions.","passed: Real Chromium mobile step workflow rendered setup preview review and export tabs; see output/playwright/feature-story-real-browser-results.json passed: Fresh Chromium QA verified mobile Preview, Review, and Export tabs plus no page-level horizontal overflow. passed: Fresh Chromium QA verified mobile-only command layout at mobile viewport.",Passed,No additional notes.,src/features/worksheet/command-center/WorksheetCommandCenter.tsx; src/app/globals.css,MOBILE-001,Mobile workflow,Mobile step tabs,"As a teacher on a small screen, I can move through setup, preview, review, and export steps.","The mobile view renders Teacher intent above tabs; Setup shows controls, Preview shows worksheet, Review shows checks, Export opens the review panel focused on export actions, and the fixed mobile action bar provides New and Print.",src/features/worksheet/command-center/WorksheetCommandCenter.tsx; src/app/globals.css,passed,blocked initially by missing Playwright host libraries; unblocked with user-space extracted Ubuntu browser libraries and escalated Chromium launch.,No app defect confirmed; environment blocker only.,Installed/extracted required browser runtime libraries into /tmp/pwdeps and ran Chromium outside command sandbox.,"passed: Real Chromium mobile step workflow rendered setup preview review and export tabs; see output/playwright/feature-story-real-browser-results.json passed: Fresh Chromium QA verified mobile Preview, Review, and Export tabs plus no page-level horizontal overflow. passed: Fresh Chromium QA verified mobile-only command layout at mobile viewport.",No additional notes.
MOBILE-002,Mobile command menu,"Mobile workflow: Mobile command menu. The menu button opens a right-side sheet with worksheet title, New version, Print student copy, and Print answer key actions.",Mobile workflow,MOBILE-002,"As a teacher on a small screen, I can open a compact command menu for common actions.","1. Given Responsive mobile command center, mobile tabs, sheet menu, fixed action bar, when the story is exercised, then The menu button opens a right-side sheet with worksheet title, New version, Print student copy, and Print answer key actions. 2. The recorded initial and regression evidence for MOBILE-002 is Passing or Fixed. 3. Any discovered issue for this story has severity, reproduction, root cause, fix status, and retest evidence recorded in this row.","The menu button opens a right-side sheet with worksheet title, New version, Print student copy, and Print answer key actions.","Responsive mobile command center, mobile tabs, sheet menu, fixed action bar",src/features/worksheet/command-center/WorksheetCommandCenter.tsx; src/components/ui/sheet.tsx,"Small viewport navigation, sheet open/close, fixed action bar overlap, touch target sizing, host browser dependency failures.",Teacher / worksheet creator; no auth or permission gates in scope.,"Small viewport navigation, sheet open/close, fixed action bar overlap, touch target sizing, host browser dependency failures.",Passing,blocked initially by missing Playwright host libraries; unblocked with user-space extracted Ubuntu browser libraries and escalated Chromium launch.,,,,"The menu button opens a right-side sheet with worksheet title, New version, Print student copy, and Print answer key actions.",App behavior matched expected result; initial failure was an environment/browser dependency blocker.,"Missing Playwright/Chromium host libraries in the execution environment, not application code.",blocked initially by missing Playwright host libraries; unblocked with user-space extracted Ubuntu browser libraries and escalated Chromium launch.; passed: Real Chromium mobile command menu opened common actions sheet; see output/playwright/real-browser-mobile-command-menu.png; output/playwright/real-browser-mobile-command-menu.png,Not an app defect; environment workaround documented,Installed/extracted required browser runtime libraries into /tmp/pwdeps and ran Chromium outside command sandbox.,Mobile sheet exposes common actions without forcing users through the full panel.,passed: Real Chromium mobile command menu opened common actions sheet; see output/playwright/real-browser-mobile-command-menu.png,Passed,No additional notes.,src/features/worksheet/command-center/WorksheetCommandCenter.tsx; src/components/ui/sheet.tsx,MOBILE-002,Mobile workflow,Mobile command menu,"As a teacher on a small screen, I can open a compact command menu for common actions.","The menu button opens a right-side sheet with worksheet title, New version, Print student copy, and Print answer key actions.",src/features/worksheet/command-center/WorksheetCommandCenter.tsx; src/components/ui/sheet.tsx,passed,blocked initially by missing Playwright host libraries; unblocked with user-space extracted Ubuntu browser libraries and escalated Chromium launch.,No app defect confirmed; environment blocker only.,Installed/extracted required browser runtime libraries into /tmp/pwdeps and ran Chromium outside command sandbox.,passed: Real Chromium mobile command menu opened common actions sheet; see output/playwright/real-browser-mobile-command-menu.png,No additional notes.
COMPILER-001,Canonical Worksheet JSON generation,"JSON compiler: Canonical Worksheet JSON generation. generateWorksheet returns schemaVersion 1.0.0, stable id, title, subject, gradeBand, topic, learningGoals, instructions, sections, answerKey, metadata, standards, versioning, and generator lineage from the selected WorksheetType.",JSON compiler,COMPILER-001,"As a developer or downstream renderer, I can rely on generation producing canonical Worksheet JSON.","1. Given Worksheet JSON compiler invoked by command center generation and generator tests, when the story is exercised, then generateWorksheet returns schemaVersion 1.0.0, stable id, title, subject, gradeBand, topic, learningGoals, instructions, sections, answerKey, metadata, standards, versioning, and generator lineage from the selected WorksheetType. 2. The recorded initial and regression evidence for COMPILER-001 is Passing or Fixed. 3. Any discovered issue for this story has severity, reproduction, root cause, fix status, and retest evidence recorded in this row.","generateWorksheet returns schemaVersion 1.0.0, stable id, title, subject, gradeBand, topic, learningGoals, instructions, sections, answerKey, metadata, standards, versioning, and generator lineage from the selected WorksheetType.",Worksheet JSON compiler invoked by command center generation and generator tests,src/features/worksheet/generator.ts; src/schema/worksheet.schema.json; src/types/worksheet.d.ts,"Count clamping, deterministic seeds, canonical answer-key references, generated metadata, schema-compatible content blocks.",Teacher via command center and developer via tests; no auth or permission gates in scope.,"Count clamping, deterministic seeds, canonical answer-key references, generated metadata, schema-compatible content blocks.",Passing,"npm run test passed frontend workflow tests for filtering, prompt parsing, URL state, generation, format switching, answer audit/checking, and seed behavior.",,,,"generateWorksheet returns schemaVersion 1.0.0, stable id, title, subject, gradeBand, topic, learningGoals, instructions, sections, answerKey, metadata, standards, versioning, and generator lineage from the selected WorksheetType.",Matches expected behavior in the recorded test evidence.,,"npm run test passed frontend workflow tests for filtering, prompt parsing, URL state, generation, format switching, answer audit/checking, and seed behavior.; npm run test passed frontend workflow tests for filtering, prompt parsing, URL state, generation, format switching, answer audit/checking, and seed behavior.",No issue found,,,"npm run test passed frontend workflow tests for filtering, prompt parsing, URL state, generation, format switching, answer audit/checking, and seed behavior.",Passed,No additional notes.,src/features/worksheet/generator.ts; src/schema/worksheet.schema.json; src/types/worksheet.d.ts,COMPILER-001,JSON compiler,Canonical Worksheet JSON generation,"As a developer or downstream renderer, I can rely on generation producing canonical Worksheet JSON.","generateWorksheet returns schemaVersion 1.0.0, stable id, title, subject, gradeBand, topic, learningGoals, instructions, sections, answerKey, metadata, standards, versioning, and generator lineage from the selected WorksheetType.",src/features/worksheet/generator.ts; src/schema/worksheet.schema.json; src/types/worksheet.d.ts,passed,"npm run test passed frontend workflow tests for filtering, prompt parsing, URL state, generation, format switching, answer audit/checking, and seed behavior.",,,"npm run test passed frontend workflow tests for filtering, prompt parsing, URL state, generation, format switching, answer audit/checking, and seed behavior.",No additional notes.
COMPILER-002,Answer audit,"JSON compiler: Answer audit. auditWorksheet re-solves each answer key item from canonical generated kind and data, compares it to the stored answer with normalization/tolerance, and reports failures.",JSON compiler,COMPILER-002,"As a teacher, I can trust generated answers were re-solved before use.","1. Given Worksheet JSON compiler invoked by command center generation and generator tests, when the story is exercised, then auditWorksheet re-solves each answer key item from canonical generated kind and data, compares it to the stored answer with normalization/tolerance, and reports failures. 2. The recorded initial and regression evidence for COMPILER-002 is Passing or Fixed. 3. Any discovered issue for this story has severity, reproduction, root cause, fix status, and retest evidence recorded in this row.","auditWorksheet re-solves each answer key item from canonical generated kind and data, compares it to the stored answer with normalization/tolerance, and reports failures.",Worksheet JSON compiler invoked by command center generation and generator tests,src/features/worksheet/generator.ts; src/features/worksheet/item-factory.ts,"Count clamping, deterministic seeds, canonical answer-key references, generated metadata, schema-compatible content blocks.",Teacher via command center and developer via tests; no auth or permission gates in scope.,"Count clamping, deterministic seeds, canonical answer-key references, generated metadata, schema-compatible content blocks.",Passing,"npm run test passed frontend workflow tests for filtering, prompt parsing, URL state, generation, format switching, answer audit/checking, and seed behavior.",,,,"auditWorksheet re-solves each answer key item from canonical generated kind and data, compares it to the stored answer with normalization/tolerance, and reports failures.",Matches expected behavior in the recorded test evidence.,,"npm run test passed frontend workflow tests for filtering, prompt parsing, URL state, generation, format switching, answer audit/checking, and seed behavior.; npm run test passed frontend workflow tests for filtering, prompt parsing, URL state, generation, format switching, answer audit/checking, and seed behavior.",No issue found,,,"npm run test passed frontend workflow tests for filtering, prompt parsing, URL state, generation, format switching, answer audit/checking, and seed behavior.",Passed,No additional notes.,src/features/worksheet/generator.ts; src/features/worksheet/item-factory.ts,COMPILER-002,JSON compiler,Answer audit,"As a teacher, I can trust generated answers were re-solved before use.","auditWorksheet re-solves each answer key item from canonical generated kind and data, compares it to the stored answer with normalization/tolerance, and reports failures.",src/features/worksheet/generator.ts; src/features/worksheet/item-factory.ts,passed,"npm run test passed frontend workflow tests for filtering, prompt parsing, URL state, generation, format switching, answer audit/checking, and seed behavior.",,,"npm run test passed frontend workflow tests for filtering, prompt parsing, URL state, generation, format switching, answer audit/checking, and seed behavior.",No additional notes.
COMPILER-003,Answer normalization,"JSON compiler: Answer normalization. checkAnswer supports empty, correct, and incorrect states; normalizes number-like values by removing currency/percent punctuation, compares fractions by equivalence, coordinates by normalized pair text, and text case/spacing insensitively.",JSON compiler,COMPILER-003,"As a student or teacher checking answers, I can enter equivalent answers in supported forms.","1. Given Worksheet JSON compiler invoked by command center generation and generator tests, when the story is exercised, then checkAnswer supports empty, correct, and incorrect states; normalizes number-like values by removing currency/percent punctuation, compares fractions by equivalence, coordinates by normalized pair text, and text case/spacing insensitively. 2. The recorded initial and regression evidence for COMPILER-003 is Passing or Fixed. 3. Any discovered issue for this story has severity, reproduction, root cause, fix status, and retest evidence recorded in this row.","checkAnswer supports empty, correct, and incorrect states; normalizes number-like values by removing currency/percent punctuation, compares fractions by equivalence, coordinates by normalized pair text, and text case/spacing insensitively.",Worksheet JSON compiler invoked by command center generation and generator tests,src/features/worksheet/generator.ts,"Count clamping, deterministic seeds, canonical answer-key references, generated metadata, schema-compatible content blocks.",Teacher via command center and developer via tests; no auth or permission gates in scope.,"Count clamping, deterministic seeds, canonical answer-key references, generated metadata, schema-compatible content blocks.",Passing,"npm run test passed frontend workflow tests for filtering, prompt parsing, URL state, generation, format switching, answer audit/checking, and seed behavior.",,,,"checkAnswer supports empty, correct, and incorrect states; normalizes number-like values by removing currency/percent punctuation, compares fractions by equivalence, coordinates by normalized pair text, and text case/spacing insensitively.",Matches expected behavior in the recorded test evidence.,,"npm run test passed frontend workflow tests for filtering, prompt parsing, URL state, generation, format switching, answer audit/checking, and seed behavior.; npm run test passed frontend workflow tests for filtering, prompt parsing, URL state, generation, format switching, answer audit/checking, and seed behavior.",No issue found,,,"npm run test passed frontend workflow tests for filtering, prompt parsing, URL state, generation, format switching, answer audit/checking, and seed behavior.",Passed,No additional notes.,src/features/worksheet/generator.ts,COMPILER-003,JSON compiler,Answer normalization,"As a student or teacher checking answers, I can enter equivalent answers in supported forms.","checkAnswer supports empty, correct, and incorrect states; normalizes number-like values by removing currency/percent punctuation, compares fractions by equivalence, coordinates by normalized pair text, and text case/spacing insensitively.",src/features/worksheet/generator.ts,passed,"npm run test passed frontend workflow tests for filtering, prompt parsing, URL state, generation, format switching, answer audit/checking, and seed behavior.",,,"npm run test passed frontend workflow tests for filtering, prompt parsing, URL state, generation, format switching, answer audit/checking, and seed behavior.",No additional notes.
COMPILER-004,Catalog filters,"JSON compiler: Catalog filters. filterWorksheetTypes searches title, strand, summary, controls, formats, validation rules, and solution method while applying exact grade, grade band, strand, and format predicates.",JSON compiler,COMPILER-004,"As a teacher, I can narrow the catalog by query, grade, strand, and format.","1. Given Worksheet JSON compiler invoked by command center generation and generator tests, when the story is exercised, then filterWorksheetTypes searches title, strand, summary, controls, formats, validation rules, and solution method while applying exact grade, grade band, strand, and format predicates. 2. The recorded initial and regression evidence for COMPILER-004 is Passing or Fixed. 3. Any discovered issue for this story has severity, reproduction, root cause, fix status, and retest evidence recorded in this row.","filterWorksheetTypes searches title, strand, summary, controls, formats, validation rules, and solution method while applying exact grade, grade band, strand, and format predicates.",Worksheet JSON compiler invoked by command center generation and generator tests,src/features/worksheet/filtering.ts; src/features/worksheet/catalog.ts,"Count clamping, deterministic seeds, canonical answer-key references, generated metadata, schema-compatible content blocks.",Teacher via command center and developer via tests; no auth or permission gates in scope.,"Count clamping, deterministic seeds, canonical answer-key references, generated metadata, schema-compatible content blocks.",Passing,"npm run test passed frontend workflow tests for filtering, prompt parsing, URL state, generation, format switching, answer audit/checking, and seed behavior.",,,,"filterWorksheetTypes searches title, strand, summary, controls, formats, validation rules, and solution method while applying exact grade, grade band, strand, and format predicates.",Matches expected behavior in the recorded test evidence.,,"npm run test passed frontend workflow tests for filtering, prompt parsing, URL state, generation, format switching, answer audit/checking, and seed behavior.; npm run test passed frontend workflow tests for filtering, prompt parsing, URL state, generation, format switching, answer audit/checking, and seed behavior.",No issue found,,,"npm run test passed frontend workflow tests for filtering, prompt parsing, URL state, generation, format switching, answer audit/checking, and seed behavior.",Passed,No additional notes.,src/features/worksheet/filtering.ts; src/features/worksheet/catalog.ts,COMPILER-004,JSON compiler,Catalog filters,"As a teacher, I can narrow the catalog by query, grade, strand, and format.","filterWorksheetTypes searches title, strand, summary, controls, formats, validation rules, and solution method while applying exact grade, grade band, strand, and format predicates.",src/features/worksheet/filtering.ts; src/features/worksheet/catalog.ts,passed,"npm run test passed frontend workflow tests for filtering, prompt parsing, URL state, generation, format switching, answer audit/checking, and seed behavior.",,,"npm run test passed frontend workflow tests for filtering, prompt parsing, URL state, generation, format switching, answer audit/checking, and seed behavior.",No additional notes.
COMPILER-005,Supported format directions,"JSON compiler: Supported format directions. Format families include fluency grid, worked practice, visual model, graph/data, real-world task, and quick check; generated directions and workspace styles correspond to the selected format.",JSON compiler,COMPILER-005,"As a teacher, I can generate each supported format with matching directions and workspace style.","1. Given Worksheet JSON compiler invoked by command center generation and generator tests, when the story is exercised, then Format families include fluency grid, worked practice, visual model, graph/data, real-world task, and quick check; generated directions and workspace styles correspond to the selected format. 2. The recorded initial and regression evidence for COMPILER-005 is Passing or Fixed. 3. Any discovered issue for this story has severity, reproduction, root cause, fix status, and retest evidence recorded in this row.","Format families include fluency grid, worked practice, visual model, graph/data, real-world task, and quick check; generated directions and workspace styles correspond to the selected format.",Worksheet JSON compiler invoked by command center generation and generator tests,src/features/worksheet/catalog.ts; src/features/worksheet/generator.ts,"Count clamping, deterministic seeds, canonical answer-key references, generated metadata, schema-compatible content blocks.",Teacher via command center and developer via tests; no auth or permission gates in scope.,"Count clamping, deterministic seeds, canonical answer-key references, generated metadata, schema-compatible content blocks.",Passing,"npm run test passed frontend workflow tests for filtering, prompt parsing, URL state, generation, format switching, answer audit/checking, and seed behavior.",,,,"Format families include fluency grid, worked practice, visual model, graph/data, real-world task, and quick check; generated directions and workspace styles correspond to the selected format.",Matches expected behavior in the recorded test evidence.,,"npm run test passed frontend workflow tests for filtering, prompt parsing, URL state, generation, format switching, answer audit/checking, and seed behavior.; npm run test passed frontend workflow tests for filtering, prompt parsing, URL state, generation, format switching, answer audit/checking, and seed behavior.",No issue found,,,"npm run test passed frontend workflow tests for filtering, prompt parsing, URL state, generation, format switching, answer audit/checking, and seed behavior.",Passed,No additional notes.,src/features/worksheet/catalog.ts; src/features/worksheet/generator.ts,COMPILER-005,JSON compiler,Supported format directions,"As a teacher, I can generate each supported format with matching directions and workspace style.","Format families include fluency grid, worked practice, visual model, graph/data, real-world task, and quick check; generated directions and workspace styles correspond to the selected format.",src/features/worksheet/catalog.ts; src/features/worksheet/generator.ts,passed,"npm run test passed frontend workflow tests for filtering, prompt parsing, URL state, generation, format switching, answer audit/checking, and seed behavior.",,,"npm run test passed frontend workflow tests for filtering, prompt parsing, URL state, generation, format switching, answer audit/checking, and seed behavior.",No additional notes.
BUILD-001,Build and static preview path,"Build and static delivery: Build and static preview path. npm run build uses Next.js webpack build with tmp/cache paths, npm run start serves the exported out directory, and README documents the flow.",Build and static delivery,BUILD-001,"As a maintainer, I can build the Next.js app and serve the exported output for static preview.","1. Given Next.js build and static preview server, when the story is exercised, then npm run build uses Next.js webpack build with tmp/cache paths, npm run start serves the exported out directory, and README documents the flow. 2. The recorded initial and regression evidence for BUILD-001 is Passing or Fixed. 3. Any discovered issue for this story has severity, reproduction, root cause, fix status, and retest evidence recorded in this row.","npm run build uses Next.js webpack build with tmp/cache paths, npm run start serves the exported out directory, and README documents the flow.",Next.js build and static preview server,package.json; scripts/serve-static.mjs; README.md; docs/testing.md,"Clean environment, generated Next types, static route prerender, local preview binding.",Developer / maintainer; no runtime auth or permission gates in scope.,"Clean environment, generated Next types, static route prerender, local preview binding.",Passing,"npm run build passed; initial npm run typecheck failed only before .next/types existed, then passed after build generated those files.",,,,"npm run build uses Next.js webpack build with tmp/cache paths, npm run start serves the exported out directory, and README documents the flow.",Matches expected behavior in the recorded test evidence.,,"npm run build passed; initial npm run typecheck failed only before .next/types existed, then passed after build generated those files.; npm run build passed; initial npm run typecheck failed only before .next/types existed, then passed after build generated those files.",No issue found,,,"npm run build passed; initial npm run typecheck failed only before .next/types existed, then passed after build generated those files.",Passed,No additional notes.,package.json; scripts/serve-static.mjs; README.md; docs/testing.md,BUILD-001,Build and static delivery,Build and static preview path,"As a maintainer, I can build the Next.js app and serve the exported output for static preview.","npm run build uses Next.js webpack build with tmp/cache paths, npm run start serves the exported out directory, and README documents the flow.",package.json; scripts/serve-static.mjs; README.md; docs/testing.md,passed,"npm run build passed; initial npm run typecheck failed only before .next/types existed, then passed after build generated those files.",,,"npm run build passed; initial npm run typecheck failed only before .next/types existed, then passed after build generated those files.",No additional notes.
LEGACY-001,Like-denominator fraction generator,"Legacy generator registry: Like-denominator fraction generator. generateWorksheetById('fraction-add-like-denominators') returns canonical Worksheet JSON with matching generator lineage, questions, answer key, and manifest entries.",Legacy generator registry,LEGACY-001,"As a developer, I can generate the legacy like-denominator fraction worksheet by registry id.","1. Given Legacy generator registry API in src/generators/index.mjs, when the story is exercised, then generateWorksheetById('fraction-add-like-denominators') returns canonical Worksheet JSON with matching generator lineage, questions, answer key, and manifest entries. 2. The recorded initial and regression evidence for LEGACY-001 is Passing or Fixed. 3. Any discovered issue for this story has severity, reproduction, root cause, fix status, and retest evidence recorded in this row.","generateWorksheetById('fraction-add-like-denominators') returns canonical Worksheet JSON with matching generator lineage, questions, answer key, and manifest entries.",Legacy generator registry API in src/generators/index.mjs,src/generators/index.mjs; src/generators/canonical-worksheet.mjs; tests/frontend/worksheet-console.test.ts,"Unknown id error, registry order, seed propagation, manifest parity with answer key.",Developer / maintainer; no runtime auth or permission gates in scope.,"Unknown id error, registry order, seed propagation, manifest parity with answer key.",Passing,passed: npm run test verified legacy generator registry canonical worksheets,,,,"generateWorksheetById('fraction-add-like-denominators') returns canonical Worksheet JSON with matching generator lineage, questions, answer key, and manifest entries.",Matches expected behavior in the recorded test evidence.,,passed: npm run test verified legacy generator registry canonical worksheets; passed: npm run test verified legacy generator registry canonical worksheets,No issue found,,,passed: npm run test verified legacy generator registry canonical worksheets,Passed,catalog_id=fraction-add-like-denominators,src/generators/index.mjs; src/generators/canonical-worksheet.mjs; tests/frontend/worksheet-console.test.ts,LEGACY-001,Legacy generator registry,Like-denominator fraction generator,"As a developer, I can generate the legacy like-denominator fraction worksheet by registry id.","generateWorksheetById('fraction-add-like-denominators') returns canonical Worksheet JSON with matching generator lineage, questions, answer key, and manifest entries.",src/generators/index.mjs; src/generators/canonical-worksheet.mjs; tests/frontend/worksheet-console.test.ts,passed,passed: npm run test verified legacy generator registry canonical worksheets,,,passed: npm run test verified legacy generator registry canonical worksheets,catalog_id=fraction-add-like-denominators
LEGACY-002,Percent-of-number generator,"Legacy generator registry: Percent-of-number generator. generateWorksheetById('percent-of-number') returns canonical Worksheet JSON with matching generator lineage, questions, answer key, and manifest entries.",Legacy generator registry,LEGACY-002,"As a developer, I can generate the legacy percent worksheet by registry id.","1. Given Legacy generator registry API in src/generators/index.mjs, when the story is exercised, then generateWorksheetById('percent-of-number') returns canonical Worksheet JSON with matching generator lineage, questions, answer key, and manifest entries. 2. The recorded initial and regression evidence for LEGACY-002 is Passing or Fixed. 3. Any discovered issue for this story has severity, reproduction, root cause, fix status, and retest evidence recorded in this row.","generateWorksheetById('percent-of-number') returns canonical Worksheet JSON with matching generator lineage, questions, answer key, and manifest entries.",Legacy generator registry API in src/generators/index.mjs,src/generators/index.mjs; src/generators/canonical-worksheet.mjs; tests/frontend/worksheet-console.test.ts,"Unknown id error, registry order, seed propagation, manifest parity with answer key.",Developer / maintainer; no runtime auth or permission gates in scope.,"Unknown id error, registry order, seed propagation, manifest parity with answer key.",Passing,passed: npm run test verified legacy generator registry canonical worksheets,,,,"generateWorksheetById('percent-of-number') returns canonical Worksheet JSON with matching generator lineage, questions, answer key, and manifest entries.",Matches expected behavior in the recorded test evidence.,,passed: npm run test verified legacy generator registry canonical worksheets; passed: npm run test verified legacy generator registry canonical worksheets,No issue found,,,passed: npm run test verified legacy generator registry canonical worksheets,Passed,catalog_id=percent-of-number,src/generators/index.mjs; src/generators/canonical-worksheet.mjs; tests/frontend/worksheet-console.test.ts,LEGACY-002,Legacy generator registry,Percent-of-number generator,"As a developer, I can generate the legacy percent worksheet by registry id.","generateWorksheetById('percent-of-number') returns canonical Worksheet JSON with matching generator lineage, questions, answer key, and manifest entries.",src/generators/index.mjs; src/generators/canonical-worksheet.mjs; tests/frontend/worksheet-console.test.ts,passed,passed: npm run test verified legacy generator registry canonical worksheets,,,passed: npm run test verified legacy generator registry canonical worksheets,catalog_id=percent-of-number
LEGACY-003,Simple probability generator,"Legacy generator registry: Simple probability generator. generateWorksheetById('simple-probability') returns canonical Worksheet JSON with matching generator lineage, questions, answer key, and manifest entries.",Legacy generator registry,LEGACY-003,"As a developer, I can generate the legacy simple probability worksheet by registry id.","1. Given Legacy generator registry API in src/generators/index.mjs, when the story is exercised, then generateWorksheetById('simple-probability') returns canonical Worksheet JSON with matching generator lineage, questions, answer key, and manifest entries. 2. The recorded initial and regression evidence for LEGACY-003 is Passing or Fixed. 3. Any discovered issue for this story has severity, reproduction, root cause, fix status, and retest evidence recorded in this row.","generateWorksheetById('simple-probability') returns canonical Worksheet JSON with matching generator lineage, questions, answer key, and manifest entries.",Legacy generator registry API in src/generators/index.mjs,src/generators/index.mjs; src/generators/canonical-worksheet.mjs; tests/frontend/worksheet-console.test.ts,"Unknown id error, registry order, seed propagation, manifest parity with answer key.",Developer / maintainer; no runtime auth or permission gates in scope.,"Unknown id error, registry order, seed propagation, manifest parity with answer key.",Passing,passed: npm run test verified legacy generator registry canonical worksheets,,,,"generateWorksheetById('simple-probability') returns canonical Worksheet JSON with matching generator lineage, questions, answer key, and manifest entries.",Matches expected behavior in the recorded test evidence.,,passed: npm run test verified legacy generator registry canonical worksheets; passed: npm run test verified legacy generator registry canonical worksheets,No issue found,,,passed: npm run test verified legacy generator registry canonical worksheets,Passed,catalog_id=simple-probability,src/generators/index.mjs; src/generators/canonical-worksheet.mjs; tests/frontend/worksheet-console.test.ts,LEGACY-003,Legacy generator registry,Simple probability generator,"As a developer, I can generate the legacy simple probability worksheet by registry id.","generateWorksheetById('simple-probability') returns canonical Worksheet JSON with matching generator lineage, questions, answer key, and manifest entries.",src/generators/index.mjs; src/generators/canonical-worksheet.mjs; tests/frontend/worksheet-console.test.ts,passed,passed: npm run test verified legacy generator registry canonical worksheets,,,passed: npm run test verified legacy generator registry canonical worksheets,catalog_id=simple-probability
LEGACY-004,Two-step linear equation generator,"Legacy generator registry: Two-step linear equation generator. generateWorksheetById('linear-equation-two-step') returns canonical Worksheet JSON with matching generator lineage, questions, answer key, and manifest entries.",Legacy generator registry,LEGACY-004,"As a developer, I can generate the legacy two-step linear equation worksheet by registry id.","1. Given Legacy generator registry API in src/generators/index.mjs, when the story is exercised, then generateWorksheetById('linear-equation-two-step') returns canonical Worksheet JSON with matching generator lineage, questions, answer key, and manifest entries. 2. The recorded initial and regression evidence for LEGACY-004 is Passing or Fixed. 3. Any discovered issue for this story has severity, reproduction, root cause, fix status, and retest evidence recorded in this row.","generateWorksheetById('linear-equation-two-step') returns canonical Worksheet JSON with matching generator lineage, questions, answer key, and manifest entries.",Legacy generator registry API in src/generators/index.mjs,src/generators/index.mjs; src/generators/canonical-worksheet.mjs; tests/frontend/worksheet-console.test.ts,"Unknown id error, registry order, seed propagation, manifest parity with answer key.",Developer / maintainer; no runtime auth or permission gates in scope.,"Unknown id error, registry order, seed propagation, manifest parity with answer key.",Passing,passed: npm run test verified legacy generator registry canonical worksheets,,,,"generateWorksheetById('linear-equation-two-step') returns canonical Worksheet JSON with matching generator lineage, questions, answer key, and manifest entries.",Matches expected behavior in the recorded test evidence.,,passed: npm run test verified legacy generator registry canonical worksheets; passed: npm run test verified legacy generator registry canonical worksheets,No issue found,,,passed: npm run test verified legacy generator registry canonical worksheets,Passed,catalog_id=linear-equation-two-step,src/generators/index.mjs; src/generators/canonical-worksheet.mjs; tests/frontend/worksheet-console.test.ts,LEGACY-004,Legacy generator registry,Two-step linear equation generator,"As a developer, I can generate the legacy two-step linear equation worksheet by registry id.","generateWorksheetById('linear-equation-two-step') returns canonical Worksheet JSON with matching generator lineage, questions, answer key, and manifest entries.",src/generators/index.mjs; src/generators/canonical-worksheet.mjs; tests/frontend/worksheet-console.test.ts,passed,passed: npm run test verified legacy generator registry canonical worksheets,,,passed: npm run test verified legacy generator registry canonical worksheets,catalog_id=linear-equation-two-step
LEGACY-005,Rectangle area and perimeter generator,"Legacy generator registry: Rectangle area and perimeter generator. generateWorksheetById('rectangle-area-perimeter') returns canonical Worksheet JSON with matching generator lineage, questions, answer key, and manifest entries.",Legacy generator registry,LEGACY-005,"As a developer, I can generate the legacy rectangle area/perimeter worksheet by registry id.","1. Given Legacy generator registry API in src/generators/index.mjs, when the story is exercised, then generateWorksheetById('rectangle-area-perimeter') returns canonical Worksheet JSON with matching generator lineage, questions, answer key, and manifest entries. 2. The recorded initial and regression evidence for LEGACY-005 is Passing or Fixed. 3. Any discovered issue for this story has severity, reproduction, root cause, fix status, and retest evidence recorded in this row.","generateWorksheetById('rectangle-area-perimeter') returns canonical Worksheet JSON with matching generator lineage, questions, answer key, and manifest entries.",Legacy generator registry API in src/generators/index.mjs,src/generators/index.mjs; src/generators/canonical-worksheet.mjs; tests/frontend/worksheet-console.test.ts,"Unknown id error, registry order, seed propagation, manifest parity with answer key.",Developer / maintainer; no runtime auth or permission gates in scope.,"Unknown id error, registry order, seed propagation, manifest parity with answer key.",Passing,passed: npm run test verified legacy generator registry canonical worksheets,,,,"generateWorksheetById('rectangle-area-perimeter') returns canonical Worksheet JSON with matching generator lineage, questions, answer key, and manifest entries.",Matches expected behavior in the recorded test evidence.,,passed: npm run test verified legacy generator registry canonical worksheets; passed: npm run test verified legacy generator registry canonical worksheets,No issue found,,,passed: npm run test verified legacy generator registry canonical worksheets,Passed,catalog_id=rectangle-area-perimeter,src/generators/index.mjs; src/generators/canonical-worksheet.mjs; tests/frontend/worksheet-console.test.ts,LEGACY-005,Legacy generator registry,Rectangle area and perimeter generator,"As a developer, I can generate the legacy rectangle area/perimeter worksheet by registry id.","generateWorksheetById('rectangle-area-perimeter') returns canonical Worksheet JSON with matching generator lineage, questions, answer key, and manifest entries.",src/generators/index.mjs; src/generators/canonical-worksheet.mjs; tests/frontend/worksheet-console.test.ts,passed,passed: npm run test verified legacy generator registry canonical worksheets,,,passed: npm run test verified legacy generator registry canonical worksheets,catalog_id=rectangle-area-perimeter
LEGACY-006,Unknown legacy generator id,Legacy generator registry: Unknown legacy generator id. generateWorksheetById throws an Unknown generator id error when the id is not present in generatorRegistry.,Legacy generator registry,LEGACY-006,"As a developer, I get a clear error when requesting an unknown legacy generator id.","1. Given Legacy generator registry API in src/generators/index.mjs, when the story is exercised, then generateWorksheetById throws an Unknown generator id error when the id is not present in generatorRegistry. 2. The recorded initial and regression evidence for LEGACY-006 is Passing or Fixed. 3. Any discovered issue for this story has severity, reproduction, root cause, fix status, and retest evidence recorded in this row.",generateWorksheetById throws an Unknown generator id error when the id is not present in generatorRegistry.,Legacy generator registry API in src/generators/index.mjs,src/generators/index.mjs; tests/frontend/worksheet-console.test.ts,"Unknown id error, registry order, seed propagation, manifest parity with answer key.",Developer / maintainer; no runtime auth or permission gates in scope.,"Unknown id error, registry order, seed propagation, manifest parity with answer key.",Passing,passed: npm run test verified unknown legacy generator id error,,,,generateWorksheetById throws an Unknown generator id error when the id is not present in generatorRegistry.,Matches expected behavior in the recorded test evidence.,,passed: npm run test verified unknown legacy generator id error; passed: npm run test verified unknown legacy generator id error,No issue found,,,passed: npm run test verified unknown legacy generator id error,Passed,No additional notes.,src/generators/index.mjs; tests/frontend/worksheet-console.test.ts,LEGACY-006,Legacy generator registry,Unknown legacy generator id,"As a developer, I get a clear error when requesting an unknown legacy generator id.",generateWorksheetById throws an Unknown generator id error when the id is not present in generatorRegistry.,src/generators/index.mjs; tests/frontend/worksheet-console.test.ts,passed,passed: npm run test verified unknown legacy generator id error,,,passed: npm run test verified unknown legacy generator id error,No additional notes.
GEN-001,Number Recognition and Tracing,"Worksheet generators: Number Recognition and Tracing. Selecting Number Recognition and Tracing produces canonical worksheet JSON with 3-12 questions, title Number Recognition and Tracing, supported grades 0/K, supported formats visual-model/quick-check, generator kind numberSense, matching answer key entries, passing audit results, and checkable answers.",Worksheet generators,GEN-001,"As a teacher, I can select the Number Recognition and Tracing generator for Number Sense practice.","1. Given Worksheet generator catalog entry selectable from setup panel, when the story is exercised, then Selecting Number Recognition and Tracing produces canonical worksheet JSON with 3-12 questions, title Number Recognition and Tracing, supported grades 0/K, supported formats visual-model/quick-check, generator kind numberSense, matching answer key entries, passing audit results, and checkable answers. 2. The recorded initial and regression evidence for GEN-001 is Passing or Fixed. 3. Any discovered issue for this story has severity, reproduction, root cause, fix status, and retest evidence recorded in this row.","Selecting Number Recognition and Tracing produces canonical worksheet JSON with 3-12 questions, title Number Recognition and Tracing, supported grades 0/K, supported formats visual-model/quick-check, generator kind numberSense, matching answer key entries, passing audit results, and checkable answers.",Worksheet generator catalog entry selectable from setup panel,src/features/worksheet/catalog.ts; src/features/worksheet/generator.ts; src/features/worksheet/item-factory.ts,"Supported grade/format/strand filters, answer-key correctness, deterministic item generation, validation rules and solution metadata.",Teacher via catalog selection and developer via generator verification; no auth or permission gates in scope.,"Supported grade/format/strand filters, answer-key correctness, deterministic item generation, validation rules and solution metadata.",Passing,"npm run test:generators passed: 139 worksheet types, 834 generated items, failed [].",,,,"Selecting Number Recognition and Tracing produces canonical worksheet JSON with 3-12 questions, title Number Recognition and Tracing, supported grades 0/K, supported formats visual-model/quick-check, generator kind numberSense, matching answer key entries, passing audit results, and checkable answers.",Matches expected behavior in the recorded test evidence.,,"npm run test:generators passed: 139 worksheet types, 834 generated items, failed [].; npm run test:generators passed: 139 worksheet types, 834 generated items, failed [].",No issue found,,,"npm run test:generators passed: 139 worksheet types, 834 generated items, failed [].",Passed,catalog_id=number-recognition-and-tracing; strand=Number Sense; grades=0|K; formats=visual-model|quick-check; generatorKind=numberSense,src/features/worksheet/catalog.ts; src/features/worksheet/generator.ts; src/features/worksheet/item-factory.ts,GEN-001,Worksheet generators,Number Recognition and Tracing,"As a teacher, I can select the Number Recognition and Tracing generator for Number Sense practice.","Selecting Number Recognition and Tracing produces canonical worksheet JSON with 3-12 questions, title Number Recognition and Tracing, supported grades 0/K, supported formats visual-model/quick-check, generator kind numberSense, matching answer key entries, passing audit results, and checkable answers.",src/features/worksheet/catalog.ts; src/features/worksheet/generator.ts; src/features/worksheet/item-factory.ts,passed,"npm run test:generators passed: 139 worksheet types, 834 generated items, failed [].",,,"npm run test:generators passed: 139 worksheet types, 834 generated items, failed [].",catalog_id=number-recognition-and-tracing; strand=Number Sense; grades=0|K; formats=visual-model|quick-check; generatorKind=numberSense
GEN-002,Counting Sets and One-to-One Matching,"Worksheet generators: Counting Sets and One-to-One Matching. Selecting Counting Sets and One-to-One Matching produces canonical worksheet JSON with 3-12 questions, title Counting Sets and One-to-One Matching, supported grades 0/K/1, supported formats visual-model/quick-check, generator kind numberSense, matching answer key entries, passing audit results, and checkable answers.",Worksheet generators,GEN-002,"As a teacher, I can select the Counting Sets and One-to-One Matching generator for Number Sense practice.","1. Given Worksheet generator catalog entry selectable from setup panel, when the story is exercised, then Selecting Counting Sets and One-to-One Matching produces canonical worksheet JSON with 3-12 questions, title Counting Sets and One-to-One Matching, supported grades 0/K/1, supported formats visual-model/quick-check, generator kind numberSense, matching answer key entries, passing audit results, and checkable answers. 2. The recorded initial and regression evidence for GEN-002 is Passing or Fixed. 3. Any discovered issue for this story has severity, reproduction, root cause, fix status, and retest evidence recorded in this row.","Selecting Counting Sets and One-to-One Matching produces canonical worksheet JSON with 3-12 questions, title Counting Sets and One-to-One Matching, supported grades 0/K/1, supported formats visual-model/quick-check, generator kind numberSense, matching answer key entries, passing audit results, and checkable answers.",Worksheet generator catalog entry selectable from setup panel,src/features/worksheet/catalog.ts; src/features/worksheet/generator.ts; src/features/worksheet/item-factory.ts,"Supported grade/format/strand filters, answer-key correctness, deterministic item generation, validation rules and solution metadata.",Teacher via catalog selection and developer via generator verification; no auth or permission gates in scope.,"Supported grade/format/strand filters, answer-key correctness, deterministic item generation, validation rules and solution metadata.",Passing,"npm run test:generators passed: 139 worksheet types, 834 generated items, failed [].",,,,"Selecting Counting Sets and One-to-One Matching produces canonical worksheet JSON with 3-12 questions, title Counting Sets and One-to-One Matching, supported grades 0/K/1, supported formats visual-model/quick-check, generator kind numberSense, matching answer key entries, passing audit results, and checkable answers.",Matches expected behavior in the recorded test evidence.,,"npm run test:generators passed: 139 worksheet types, 834 generated items, failed [].; npm run test:generators passed: 139 worksheet types, 834 generated items, failed [].",No issue found,,,"npm run test:generators passed: 139 worksheet types, 834 generated items, failed [].",Passed,catalog_id=counting-sets-and-one-to-one-matching; strand=Number Sense; grades=0|K|1; formats=visual-model|quick-check; generatorKind=numberSense,src/features/worksheet/catalog.ts; src/features/worksheet/generator.ts; src/features/worksheet/item-factory.ts,GEN-002,Worksheet generators,Counting Sets and One-to-One Matching,"As a teacher, I can select the Counting Sets and One-to-One Matching generator for Number Sense practice.","Selecting Counting Sets and One-to-One Matching produces canonical worksheet JSON with 3-12 questions, title Counting Sets and One-to-One Matching, supported grades 0/K/1, supported formats visual-model/quick-check, generator kind numberSense, matching answer key entries, passing audit results, and checkable answers.",src/features/worksheet/catalog.ts; src/features/worksheet/generator.ts; src/features/worksheet/item-factory.ts,passed,"npm run test:generators passed: 139 worksheet types, 834 generated items, failed [].",,,"npm run test:generators passed: 139 worksheet types, 834 generated items, failed [].",catalog_id=counting-sets-and-one-to-one-matching; strand=Number Sense; grades=0|K|1; formats=visual-model|quick-check; generatorKind=numberSense
GEN-003,Number Charts and Hundreds Charts,"Worksheet generators: Number Charts and Hundreds Charts. Selecting Number Charts and Hundreds Charts produces canonical worksheet JSON with 3-12 questions, title Number Charts and Hundreds Charts, supported grades K/1/2/3, supported formats visual-model/fluency-grid, generator kind numberPattern, matching answer key entries, passing audit results, and checkable answers.",Worksheet generators,GEN-003,"As a teacher, I can select the Number Charts and Hundreds Charts generator for Number Sense practice.","1. Given Worksheet generator catalog entry selectable from setup panel, when the story is exercised, then Selecting Number Charts and Hundreds Charts produces canonical worksheet JSON with 3-12 questions, title Number Charts and Hundreds Charts, supported grades K/1/2/3, supported formats visual-model/fluency-grid, generator kind numberPattern, matching answer key entries, passing audit results, and checkable answers. 2. The recorded initial and regression evidence for GEN-003 is Passing or Fixed. 3. Any discovered issue for this story has severity, reproduction, root cause, fix status, and retest evidence recorded in this row.","Selecting Number Charts and Hundreds Charts produces canonical worksheet JSON with 3-12 questions, title Number Charts and Hundreds Charts, supported grades K/1/2/3, supported formats visual-model/fluency-grid, generator kind numberPattern, matching answer key entries, passing audit results, and checkable answers.",Worksheet generator catalog entry selectable from setup panel,src/features/worksheet/catalog.ts; src/features/worksheet/generator.ts; src/features/worksheet/item-factory.ts,"Supported grade/format/strand filters, answer-key correctness, deterministic item generation, validation rules and solution metadata.",Teacher via catalog selection and developer via generator verification; no auth or permission gates in scope.,"Supported grade/format/strand filters, answer-key correctness, deterministic item generation, validation rules and solution metadata.",Passing,"npm run test:generators passed: 139 worksheet types, 834 generated items, failed [].",,,,"Selecting Number Charts and Hundreds Charts produces canonical worksheet JSON with 3-12 questions, title Number Charts and Hundreds Charts, supported grades K/1/2/3, supported formats visual-model/fluency-grid, generator kind numberPattern, matching answer key entries, passing audit results, and checkable answers.",Matches expected behavior in the recorded test evidence.,,"npm run test:generators passed: 139 worksheet types, 834 generated items, failed [].; npm run test:generators passed: 139 worksheet types, 834 generated items, failed [].",No issue found,,,"npm run test:generators passed: 139 worksheet types, 834 generated items, failed [].",Passed,catalog_id=number-charts-and-hundreds-charts; strand=Number Sense; grades=K|1|2|3; formats=visual-model|fluency-grid; generatorKind=numberPattern,src/features/worksheet/catalog.ts; src/features/worksheet/generator.ts; src/features/worksheet/item-factory.ts,GEN-003,Worksheet generators,Number Charts and Hundreds Charts,"As a teacher, I can select the Number Charts and Hundreds Charts generator for Number Sense practice.","Selecting Number Charts and Hundreds Charts produces canonical worksheet JSON with 3-12 questions, title Number Charts and Hundreds Charts, supported grades K/1/2/3, supported formats visual-model/fluency-grid, generator kind numberPattern, matching answer key entries, passing audit results, and checkable answers.",src/features/worksheet/catalog.ts; src/features/worksheet/generator.ts; src/features/worksheet/item-factory.ts,passed,"npm run test:generators passed: 139 worksheet types, 834 generated items, failed [].",,,"npm run test:generators passed: 139 worksheet types, 834 generated items, failed [].",catalog_id=number-charts-and-hundreds-charts; strand=Number Sense; grades=K|1|2|3; formats=visual-model|fluency-grid; generatorKind=numberPattern
GEN-004,Comparing and Ordering Numbers,"Worksheet generators: Comparing and Ordering Numbers. Selecting Comparing and Ordering Numbers produces canonical worksheet JSON with 3-12 questions, title Comparing and Ordering Numbers, supported grades K/1/2/3/4/5/6, supported formats fluency-grid/quick-check, generator kind compare, matching answer key entries, passing audit results, and checkable answers.",Worksheet generators,GEN-004,"As a teacher, I can select the Comparing and Ordering Numbers generator for Number Sense practice.","1. Given Worksheet generator catalog entry selectable from setup panel, when the story is exercised, then Selecting Comparing and Ordering Numbers produces canonical worksheet JSON with 3-12 questions, title Comparing and Ordering Numbers, supported grades K/1/2/3/4/5/6, supported formats fluency-grid/quick-check, generator kind compare, matching answer key entries, passing audit results, and checkable answers. 2. The recorded initial and regression evidence for GEN-004 is Passing or Fixed. 3. Any discovered issue for this story has severity, reproduction, root cause, fix status, and retest evidence recorded in this row.","Selecting Comparing and Ordering Numbers produces canonical worksheet JSON with 3-12 questions, title Comparing and Ordering Numbers, supported grades K/1/2/3/4/5/6, supported formats fluency-grid/quick-check, generator kind compare, matching answer key entries, passing audit results, and checkable answers.",Worksheet generator catalog entry selectable from setup panel,src/features/worksheet/catalog.ts; src/features/worksheet/generator.ts; src/features/worksheet/item-factory.ts,"Supported grade/format/strand filters, answer-key correctness, deterministic item generation, validation rules and solution metadata.",Teacher via catalog selection and developer via generator verification; no auth or permission gates in scope.,"Supported grade/format/strand filters, answer-key correctness, deterministic item generation, validation rules and solution metadata.",Passing,"npm run test:generators passed: 139 worksheet types, 834 generated items, failed [].",,,,"Selecting Comparing and Ordering Numbers produces canonical worksheet JSON with 3-12 questions, title Comparing and Ordering Numbers, supported grades K/1/2/3/4/5/6, supported formats fluency-grid/quick-check, generator kind compare, matching answer key entries, passing audit results, and checkable answers.",Matches expected behavior in the recorded test evidence.,,"npm run test:generators passed: 139 worksheet types, 834 generated items, failed [].; npm run test:generators passed: 139 worksheet types, 834 generated items, failed [].",No issue found,,,"npm run test:generators passed: 139 worksheet types, 834 generated items, failed [].",Passed,catalog_id=comparing-and-ordering-numbers; strand=Number Sense; grades=K|1|2|3|4|5|6; formats=fluency-grid|quick-check; generatorKind=compare,src/features/worksheet/catalog.ts; src/features/worksheet/generator.ts; src/features/worksheet/item-factory.ts,GEN-004,Worksheet generators,Comparing and Ordering Numbers,"As a teacher, I can select the Comparing and Ordering Numbers generator for Number Sense practice.","Selecting Comparing and Ordering Numbers produces canonical worksheet JSON with 3-12 questions, title Comparing and Ordering Numbers, supported grades K/1/2/3/4/5/6, supported formats fluency-grid/quick-check, generator kind compare, matching answer key entries, passing audit results, and checkable answers.",src/features/worksheet/catalog.ts; src/features/worksheet/generator.ts; src/features/worksheet/item-factory.ts,passed,"npm run test:generators passed: 139 worksheet types, 834 generated items, failed [].",,,"npm run test:generators passed: 139 worksheet types, 834 generated items, failed [].",catalog_id=comparing-and-ordering-numbers; strand=Number Sense; grades=K|1|2|3|4|5|6; formats=fluency-grid|quick-check; generatorKind=compare
GEN-005,Place Value and Base-Ten Blocks,"Worksheet generators: Place Value and Base-Ten Blocks. Selecting Place Value and Base-Ten Blocks produces canonical worksheet JSON with 3-12 questions, title Place Value and Base-Ten Blocks, supported grades K/1/2/3/4/5/6, supported formats visual-model/worked-practice, generator kind placeValue, matching answer key entries, passing audit results, and checkable answers.",Worksheet generators,GEN-005,"As a teacher, I can select the Place Value and Base-Ten Blocks generator for Number Sense practice.","1. Given Worksheet generator catalog entry selectable from setup panel, when the story is exercised, then Selecting Place Value and Base-Ten Blocks produces canonical worksheet JSON with 3-12 questions, title Place Value and Base-Ten Blocks, supported grades K/1/2/3/4/5/6, supported formats visual-model/worked-practice, generator kind placeValue, matching answer key entries, passing audit results, and checkable answers. 2. The recorded initial and regression evidence for GEN-005 is Passing or Fixed. 3. Any discovered issue for this story has severity, reproduction, root cause, fix status, and retest evidence recorded in this row.","Selecting Place Value and Base-Ten Blocks produces canonical worksheet JSON with 3-12 questions, title Place Value and Base-Ten Blocks, supported grades K/1/2/3/4/5/6, supported formats visual-model/worked-practice, generator kind placeValue, matching answer key entries, passing audit results, and checkable answers.",Worksheet generator catalog entry selectable from setup panel,src/features/worksheet/catalog.ts; src/features/worksheet/generator.ts; src/features/worksheet/item-factory.ts,"Supported grade/format/strand filters, answer-key correctness, deterministic item generation, validation rules and solution metadata.",Teacher via catalog selection and developer via generator verification; no auth or permission gates in scope.,"Supported grade/format/strand filters, answer-key correctness, deterministic item generation, validation rules and solution metadata.",Passing,"npm run test:generators passed: 139 worksheet types, 834 generated items, failed [].",,,,"Selecting Place Value and Base-Ten Blocks produces canonical worksheet JSON with 3-12 questions, title Place Value and Base-Ten Blocks, supported grades K/1/2/3/4/5/6, supported formats visual-model/worked-practice, generator kind placeValue, matching answer key entries, passing audit results, and checkable answers.",Matches expected behavior in the recorded test evidence.,,"npm run test:generators passed: 139 worksheet types, 834 generated items, failed [].; npm run test:generators passed: 139 worksheet types, 834 generated items, failed [].",No issue found,,,"npm run test:generators passed: 139 worksheet types, 834 generated items, failed [].",Passed,catalog_id=place-value-and-base-ten-blocks; strand=Number Sense; grades=K|1|2|3|4|5|6; formats=visual-model|worked-practice; generatorKind=placeValue,src/features/worksheet/catalog.ts; src/features/worksheet/generator.ts; src/features/worksheet/item-factory.ts,GEN-005,Worksheet generators,Place Value and Base-Ten Blocks,"As a teacher, I can select the Place Value and Base-Ten Blocks generator for Number Sense practice.","Selecting Place Value and Base-Ten Blocks produces canonical worksheet JSON with 3-12 questions, title Place Value and Base-Ten Blocks, supported grades K/1/2/3/4/5/6, supported formats visual-model/worked-practice, generator kind placeValue, matching answer key entries, passing audit results, and checkable answers.",src/features/worksheet/catalog.ts; src/features/worksheet/generator.ts; src/features/worksheet/item-factory.ts,passed,"npm run test:generators passed: 139 worksheet types, 834 generated items, failed [].",,,"npm run test:generators passed: 139 worksheet types, 834 generated items, failed [].",catalog_id=place-value-and-base-ten-blocks; strand=Number Sense; grades=K|1|2|3|4|5|6; formats=visual-model|worked-practice; generatorKind=placeValue
GEN-006,Rounding and Estimation,"Worksheet generators: Rounding and Estimation. Selecting Rounding and Estimation produces canonical worksheet JSON with 3-12 questions, title Rounding and Estimation, supported grades 2/3/4/5/6/7, supported formats fluency-grid/worked-practice, generator kind rounding, matching answer key entries, passing audit results, and checkable answers.",Worksheet generators,GEN-006,"As a teacher, I can select the Rounding and Estimation generator for Number Sense practice.","1. Given Worksheet generator catalog entry selectable from setup panel, when the story is exercised, then Selecting Rounding and Estimation produces canonical worksheet JSON with 3-12 questions, title Rounding and Estimation, supported grades 2/3/4/5/6/7, supported formats fluency-grid/worked-practice, generator kind rounding, matching answer key entries, passing audit results, and checkable answers. 2. The recorded initial and regression evidence for GEN-006 is Passing or Fixed. 3. Any discovered issue for this story has severity, reproduction, root cause, fix status, and retest evidence recorded in this row.","Selecting Rounding and Estimation produces canonical worksheet JSON with 3-12 questions, title Rounding and Estimation, supported grades 2/3/4/5/6/7, supported formats fluency-grid/worked-practice, generator kind rounding, matching answer key entries, passing audit results, and checkable answers.",Worksheet generator catalog entry selectable from setup panel,src/features/worksheet/catalog.ts; src/features/worksheet/generator.ts; src/features/worksheet/item-factory.ts,"Supported grade/format/strand filters, answer-key correctness, deterministic item generation, validation rules and solution metadata.",Teacher via catalog selection and developer via generator verification; no auth or permission gates in scope.,"Supported grade/format/strand filters, answer-key correctness, deterministic item generation, validation rules and solution metadata.",Passing,"npm run test:generators passed: 139 worksheet types, 834 generated items, failed [].",,,,"Selecting Rounding and Estimation produces canonical worksheet JSON with 3-12 questions, title Rounding and Estimation, supported grades 2/3/4/5/6/7, supported formats fluency-grid/worked-practice, generator kind rounding, matching answer key entries, passing audit results, and checkable answers.",Matches expected behavior in the recorded test evidence.,,"npm run test:generators passed: 139 worksheet types, 834 generated items, failed [].; npm run test:generators passed: 139 worksheet types, 834 generated items, failed [].",No issue found,,,"npm run test:generators passed: 139 worksheet types, 834 generated items, failed [].",Passed,catalog_id=rounding-and-estimation; strand=Number Sense; grades=2|3|4|5|6|7; formats=fluency-grid|worked-practice; generatorKind=rounding,src/features/worksheet/catalog.ts; src/features/worksheet/generator.ts; src/features/worksheet/item-factory.ts,GEN-006,Worksheet generators,Rounding and Estimation,"As a teacher, I can select the Rounding and Estimation generator for Number Sense practice.","Selecting Rounding and Estimation produces canonical worksheet JSON with 3-12 questions, title Rounding and Estimation, supported grades 2/3/4/5/6/7, supported formats fluency-grid/worked-practice, generator kind rounding, matching answer key entries, passing audit results, and checkable answers.",src/features/worksheet/catalog.ts; src/features/worksheet/generator.ts; src/features/worksheet/item-factory.ts,passed,"npm run test:generators passed: 139 worksheet types, 834 generated items, failed [].",,,"npm run test:generators passed: 139 worksheet types, 834 generated items, failed [].",catalog_id=rounding-and-estimation; strand=Number Sense; grades=2|3|4|5|6|7; formats=fluency-grid|worked-practice; generatorKind=rounding
GEN-007,Addition Facts Fluency,"Worksheet generators: Addition Facts Fluency. Selecting Addition Facts Fluency produces canonical worksheet JSON with 3-12 questions, title Addition Facts Fluency, supported grades K/1/2/3, supported formats fluency-grid/quick-check, generator kind arithmetic, matching answer key entries, passing audit results, and checkable answers.",Worksheet generators,GEN-007,"As a teacher, I can select the Addition Facts Fluency generator for Operations and Fluency practice.","1. Given Worksheet generator catalog entry selectable from setup panel, when the story is exercised, then Selecting Addition Facts Fluency produces canonical worksheet JSON with 3-12 questions, title Addition Facts Fluency, supported grades K/1/2/3, supported formats fluency-grid/quick-check, generator kind arithmetic, matching answer key entries, passing audit results, and checkable answers. 2. The recorded initial and regression evidence for GEN-007 is Passing or Fixed. 3. Any discovered issue for this story has severity, reproduction, root cause, fix status, and retest evidence recorded in this row.","Selecting Addition Facts Fluency produces canonical worksheet JSON with 3-12 questions, title Addition Facts Fluency, supported grades K/1/2/3, supported formats fluency-grid/quick-check, generator kind arithmetic, matching answer key entries, passing audit results, and checkable answers.",Worksheet generator catalog entry selectable from setup panel,src/features/worksheet/catalog.ts; src/features/worksheet/generator.ts; src/features/worksheet/item-factory.ts,"Supported grade/format/strand filters, answer-key correctness, deterministic item generation, validation rules and solution metadata.",Teacher via catalog selection and developer via generator verification; no auth or permission gates in scope.,"Supported grade/format/strand filters, answer-key correctness, deterministic item generation, validation rules and solution metadata.",Passing,"npm run test:generators passed: 139 worksheet types, 834 generated items, failed [].",,,,"Selecting Addition Facts Fluency produces canonical worksheet JSON with 3-12 questions, title Addition Facts Fluency, supported grades K/1/2/3, supported formats fluency-grid/quick-check, generator kind arithmetic, matching answer key entries, passing audit results, and checkable answers.",Matches expected behavior in the recorded test evidence.,,"npm run test:generators passed: 139 worksheet types, 834 generated items, failed [].; npm run test:generators passed: 139 worksheet types, 834 generated items, failed [].",No issue found,,,"npm run test:generators passed: 139 worksheet types, 834 generated items, failed [].",Passed,catalog_id=addition-facts-fluency; strand=Operations and Fluency; grades=K|1|2|3; formats=fluency-grid|quick-check; generatorKind=arithmetic,src/features/worksheet/catalog.ts; src/features/worksheet/generator.ts; src/features/worksheet/item-factory.ts,GEN-007,Worksheet generators,Addition Facts Fluency,"As a teacher, I can select the Addition Facts Fluency generator for Operations and Fluency practice.","Selecting Addition Facts Fluency produces canonical worksheet JSON with 3-12 questions, title Addition Facts Fluency, supported grades K/1/2/3, supported formats fluency-grid/quick-check, generator kind arithmetic, matching answer key entries, passing audit results, and checkable answers.",src/features/worksheet/catalog.ts; src/features/worksheet/generator.ts; src/features/worksheet/item-factory.ts,passed,"npm run test:generators passed: 139 worksheet types, 834 generated items, failed [].",,,"npm run test:generators passed: 139 worksheet types, 834 generated items, failed [].",catalog_id=addition-facts-fluency; strand=Operations and Fluency; grades=K|1|2|3; formats=fluency-grid|quick-check; generatorKind=arithmetic
GEN-008,Multi-Digit Addition,"Worksheet generators: Multi-Digit Addition. Selecting Multi-Digit Addition produces canonical worksheet JSON with 3-12 questions, title Multi-Digit Addition, supported grades 2/3/4/5/6, supported formats worked-practice/fluency-grid, generator kind arithmetic, matching answer key entries, passing audit results, and checkable answers.",Worksheet generators,GEN-008,"As a teacher, I can select the Multi-Digit Addition generator for Operations and Fluency practice.","1. Given Worksheet generator catalog entry selectable from setup panel, when the story is exercised, then Selecting Multi-Digit Addition produces canonical worksheet JSON with 3-12 questions, title Multi-Digit Addition, supported grades 2/3/4/5/6, supported formats worked-practice/fluency-grid, generator kind arithmetic, matching answer key entries, passing audit results, and checkable answers. 2. The recorded initial and regression evidence for GEN-008 is Passing or Fixed. 3. Any discovered issue for this story has severity, reproduction, root cause, fix status, and retest evidence recorded in this row.","Selecting Multi-Digit Addition produces canonical worksheet JSON with 3-12 questions, title Multi-Digit Addition, supported grades 2/3/4/5/6, supported formats worked-practice/fluency-grid, generator kind arithmetic, matching answer key entries, passing audit results, and checkable answers.",Worksheet generator catalog entry selectable from setup panel,src/features/worksheet/catalog.ts; src/features/worksheet/generator.ts; src/features/worksheet/item-factory.ts,"Supported grade/format/strand filters, answer-key correctness, deterministic item generation, validation rules and solution metadata.",Teacher via catalog selection and developer via generator verification; no auth or permission gates in scope.,"Supported grade/format/strand filters, answer-key correctness, deterministic item generation, validation rules and solution metadata.",Passing,"npm run test:generators passed: 139 worksheet types, 834 generated items, failed [].",,,,"Selecting Multi-Digit Addition produces canonical worksheet JSON with 3-12 questions, title Multi-Digit Addition, supported grades 2/3/4/5/6, supported formats worked-practice/fluency-grid, generator kind arithmetic, matching answer key entries, passing audit results, and checkable answers.",Matches expected behavior in the recorded test evidence.,,"npm run test:generators passed: 139 worksheet types, 834 generated items, failed [].; npm run test:generators passed: 139 worksheet types, 834 generated items, failed [].",No issue found,,,"npm run test:generators passed: 139 worksheet types, 834 generated items, failed [].",Passed,catalog_id=multi-digit-addition; strand=Operations and Fluency; grades=2|3|4|5|6; formats=worked-practice|fluency-grid; generatorKind=arithmetic,src/features/worksheet/catalog.ts; src/features/worksheet/generator.ts; src/features/worksheet/item-factory.ts,GEN-008,Worksheet generators,Multi-Digit Addition,"As a teacher, I can select the Multi-Digit Addition generator for Operations and Fluency practice.","Selecting Multi-Digit Addition produces canonical worksheet JSON with 3-12 questions, title Multi-Digit Addition, supported grades 2/3/4/5/6, supported formats worked-practice/fluency-grid, generator kind arithmetic, matching answer key entries, passing audit results, and checkable answers.",src/features/worksheet/catalog.ts; src/features/worksheet/generator.ts; src/features/worksheet/item-factory.ts,passed,"npm run test:generators passed: 139 worksheet types, 834 generated items, failed [].",,,"npm run test:generators passed: 139 worksheet types, 834 generated items, failed [].",catalog_id=multi-digit-addition; strand=Operations and Fluency; grades=2|3|4|5|6; formats=worked-practice|fluency-grid; generatorKind=arithmetic
GEN-009,Subtraction Facts and Regrouping,"Worksheet generators: Subtraction Facts and Regrouping. Selecting Subtraction Facts and Regrouping produces canonical worksheet JSON with 3-12 questions, title Subtraction Facts and Regrouping, supported grades 1/2/3/4/5/6, supported formats worked-practice/fluency-grid, generator kind arithmetic, matching answer key entries, passing audit results, and checkable answers.",Worksheet generators,GEN-009,"As a teacher, I can select the Subtraction Facts and Regrouping generator for Operations and Fluency practice.","1. Given Worksheet generator catalog entry selectable from setup panel, when the story is exercised, then Selecting Subtraction Facts and Regrouping produces canonical worksheet JSON with 3-12 questions, title Subtraction Facts and Regrouping, supported grades 1/2/3/4/5/6, supported formats worked-practice/fluency-grid, generator kind arithmetic, matching answer key entries, passing audit results, and checkable answers. 2. The recorded initial and regression evidence for GEN-009 is Passing or Fixed. 3. Any discovered issue for this story has severity, reproduction, root cause, fix status, and retest evidence recorded in this row.","Selecting Subtraction Facts and Regrouping produces canonical worksheet JSON with 3-12 questions, title Subtraction Facts and Regrouping, supported grades 1/2/3/4/5/6, supported formats worked-practice/fluency-grid, generator kind arithmetic, matching answer key entries, passing audit results, and checkable answers.",Worksheet generator catalog entry selectable from setup panel,src/features/worksheet/catalog.ts; src/features/worksheet/generator.ts; src/features/worksheet/item-factory.ts,"Supported grade/format/strand filters, answer-key correctness, deterministic item generation, validation rules and solution metadata.",Teacher via catalog selection and developer via generator verification; no auth or permission gates in scope.,"Supported grade/format/strand filters, answer-key correctness, deterministic item generation, validation rules and solution metadata.",Passing,"npm run test:generators passed: 139 worksheet types, 834 generated items, failed [].",,,,"Selecting Subtraction Facts and Regrouping produces canonical worksheet JSON with 3-12 questions, title Subtraction Facts and Regrouping, supported grades 1/2/3/4/5/6, supported formats worked-practice/fluency-grid, generator kind arithmetic, matching answer key entries, passing audit results, and checkable answers.",Matches expected behavior in the recorded test evidence.,,"npm run test:generators passed: 139 worksheet types, 834 generated items, failed [].; npm run test:generators passed: 139 worksheet types, 834 generated items, failed [].",No issue found,,,"npm run test:generators passed: 139 worksheet types, 834 generated items, failed [].",Passed,catalog_id=subtraction-facts-and-regrouping; strand=Operations and Fluency; grades=1|2|3|4|5|6; formats=worked-practice|fluency-grid; generatorKind=arithmetic,src/features/worksheet/catalog.ts; src/features/worksheet/generator.ts; src/features/worksheet/item-factory.ts,GEN-009,Worksheet generators,Subtraction Facts and Regrouping,"As a teacher, I can select the Subtraction Facts and Regrouping generator for Operations and Fluency practice.","Selecting Subtraction Facts and Regrouping produces canonical worksheet JSON with 3-12 questions, title Subtraction Facts and Regrouping, supported grades 1/2/3/4/5/6, supported formats worked-practice/fluency-grid, generator kind arithmetic, matching answer key entries, passing audit results, and checkable answers.",src/features/worksheet/catalog.ts; src/features/worksheet/generator.ts; src/features/worksheet/item-factory.ts,passed,"npm run test:generators passed: 139 worksheet types, 834 generated items, failed [].",,,"npm run test:generators passed: 139 worksheet types, 834 generated items, failed [].",catalog_id=subtraction-facts-and-regrouping; strand=Operations and Fluency; grades=1|2|3|4|5|6; formats=worked-practice|fluency-grid; generatorKind=arithmetic
GEN-010,Mixed Operations Practice,"Worksheet generators: Mixed Operations Practice. Selecting Mixed Operations Practice produces canonical worksheet JSON with 3-12 questions, title Mixed Operations Practice, supported grades 2/3/4/5/6/7, supported formats fluency-grid/quick-check, generator kind mixedOperations, matching answer key entries, passing audit results, and checkable answers.",Worksheet generators,GEN-010,"As a teacher, I can select the Mixed Operations Practice generator for Operations and Fluency practice.","1. Given Worksheet generator catalog entry selectable from setup panel, when the story is exercised, then Selecting Mixed Operations Practice produces canonical worksheet JSON with 3-12 questions, title Mixed Operations Practice, supported grades 2/3/4/5/6/7, supported formats fluency-grid/quick-check, generator kind mixedOperations, matching answer key entries, passing audit results, and checkable answers. 2. The recorded initial and regression evidence for GEN-010 is Passing or Fixed. 3. Any discovered issue for this story has severity, reproduction, root cause, fix status, and retest evidence recorded in this row.","Selecting Mixed Operations Practice produces canonical worksheet JSON with 3-12 questions, title Mixed Operations Practice, supported grades 2/3/4/5/6/7, supported formats fluency-grid/quick-check, generator kind mixedOperations, matching answer key entries, passing audit results, and checkable answers.",Worksheet generator catalog entry selectable from setup panel,src/features/worksheet/catalog.ts; src/features/worksheet/generator.ts; src/features/worksheet/item-factory.ts,"Supported grade/format/strand filters, answer-key correctness, deterministic item generation, validation rules and solution metadata.",Teacher via catalog selection and developer via generator verification; no auth or permission gates in scope.,"Supported grade/format/strand filters, answer-key correctness, deterministic item generation, validation rules and solution metadata.",Passing,"npm run test:generators passed: 139 worksheet types, 834 generated items, failed [].",,,,"Selecting Mixed Operations Practice produces canonical worksheet JSON with 3-12 questions, title Mixed Operations Practice, supported grades 2/3/4/5/6/7, supported formats fluency-grid/quick-check, generator kind mixedOperations, matching answer key entries, passing audit results, and checkable answers.",Matches expected behavior in the recorded test evidence.,,"npm run test:generators passed: 139 worksheet types, 834 generated items, failed [].; npm run test:generators passed: 139 worksheet types, 834 generated items, failed [].",No issue found,,,"npm run test:generators passed: 139 worksheet types, 834 generated items, failed [].",Passed,catalog_id=mixed-operations-practice; strand=Operations and Fluency; grades=2|3|4|5|6|7; formats=fluency-grid|quick-check; generatorKind=mixedOperations,src/features/worksheet/catalog.ts; src/features/worksheet/generator.ts; src/features/worksheet/item-factory.ts,GEN-010,Worksheet generators,Mixed Operations Practice,"As a teacher, I can select the Mixed Operations Practice generator for Operations and Fluency practice.","Selecting Mixed Operations Practice produces canonical worksheet JSON with 3-12 questions, title Mixed Operations Practice, supported grades 2/3/4/5/6/7, supported formats fluency-grid/quick-check, generator kind mixedOperations, matching answer key entries, passing audit results, and checkable answers.",src/features/worksheet/catalog.ts; src/features/worksheet/generator.ts; src/features/worksheet/item-factory.ts,passed,"npm run test:generators passed: 139 worksheet types, 834 generated items, failed [].",,,"npm run test:generators passed: 139 worksheet types, 834 generated items, failed [].",catalog_id=mixed-operations-practice; strand=Operations and Fluency; grades=2|3|4|5|6|7; formats=fluency-grid|quick-check; generatorKind=mixedOperations
GEN-011,Fact Families,"Worksheet generators: Fact Families. Selecting Fact Families produces canonical worksheet JSON with 3-12 questions, title Fact Families, supported grades 1/2/3/4, supported formats visual-model/worked-practice, generator kind factFamily, matching answer key entries, passing audit results, and checkable answers.",Worksheet generators,GEN-011,"As a teacher, I can select the Fact Families generator for Operations and Fluency practice.","1. Given Worksheet generator catalog entry selectable from setup panel, when the story is exercised, then Selecting Fact Families produces canonical worksheet JSON with 3-12 questions, title Fact Families, supported grades 1/2/3/4, supported formats visual-model/worked-practice, generator kind factFamily, matching answer key entries, passing audit results, and checkable answers. 2. The recorded initial and regression evidence for GEN-011 is Passing or Fixed. 3. Any discovered issue for this story has severity, reproduction, root cause, fix status, and retest evidence recorded in this row.","Selecting Fact Families produces canonical worksheet JSON with 3-12 questions, title Fact Families, supported grades 1/2/3/4, supported formats visual-model/worked-practice, generator kind factFamily, matching answer key entries, passing audit results, and checkable answers.",Worksheet generator catalog entry selectable from setup panel,src/features/worksheet/catalog.ts; src/features/worksheet/generator.ts; src/features/worksheet/item-factory.ts,"Supported grade/format/strand filters, answer-key correctness, deterministic item generation, validation rules and solution metadata.",Teacher via catalog selection and developer via generator verification; no auth or permission gates in scope.,"Supported grade/format/strand filters, answer-key correctness, deterministic item generation, validation rules and solution metadata.",Passing,"npm run test:generators passed: 139 worksheet types, 834 generated items, failed [].",,,,"Selecting Fact Families produces canonical worksheet JSON with 3-12 questions, title Fact Families, supported grades 1/2/3/4, supported formats visual-model/worked-practice, generator kind factFamily, matching answer key entries, passing audit results, and checkable answers.",Matches expected behavior in the recorded test evidence.,,"npm run test:generators passed: 139 worksheet types, 834 generated items, failed [].; npm run test:generators passed: 139 worksheet types, 834 generated items, failed [].",No issue found,,,"npm run test:generators passed: 139 worksheet types, 834 generated items, failed [].",Passed,catalog_id=fact-families; strand=Operations and Fluency; grades=1|2|3|4; formats=visual-model|worked-practice; generatorKind=factFamily,src/features/worksheet/catalog.ts; src/features/worksheet/generator.ts; src/features/worksheet/item-factory.ts,GEN-011,Worksheet generators,Fact Families,"As a teacher, I can select the Fact Families generator for Operations and Fluency practice.","Selecting Fact Families produces canonical worksheet JSON with 3-12 questions, title Fact Families, supported grades 1/2/3/4, supported formats visual-model/worked-practice, generator kind factFamily, matching answer key entries, passing audit results, and checkable answers.",src/features/worksheet/catalog.ts; src/features/worksheet/generator.ts; src/features/worksheet/item-factory.ts,passed,"npm run test:generators passed: 139 worksheet types, 834 generated items, failed [].",,,"npm run test:generators passed: 139 worksheet types, 834 generated items, failed [].",catalog_id=fact-families; strand=Operations and Fluency; grades=1|2|3|4; formats=visual-model|worked-practice; generatorKind=factFamily
GEN-012,Multiplication Tables and Facts,"Worksheet generators: Multiplication Tables and Facts. Selecting Multiplication Tables and Facts produces canonical worksheet JSON with 3-12 questions, title Multiplication Tables and Facts, supported grades 2/3/4/5, supported formats fluency-grid/visual-model, generator kind arithmetic, matching answer key entries, passing audit results, and checkable answers.",Worksheet generators,GEN-012,"As a teacher, I can select the Multiplication Tables and Facts generator for Operations and Fluency practice.","1. Given Worksheet generator catalog entry selectable from setup panel, when the story is exercised, then Selecting Multiplication Tables and Facts produces canonical worksheet JSON with 3-12 questions, title Multiplication Tables and Facts, supported grades 2/3/4/5, supported formats fluency-grid/visual-model, generator kind arithmetic, matching answer key entries, passing audit results, and checkable answers. 2. The recorded initial and regression evidence for GEN-012 is Passing or Fixed. 3. Any discovered issue for this story has severity, reproduction, root cause, fix status, and retest evidence recorded in this row.","Selecting Multiplication Tables and Facts produces canonical worksheet JSON with 3-12 questions, title Multiplication Tables and Facts, supported grades 2/3/4/5, supported formats fluency-grid/visual-model, generator kind arithmetic, matching answer key entries, passing audit results, and checkable answers.",Worksheet generator catalog entry selectable from setup panel,src/features/worksheet/catalog.ts; src/features/worksheet/generator.ts; src/features/worksheet/item-factory.ts,"Supported grade/format/strand filters, answer-key correctness, deterministic item generation, validation rules and solution metadata.",Teacher via catalog selection and developer via generator verification; no auth or permission gates in scope.,"Supported grade/format/strand filters, answer-key correctness, deterministic item generation, validation rules and solution metadata.",Passing,"npm run test:generators passed: 139 worksheet types, 834 generated items, failed [].",,,,"Selecting Multiplication Tables and Facts produces canonical worksheet JSON with 3-12 questions, title Multiplication Tables and Facts, supported grades 2/3/4/5, supported formats fluency-grid/visual-model, generator kind arithmetic, matching answer key entries, passing audit results, and checkable answers.",Matches expected behavior in the recorded test evidence.,,"npm run test:generators passed: 139 worksheet types, 834 generated items, failed [].; npm run test:generators passed: 139 worksheet types, 834 generated items, failed [].",No issue found,,,"npm run test:generators passed: 139 worksheet types, 834 generated items, failed [].",Passed,catalog_id=multiplication-tables-and-facts; strand=Operations and Fluency; grades=2|3|4|5; formats=fluency-grid|visual-model; generatorKind=arithmetic,src/features/worksheet/catalog.ts; src/features/worksheet/generator.ts; src/features/worksheet/item-factory.ts,GEN-012,Worksheet generators,Multiplication Tables and Facts,"As a teacher, I can select the Multiplication Tables and Facts generator for Operations and Fluency practice.","Selecting Multiplication Tables and Facts produces canonical worksheet JSON with 3-12 questions, title Multiplication Tables and Facts, supported grades 2/3/4/5, supported formats fluency-grid/visual-model, generator kind arithmetic, matching answer key entries, passing audit results, and checkable answers.",src/features/worksheet/catalog.ts; src/features/worksheet/generator.ts; src/features/worksheet/item-factory.ts,passed,"npm run test:generators passed: 139 worksheet types, 834 generated items, failed [].",,,"npm run test:generators passed: 139 worksheet types, 834 generated items, failed [].",catalog_id=multiplication-tables-and-facts; strand=Operations and Fluency; grades=2|3|4|5; formats=fluency-grid|visual-model; generatorKind=arithmetic
GEN-013,Long Multiplication,"Worksheet generators: Long Multiplication. Selecting Long Multiplication produces canonical worksheet JSON with 3-12 questions, title Long Multiplication, supported grades 3/4/5/6/7, supported formats worked-practice/fluency-grid, generator kind arithmetic, matching answer key entries, passing audit results, and checkable answers.",Worksheet generators,GEN-013,"As a teacher, I can select the Long Multiplication generator for Operations and Fluency practice.","1. Given Worksheet generator catalog entry selectable from setup panel, when the story is exercised, then Selecting Long Multiplication produces canonical worksheet JSON with 3-12 questions, title Long Multiplication, supported grades 3/4/5/6/7, supported formats worked-practice/fluency-grid, generator kind arithmetic, matching answer key entries, passing audit results, and checkable answers. 2. The recorded initial and regression evidence for GEN-013 is Passing or Fixed. 3. Any discovered issue for this story has severity, reproduction, root cause, fix status, and retest evidence recorded in this row.","Selecting Long Multiplication produces canonical worksheet JSON with 3-12 questions, title Long Multiplication, supported grades 3/4/5/6/7, supported formats worked-practice/fluency-grid, generator kind arithmetic, matching answer key entries, passing audit results, and checkable answers.",Worksheet generator catalog entry selectable from setup panel,src/features/worksheet/catalog.ts; src/features/worksheet/generator.ts; src/features/worksheet/item-factory.ts,"Supported grade/format/strand filters, answer-key correctness, deterministic item generation, validation rules and solution metadata.",Teacher via catalog selection and developer via generator verification; no auth or permission gates in scope.,"Supported grade/format/strand filters, answer-key correctness, deterministic item generation, validation rules and solution metadata.",Passing,"npm run test:generators passed: 139 worksheet types, 834 generated items, failed [].",,,,"Selecting Long Multiplication produces canonical worksheet JSON with 3-12 questions, title Long Multiplication, supported grades 3/4/5/6/7, supported formats worked-practice/fluency-grid, generator kind arithmetic, matching answer key entries, passing audit results, and checkable answers.",Matches expected behavior in the recorded test evidence.,,"npm run test:generators passed: 139 worksheet types, 834 generated items, failed [].; npm run test:generators passed: 139 worksheet types, 834 generated items, failed [].",No issue found,,,"npm run test:generators passed: 139 worksheet types, 834 generated items, failed [].",Passed,catalog_id=long-multiplication; strand=Operations and Fluency; grades=3|4|5|6|7; formats=worked-practice|fluency-grid; generatorKind=arithmetic,src/features/worksheet/catalog.ts; src/features/worksheet/generator.ts; src/features/worksheet/item-factory.ts,GEN-013,Worksheet generators,Long Multiplication,"As a teacher, I can select the Long Multiplication generator for Operations and Fluency practice.","Selecting Long Multiplication produces canonical worksheet JSON with 3-12 questions, title Long Multiplication, supported grades 3/4/5/6/7, supported formats worked-practice/fluency-grid, generator kind arithmetic, matching answer key entries, passing audit results, and checkable answers.",src/features/worksheet/catalog.ts; src/features/worksheet/generator.ts; src/features/worksheet/item-factory.ts,passed,"npm run test:generators passed: 139 worksheet types, 834 generated items, failed [].",,,"npm run test:generators passed: 139 worksheet types, 834 generated items, failed [].",catalog_id=long-multiplication; strand=Operations and Fluency; grades=3|4|5|6|7; formats=worked-practice|fluency-grid; generatorKind=arithmetic
GEN-014,Division Facts and Long Division,"Worksheet generators: Division Facts and Long Division. Selecting Division Facts and Long Division produces canonical worksheet JSON with 3-12 questions, title Division Facts and Long Division, supported grades 3/4/5/6/7, supported formats worked-practice/fluency-grid, generator kind division, matching answer key entries, passing audit results, and checkable answers.",Worksheet generators,GEN-014,"As a teacher, I can select the Division Facts and Long Division generator for Operations and Fluency practice.","1. Given Worksheet generator catalog entry selectable from setup panel, when the story is exercised, then Selecting Division Facts and Long Division produces canonical worksheet JSON with 3-12 questions, title Division Facts and Long Division, supported grades 3/4/5/6/7, supported formats worked-practice/fluency-grid, generator kind division, matching answer key entries, passing audit results, and checkable answers. 2. The recorded initial and regression evidence for GEN-014 is Passing or Fixed. 3. Any discovered issue for this story has severity, reproduction, root cause, fix status, and retest evidence recorded in this row.","Selecting Division Facts and Long Division produces canonical worksheet JSON with 3-12 questions, title Division Facts and Long Division, supported grades 3/4/5/6/7, supported formats worked-practice/fluency-grid, generator kind division, matching answer key entries, passing audit results, and checkable answers.",Worksheet generator catalog entry selectable from setup panel,src/features/worksheet/catalog.ts; src/features/worksheet/generator.ts; src/features/worksheet/item-factory.ts,"Supported grade/format/strand filters, answer-key correctness, deterministic item generation, validation rules and solution metadata.",Teacher via catalog selection and developer via generator verification; no auth or permission gates in scope.,"Supported grade/format/strand filters, answer-key correctness, deterministic item generation, validation rules and solution metadata.",Passing,"npm run test:generators passed: 139 worksheet types, 834 generated items, failed [].",,,,"Selecting Division Facts and Long Division produces canonical worksheet JSON with 3-12 questions, title Division Facts and Long Division, supported grades 3/4/5/6/7, supported formats worked-practice/fluency-grid, generator kind division, matching answer key entries, passing audit results, and checkable answers.",Matches expected behavior in the recorded test evidence.,,"npm run test:generators passed: 139 worksheet types, 834 generated items, failed [].; npm run test:generators passed: 139 worksheet types, 834 generated items, failed [].",No issue found,,,"npm run test:generators passed: 139 worksheet types, 834 generated items, failed [].",Passed,catalog_id=division-facts-and-long-division; strand=Operations and Fluency; grades=3|4|5|6|7; formats=worked-practice|fluency-grid; generatorKind=division,src/features/worksheet/catalog.ts; src/features/worksheet/generator.ts; src/features/worksheet/item-factory.ts,GEN-014,Worksheet generators,Division Facts and Long Division,"As a teacher, I can select the Division Facts and Long Division generator for Operations and Fluency practice.","Selecting Division Facts and Long Division produces canonical worksheet JSON with 3-12 questions, title Division Facts and Long Division, supported grades 3/4/5/6/7, supported formats worked-practice/fluency-grid, generator kind division, matching answer key entries, passing audit results, and checkable answers.",src/features/worksheet/catalog.ts; src/features/worksheet/generator.ts; src/features/worksheet/item-factory.ts,passed,"npm run test:generators passed: 139 worksheet types, 834 generated items, failed [].",,,"npm run test:generators passed: 139 worksheet types, 834 generated items, failed [].",catalog_id=division-facts-and-long-division; strand=Operations and Fluency; grades=3|4|5|6|7; formats=worked-practice|fluency-grid; generatorKind=division
GEN-015,Order of Operations,"Worksheet generators: Order of Operations. Selecting Order of Operations produces canonical worksheet JSON with 3-12 questions, title Order of Operations, supported grades 4/5/6/7/8, supported formats worked-practice/quick-check, generator kind orderOps, matching answer key entries, passing audit results, and checkable answers.",Worksheet generators,GEN-015,"As a teacher, I can select the Order of Operations generator for Operations and Fluency practice.","1. Given Worksheet generator catalog entry selectable from setup panel, when the story is exercised, then Selecting Order of Operations produces canonical worksheet JSON with 3-12 questions, title Order of Operations, supported grades 4/5/6/7/8, supported formats worked-practice/quick-check, generator kind orderOps, matching answer key entries, passing audit results, and checkable answers. 2. The recorded initial and regression evidence for GEN-015 is Passing or Fixed. 3. Any discovered issue for this story has severity, reproduction, root cause, fix status, and retest evidence recorded in this row.","Selecting Order of Operations produces canonical worksheet JSON with 3-12 questions, title Order of Operations, supported grades 4/5/6/7/8, supported formats worked-practice/quick-check, generator kind orderOps, matching answer key entries, passing audit results, and checkable answers.",Worksheet generator catalog entry selectable from setup panel,src/features/worksheet/catalog.ts; src/features/worksheet/generator.ts; src/features/worksheet/item-factory.ts,"Supported grade/format/strand filters, answer-key correctness, deterministic item generation, validation rules and solution metadata.",Teacher via catalog selection and developer via generator verification; no auth or permission gates in scope.,"Supported grade/format/strand filters, answer-key correctness, deterministic item generation, validation rules and solution metadata.",Passing,"npm run test:generators passed: 139 worksheet types, 834 generated items, failed [].",,,,"Selecting Order of Operations produces canonical worksheet JSON with 3-12 questions, title Order of Operations, supported grades 4/5/6/7/8, supported formats worked-practice/quick-check, generator kind orderOps, matching answer key entries, passing audit results, and checkable answers.",Matches expected behavior in the recorded test evidence.,,"npm run test:generators passed: 139 worksheet types, 834 generated items, failed [].; npm run test:generators passed: 139 worksheet types, 834 generated items, failed [].",No issue found,,,"npm run test:generators passed: 139 worksheet types, 834 generated items, failed [].",Passed,catalog_id=order-of-operations; strand=Operations and Fluency; grades=4|5|6|7|8; formats=worked-practice|quick-check; generatorKind=orderOps,src/features/worksheet/catalog.ts; src/features/worksheet/generator.ts; src/features/worksheet/item-factory.ts,GEN-015,Worksheet generators,Order of Operations,"As a teacher, I can select the Order of Operations generator for Operations and Fluency practice.","Selecting Order of Operations produces canonical worksheet JSON with 3-12 questions, title Order of Operations, supported grades 4/5/6/7/8, supported formats worked-practice/quick-check, generator kind orderOps, matching answer key entries, passing audit results, and checkable answers.",src/features/worksheet/catalog.ts; src/features/worksheet/generator.ts; src/features/worksheet/item-factory.ts,passed,"npm run test:generators passed: 139 worksheet types, 834 generated items, failed [].",,,"npm run test:generators passed: 139 worksheet types, 834 generated items, failed [].",catalog_id=order-of-operations; strand=Operations and Fluency; grades=4|5|6|7|8; formats=worked-practice|quick-check; generatorKind=orderOps
GEN-016,Fraction Models and Manipulatives,"Worksheet generators: Fraction Models and Manipulatives. Selecting Fraction Models and Manipulatives produces canonical worksheet JSON with 3-12 questions, title Fraction Models and Manipulatives, supported grades 1/2/3/4, supported formats visual-model/quick-check, generator kind fractionModel, matching answer key entries, passing audit results, and checkable answers.",Worksheet generators,GEN-016,"As a teacher, I can select the Fraction Models and Manipulatives generator for Fractions, Decimals, and Percents practice.","1. Given Worksheet generator catalog entry selectable from setup panel, when the story is exercised, then Selecting Fraction Models and Manipulatives produces canonical worksheet JSON with 3-12 questions, title Fraction Models and Manipulatives, supported grades 1/2/3/4, supported formats visual-model/quick-check, generator kind fractionModel, matching answer key entries, passing audit results, and checkable answers. 2. The recorded initial and regression evidence for GEN-016 is Passing or Fixed. 3. Any discovered issue for this story has severity, reproduction, root cause, fix status, and retest evidence recorded in this row.","Selecting Fraction Models and Manipulatives produces canonical worksheet JSON with 3-12 questions, title Fraction Models and Manipulatives, supported grades 1/2/3/4, supported formats visual-model/quick-check, generator kind fractionModel, matching answer key entries, passing audit results, and checkable answers.",Worksheet generator catalog entry selectable from setup panel,src/features/worksheet/catalog.ts; src/features/worksheet/generator.ts; src/features/worksheet/item-factory.ts,"Supported grade/format/strand filters, answer-key correctness, deterministic item generation, validation rules and solution metadata.",Teacher via catalog selection and developer via generator verification; no auth or permission gates in scope.,"Supported grade/format/strand filters, answer-key correctness, deterministic item generation, validation rules and solution metadata.",Passing,"npm run test:generators passed: 139 worksheet types, 834 generated items, failed [].",,,,"Selecting Fraction Models and Manipulatives produces canonical worksheet JSON with 3-12 questions, title Fraction Models and Manipulatives, supported grades 1/2/3/4, supported formats visual-model/quick-check, generator kind fractionModel, matching answer key entries, passing audit results, and checkable answers.",Matches expected behavior in the recorded test evidence.,,"npm run test:generators passed: 139 worksheet types, 834 generated items, failed [].; npm run test:generators passed: 139 worksheet types, 834 generated items, failed [].",No issue found,,,"npm run test:generators passed: 139 worksheet types, 834 generated items, failed [].",Passed,"catalog_id=fraction-models-and-manipulatives; strand=Fractions, Decimals, and Percents; grades=1|2|3|4; formats=visual-model|quick-check; generatorKind=fractionModel",src/features/worksheet/catalog.ts; src/features/worksheet/generator.ts; src/features/worksheet/item-factory.ts,GEN-016,Worksheet generators,Fraction Models and Manipulatives,"As a teacher, I can select the Fraction Models and Manipulatives generator for Fractions, Decimals, and Percents practice.","Selecting Fraction Models and Manipulatives produces canonical worksheet JSON with 3-12 questions, title Fraction Models and Manipulatives, supported grades 1/2/3/4, supported formats visual-model/quick-check, generator kind fractionModel, matching answer key entries, passing audit results, and checkable answers.",src/features/worksheet/catalog.ts; src/features/worksheet/generator.ts; src/features/worksheet/item-factory.ts,passed,"npm run test:generators passed: 139 worksheet types, 834 generated items, failed [].",,,"npm run test:generators passed: 139 worksheet types, 834 generated items, failed [].","catalog_id=fraction-models-and-manipulatives; strand=Fractions, Decimals, and Percents; grades=1|2|3|4; formats=visual-model|quick-check; generatorKind=fractionModel"
GEN-017,"Equivalent, Simplified, and Converted Fractions","Worksheet generators: Equivalent, Simplified, and Converted Fractions. Selecting Equivalent, Simplified, and Converted Fractions produces canonical worksheet JSON with 3-12 questions, title Equivalent, Simplified, and Converted Fractions, supported grades 3/4/5/6, supported formats worked-practice/fluency-grid, generator kind simplifyFraction, matching answer key entries, passing audit results, and checkable answers.",Worksheet generators,GEN-017,"As a teacher, I can select the Equivalent, Simplified, and Converted Fractions generator for Fractions, Decimals, and Percents practice.","1. Given Worksheet generator catalog entry selectable from setup panel, when the story is exercised, then Selecting Equivalent, Simplified, and Converted Fractions produces canonical worksheet JSON with 3-12 questions, title Equivalent, Simplified, and Converted Fractions, supported grades 3/4/5/6, supported formats worked-practice/fluency-grid, generator kind simplifyFraction, matching answer key entries, passing audit results, and checkable answers. 2. The recorded initial and regression evidence for GEN-017 is Passing or Fixed. 3. Any discovered issue for this story has severity, reproduction, root cause, fix status, and retest evidence recorded in this row.","Selecting Equivalent, Simplified, and Converted Fractions produces canonical worksheet JSON with 3-12 questions, title Equivalent, Simplified, and Converted Fractions, supported grades 3/4/5/6, supported formats worked-practice/fluency-grid, generator kind simplifyFraction, matching answer key entries, passing audit results, and checkable answers.",Worksheet generator catalog entry selectable from setup panel,src/features/worksheet/catalog.ts; src/features/worksheet/generator.ts; src/features/worksheet/item-factory.ts,"Supported grade/format/strand filters, answer-key correctness, deterministic item generation, validation rules and solution metadata.",Teacher via catalog selection and developer via generator verification; no auth or permission gates in scope.,"Supported grade/format/strand filters, answer-key correctness, deterministic item generation, validation rules and solution metadata.",Passing,"npm run test:generators passed: 139 worksheet types, 834 generated items, failed [].",,,,"Selecting Equivalent, Simplified, and Converted Fractions produces canonical worksheet JSON with 3-12 questions, title Equivalent, Simplified, and Converted Fractions, supported grades 3/4/5/6, supported formats worked-practice/fluency-grid, generator kind simplifyFraction, matching answer key entries, passing audit results, and checkable answers.",Matches expected behavior in the recorded test evidence.,,"npm run test:generators passed: 139 worksheet types, 834 generated items, failed [].; npm run test:generators passed: 139 worksheet types, 834 generated items, failed [].",No issue found,,,"npm run test:generators passed: 139 worksheet types, 834 generated items, failed [].",Passed,"catalog_id=equivalent-simplified-and-converted-fractions; strand=Fractions, Decimals, and Percents; grades=3|4|5|6; formats=worked-practice|fluency-grid; generatorKind=simplifyFraction",src/features/worksheet/catalog.ts; src/features/worksheet/generator.ts; src/features/worksheet/item-factory.ts,GEN-017,Worksheet generators,"Equivalent, Simplified, and Converted Fractions","As a teacher, I can select the Equivalent, Simplified, and Converted Fractions generator for Fractions, Decimals, and Percents practice.","Selecting Equivalent, Simplified, and Converted Fractions produces canonical worksheet JSON with 3-12 questions, title Equivalent, Simplified, and Converted Fractions, supported grades 3/4/5/6, supported formats worked-practice/fluency-grid, generator kind simplifyFraction, matching answer key entries, passing audit results, and checkable answers.",src/features/worksheet/catalog.ts; src/features/worksheet/generator.ts; src/features/worksheet/item-factory.ts,passed,"npm run test:generators passed: 139 worksheet types, 834 generated items, failed [].",,,"npm run test:generators passed: 139 worksheet types, 834 generated items, failed [].","catalog_id=equivalent-simplified-and-converted-fractions; strand=Fractions, Decimals, and Percents; grades=3|4|5|6; formats=worked-practice|fluency-grid; generatorKind=simplifyFraction"
GEN-018,Fraction Operations,"Worksheet generators: Fraction Operations. Selecting Fraction Operations produces canonical worksheet JSON with 3-12 questions, title Fraction Operations, supported grades 4/5/6/7, supported formats worked-practice/fluency-grid, generator kind fractionOps, matching answer key entries, passing audit results, and checkable answers.",Worksheet generators,GEN-018,"As a teacher, I can select the Fraction Operations generator for Fractions, Decimals, and Percents practice.","1. Given Worksheet generator catalog entry selectable from setup panel, when the story is exercised, then Selecting Fraction Operations produces canonical worksheet JSON with 3-12 questions, title Fraction Operations, supported grades 4/5/6/7, supported formats worked-practice/fluency-grid, generator kind fractionOps, matching answer key entries, passing audit results, and checkable answers. 2. The recorded initial and regression evidence for GEN-018 is Passing or Fixed. 3. Any discovered issue for this story has severity, reproduction, root cause, fix status, and retest evidence recorded in this row.","Selecting Fraction Operations produces canonical worksheet JSON with 3-12 questions, title Fraction Operations, supported grades 4/5/6/7, supported formats worked-practice/fluency-grid, generator kind fractionOps, matching answer key entries, passing audit results, and checkable answers.",Worksheet generator catalog entry selectable from setup panel,src/features/worksheet/catalog.ts; src/features/worksheet/generator.ts; src/features/worksheet/item-factory.ts,"Supported grade/format/strand filters, answer-key correctness, deterministic item generation, validation rules and solution metadata.",Teacher via catalog selection and developer via generator verification; no auth or permission gates in scope.,"Supported grade/format/strand filters, answer-key correctness, deterministic item generation, validation rules and solution metadata.",Passing,"npm run test:generators passed: 139 worksheet types, 834 generated items, failed [].",,,,"Selecting Fraction Operations produces canonical worksheet JSON with 3-12 questions, title Fraction Operations, supported grades 4/5/6/7, supported formats worked-practice/fluency-grid, generator kind fractionOps, matching answer key entries, passing audit results, and checkable answers.",Matches expected behavior in the recorded test evidence.,,"npm run test:generators passed: 139 worksheet types, 834 generated items, failed [].; npm run test:generators passed: 139 worksheet types, 834 generated items, failed [].",No issue found,,,"npm run test:generators passed: 139 worksheet types, 834 generated items, failed [].",Passed,"catalog_id=fraction-operations; strand=Fractions, Decimals, and Percents; grades=4|5|6|7; formats=worked-practice|fluency-grid; generatorKind=fractionOps",src/features/worksheet/catalog.ts; src/features/worksheet/generator.ts; src/features/worksheet/item-factory.ts,GEN-018,Worksheet generators,Fraction Operations,"As a teacher, I can select the Fraction Operations generator for Fractions, Decimals, and Percents practice.","Selecting Fraction Operations produces canonical worksheet JSON with 3-12 questions, title Fraction Operations, supported grades 4/5/6/7, supported formats worked-practice/fluency-grid, generator kind fractionOps, matching answer key entries, passing audit results, and checkable answers.",src/features/worksheet/catalog.ts; src/features/worksheet/generator.ts; src/features/worksheet/item-factory.ts,passed,"npm run test:generators passed: 139 worksheet types, 834 generated items, failed [].",,,"npm run test:generators passed: 139 worksheet types, 834 generated items, failed [].","catalog_id=fraction-operations; strand=Fractions, Decimals, and Percents; grades=4|5|6|7; formats=worked-practice|fluency-grid; generatorKind=fractionOps"
GEN-019,Decimals Operations,"Worksheet generators: Decimals Operations. Selecting Decimals Operations produces canonical worksheet JSON with 3-12 questions, title Decimals Operations, supported grades 4/5/6/7, supported formats worked-practice/fluency-grid, generator kind decimalOps, matching answer key entries, passing audit results, and checkable answers.",Worksheet generators,GEN-019,"As a teacher, I can select the Decimals Operations generator for Fractions, Decimals, and Percents practice.","1. Given Worksheet generator catalog entry selectable from setup panel, when the story is exercised, then Selecting Decimals Operations produces canonical worksheet JSON with 3-12 questions, title Decimals Operations, supported grades 4/5/6/7, supported formats worked-practice/fluency-grid, generator kind decimalOps, matching answer key entries, passing audit results, and checkable answers. 2. The recorded initial and regression evidence for GEN-019 is Passing or Fixed. 3. Any discovered issue for this story has severity, reproduction, root cause, fix status, and retest evidence recorded in this row.","Selecting Decimals Operations produces canonical worksheet JSON with 3-12 questions, title Decimals Operations, supported grades 4/5/6/7, supported formats worked-practice/fluency-grid, generator kind decimalOps, matching answer key entries, passing audit results, and checkable answers.",Worksheet generator catalog entry selectable from setup panel,src/features/worksheet/catalog.ts; src/features/worksheet/generator.ts; src/features/worksheet/item-factory.ts,"Supported grade/format/strand filters, answer-key correctness, deterministic item generation, validation rules and solution metadata.",Teacher via catalog selection and developer via generator verification; no auth or permission gates in scope.,"Supported grade/format/strand filters, answer-key correctness, deterministic item generation, validation rules and solution metadata.",Passing,"npm run test:generators passed: 139 worksheet types, 834 generated items, failed [].",,,,"Selecting Decimals Operations produces canonical worksheet JSON with 3-12 questions, title Decimals Operations, supported grades 4/5/6/7, supported formats worked-practice/fluency-grid, generator kind decimalOps, matching answer key entries, passing audit results, and checkable answers.",Matches expected behavior in the recorded test evidence.,,"npm run test:generators passed: 139 worksheet types, 834 generated items, failed [].; npm run test:generators passed: 139 worksheet types, 834 generated items, failed [].",No issue found,,,"npm run test:generators passed: 139 worksheet types, 834 generated items, failed [].",Passed,"catalog_id=decimals-operations; strand=Fractions, Decimals, and Percents; grades=4|5|6|7; formats=worked-practice|fluency-grid; generatorKind=decimalOps",src/features/worksheet/catalog.ts; src/features/worksheet/generator.ts; src/features/worksheet/item-factory.ts,GEN-019,Worksheet generators,Decimals Operations,"As a teacher, I can select the Decimals Operations generator for Fractions, Decimals, and Percents practice.","Selecting Decimals Operations produces canonical worksheet JSON with 3-12 questions, title Decimals Operations, supported grades 4/5/6/7, supported formats worked-practice/fluency-grid, generator kind decimalOps, matching answer key entries, passing audit results, and checkable answers.",src/features/worksheet/catalog.ts; src/features/worksheet/generator.ts; src/features/worksheet/item-factory.ts,passed,"npm run test:generators passed: 139 worksheet types, 834 generated items, failed [].",,,"npm run test:generators passed: 139 worksheet types, 834 generated items, failed [].","catalog_id=decimals-operations; strand=Fractions, Decimals, and Percents; grades=4|5|6|7; formats=worked-practice|fluency-grid; generatorKind=decimalOps"
GEN-020,"Fractions, Decimals, and Percents Conversion","Worksheet generators: Fractions, Decimals, and Percents Conversion. Selecting Fractions, Decimals, and Percents Conversion produces canonical worksheet JSON with 3-12 questions, title Fractions, Decimals, and Percents Conversion, supported grades 5/6/7/8, supported formats worked-practice/quick-check, generator kind conversion, matching answer key entries, passing audit results, and checkable answers.",Worksheet generators,GEN-020,"As a teacher, I can select the Fractions, Decimals, and Percents Conversion generator for Fractions, Decimals, and Percents practice.","1. Given Worksheet generator catalog entry selectable from setup panel, when the story is exercised, then Selecting Fractions, Decimals, and Percents Conversion produces canonical worksheet JSON with 3-12 questions, title Fractions, Decimals, and Percents Conversion, supported grades 5/6/7/8, supported formats worked-practice/quick-check, generator kind conversion, matching answer key entries, passing audit results, and checkable answers. 2. The recorded initial and regression evidence for GEN-020 is Passing or Fixed. 3. Any discovered issue for this story has severity, reproduction, root cause, fix status, and retest evidence recorded in this row.","Selecting Fractions, Decimals, and Percents Conversion produces canonical worksheet JSON with 3-12 questions, title Fractions, Decimals, and Percents Conversion, supported grades 5/6/7/8, supported formats worked-practice/quick-check, generator kind conversion, matching answer key entries, passing audit results, and checkable answers.",Worksheet generator catalog entry selectable from setup panel,src/features/worksheet/catalog.ts; src/features/worksheet/generator.ts; src/features/worksheet/item-factory.ts,"Supported grade/format/strand filters, answer-key correctness, deterministic item generation, validation rules and solution metadata.",Teacher via catalog selection and developer via generator verification; no auth or permission gates in scope.,"Supported grade/format/strand filters, answer-key correctness, deterministic item generation, validation rules and solution metadata.",Passing,"npm run test:generators passed: 139 worksheet types, 834 generated items, failed [].",,,,"Selecting Fractions, Decimals, and Percents Conversion produces canonical worksheet JSON with 3-12 questions, title Fractions, Decimals, and Percents Conversion, supported grades 5/6/7/8, supported formats worked-practice/quick-check, generator kind conversion, matching answer key entries, passing audit results, and checkable answers.",Matches expected behavior in the recorded test evidence.,,"npm run test:generators passed: 139 worksheet types, 834 generated items, failed [].; npm run test:generators passed: 139 worksheet types, 834 generated items, failed [].",No issue found,,,"npm run test:generators passed: 139 worksheet types, 834 generated items, failed [].",Passed,"catalog_id=fractions-decimals-and-percents-conversion; strand=Fractions, Decimals, and Percents; grades=5|6|7|8; formats=worked-practice|quick-check; generatorKind=conversion",src/features/worksheet/catalog.ts; src/features/worksheet/generator.ts; src/features/worksheet/item-factory.ts,GEN-020,Worksheet generators,"Fractions, Decimals, and Percents Conversion","As a teacher, I can select the Fractions, Decimals, and Percents Conversion generator for Fractions, Decimals, and Percents practice.","Selecting Fractions, Decimals, and Percents Conversion produces canonical worksheet JSON with 3-12 questions, title Fractions, Decimals, and Percents Conversion, supported grades 5/6/7/8, supported formats worked-practice/quick-check, generator kind conversion, matching answer key entries, passing audit results, and checkable answers.",src/features/worksheet/catalog.ts; src/features/worksheet/generator.ts; src/features/worksheet/item-factory.ts,passed,"npm run test:generators passed: 139 worksheet types, 834 generated items, failed [].",,,"npm run test:generators passed: 139 worksheet types, 834 generated items, failed [].","catalog_id=fractions-decimals-and-percents-conversion; strand=Fractions, Decimals, and Percents; grades=5|6|7|8; formats=worked-practice|quick-check; generatorKind=conversion"
GEN-021,"Ratios, Rates, and Proportions","Worksheet generators: Ratios, Rates, and Proportions. Selecting Ratios, Rates, and Proportions produces canonical worksheet JSON with 3-12 questions, title Ratios, Rates, and Proportions, supported grades 5/6/7/8/9, supported formats real-world/worked-practice, generator kind ratio, matching answer key entries, passing audit results, and checkable answers.",Worksheet generators,GEN-021,"As a teacher, I can select the Ratios, Rates, and Proportions generator for Ratios and Proportional Reasoning practice.","1. Given Worksheet generator catalog entry selectable from setup panel, when the story is exercised, then Selecting Ratios, Rates, and Proportions produces canonical worksheet JSON with 3-12 questions, title Ratios, Rates, and Proportions, supported grades 5/6/7/8/9, supported formats real-world/worked-practice, generator kind ratio, matching answer key entries, passing audit results, and checkable answers. 2. The recorded initial and regression evidence for GEN-021 is Passing or Fixed. 3. Any discovered issue for this story has severity, reproduction, root cause, fix status, and retest evidence recorded in this row.","Selecting Ratios, Rates, and Proportions produces canonical worksheet JSON with 3-12 questions, title Ratios, Rates, and Proportions, supported grades 5/6/7/8/9, supported formats real-world/worked-practice, generator kind ratio, matching answer key entries, passing audit results, and checkable answers.",Worksheet generator catalog entry selectable from setup panel,src/features/worksheet/catalog.ts; src/features/worksheet/generator.ts; src/features/worksheet/item-factory.ts,"Supported grade/format/strand filters, answer-key correctness, deterministic item generation, validation rules and solution metadata.",Teacher via catalog selection and developer via generator verification; no auth or permission gates in scope.,"Supported grade/format/strand filters, answer-key correctness, deterministic item generation, validation rules and solution metadata.",Passing,"npm run test:generators passed: 139 worksheet types, 834 generated items, failed [].",,,,"Selecting Ratios, Rates, and Proportions produces canonical worksheet JSON with 3-12 questions, title Ratios, Rates, and Proportions, supported grades 5/6/7/8/9, supported formats real-world/worked-practice, generator kind ratio, matching answer key entries, passing audit results, and checkable answers.",Matches expected behavior in the recorded test evidence.,,"npm run test:generators passed: 139 worksheet types, 834 generated items, failed [].; npm run test:generators passed: 139 worksheet types, 834 generated items, failed [].",No issue found,,,"npm run test:generators passed: 139 worksheet types, 834 generated items, failed [].",Passed,catalog_id=ratios-rates-and-proportions; strand=Ratios and Proportional Reasoning; grades=5|6|7|8|9; formats=real-world|worked-practice; generatorKind=ratio,src/features/worksheet/catalog.ts; src/features/worksheet/generator.ts; src/features/worksheet/item-factory.ts,GEN-021,Worksheet generators,"Ratios, Rates, and Proportions","As a teacher, I can select the Ratios, Rates, and Proportions generator for Ratios and Proportional Reasoning practice.","Selecting Ratios, Rates, and Proportions produces canonical worksheet JSON with 3-12 questions, title Ratios, Rates, and Proportions, supported grades 5/6/7/8/9, supported formats real-world/worked-practice, generator kind ratio, matching answer key entries, passing audit results, and checkable answers.",src/features/worksheet/catalog.ts; src/features/worksheet/generator.ts; src/features/worksheet/item-factory.ts,passed,"npm run test:generators passed: 139 worksheet types, 834 generated items, failed [].",,,"npm run test:generators passed: 139 worksheet types, 834 generated items, failed [].",catalog_id=ratios-rates-and-proportions; strand=Ratios and Proportional Reasoning; grades=5|6|7|8|9; formats=real-world|worked-practice; generatorKind=ratio
GEN-022,Percents,"Worksheet generators: Percents. Selecting Percents produces canonical worksheet JSON with 3-12 questions, title Percents, supported grades 5/6/7/8/9, supported formats real-world/worked-practice, generator kind percent, matching answer key entries, passing audit results, and checkable answers.",Worksheet generators,GEN-022,"As a teacher, I can select the Percents generator for Fractions, Decimals, and Percents practice.","1. Given Worksheet generator catalog entry selectable from setup panel, when the story is exercised, then Selecting Percents produces canonical worksheet JSON with 3-12 questions, title Percents, supported grades 5/6/7/8/9, supported formats real-world/worked-practice, generator kind percent, matching answer key entries, passing audit results, and checkable answers. 2. The recorded initial and regression evidence for GEN-022 is Passing or Fixed. 3. Any discovered issue for this story has severity, reproduction, root cause, fix status, and retest evidence recorded in this row.","Selecting Percents produces canonical worksheet JSON with 3-12 questions, title Percents, supported grades 5/6/7/8/9, supported formats real-world/worked-practice, generator kind percent, matching answer key entries, passing audit results, and checkable answers.",Worksheet generator catalog entry selectable from setup panel,src/features/worksheet/catalog.ts; src/features/worksheet/generator.ts; src/features/worksheet/item-factory.ts,"Supported grade/format/strand filters, answer-key correctness, deterministic item generation, validation rules and solution metadata.",Teacher via catalog selection and developer via generator verification; no auth or permission gates in scope.,"Supported grade/format/strand filters, answer-key correctness, deterministic item generation, validation rules and solution metadata.",Passing,"npm run test:generators passed: 139 worksheet types, 834 generated items, failed [].",,,,"Selecting Percents produces canonical worksheet JSON with 3-12 questions, title Percents, supported grades 5/6/7/8/9, supported formats real-world/worked-practice, generator kind percent, matching answer key entries, passing audit results, and checkable answers.",Matches expected behavior in the recorded test evidence.,,"npm run test:generators passed: 139 worksheet types, 834 generated items, failed [].; npm run test:generators passed: 139 worksheet types, 834 generated items, failed [].",No issue found,,,"npm run test:generators passed: 139 worksheet types, 834 generated items, failed [].",Passed,"catalog_id=percents; strand=Fractions, Decimals, and Percents; grades=5|6|7|8|9; formats=real-world|worked-practice; generatorKind=percent",src/features/worksheet/catalog.ts; src/features/worksheet/generator.ts; src/features/worksheet/item-factory.ts,GEN-022,Worksheet generators,Percents,"As a teacher, I can select the Percents generator for Fractions, Decimals, and Percents practice.","Selecting Percents produces canonical worksheet JSON with 3-12 questions, title Percents, supported grades 5/6/7/8/9, supported formats real-world/worked-practice, generator kind percent, matching answer key entries, passing audit results, and checkable answers.",src/features/worksheet/catalog.ts; src/features/worksheet/generator.ts; src/features/worksheet/item-factory.ts,passed,"npm run test:generators passed: 139 worksheet types, 834 generated items, failed [].",,,"npm run test:generators passed: 139 worksheet types, 834 generated items, failed [].","catalog_id=percents; strand=Fractions, Decimals, and Percents; grades=5|6|7|8|9; formats=real-world|worked-practice; generatorKind=percent"
GEN-023,Integers and Rational Numbers,"Worksheet generators: Integers and Rational Numbers. Selecting Integers and Rational Numbers produces canonical worksheet JSON with 3-12 questions, title Integers and Rational Numbers, supported grades 6/7/8/9, supported formats fluency-grid/worked-practice, generator kind integerOps, matching answer key entries, passing audit results, and checkable answers.",Worksheet generators,GEN-023,"As a teacher, I can select the Integers and Rational Numbers generator for Operations and Fluency practice.","1. Given Worksheet generator catalog entry selectable from setup panel, when the story is exercised, then Selecting Integers and Rational Numbers produces canonical worksheet JSON with 3-12 questions, title Integers and Rational Numbers, supported grades 6/7/8/9, supported formats fluency-grid/worked-practice, generator kind integerOps, matching answer key entries, passing audit results, and checkable answers. 2. The recorded initial and regression evidence for GEN-023 is Passing or Fixed. 3. Any discovered issue for this story has severity, reproduction, root cause, fix status, and retest evidence recorded in this row.","Selecting Integers and Rational Numbers produces canonical worksheet JSON with 3-12 questions, title Integers and Rational Numbers, supported grades 6/7/8/9, supported formats fluency-grid/worked-practice, generator kind integerOps, matching answer key entries, passing audit results, and checkable answers.",Worksheet generator catalog entry selectable from setup panel,src/features/worksheet/catalog.ts; src/features/worksheet/generator.ts; src/features/worksheet/item-factory.ts,"Supported grade/format/strand filters, answer-key correctness, deterministic item generation, validation rules and solution metadata.",Teacher via catalog selection and developer via generator verification; no auth or permission gates in scope.,"Supported grade/format/strand filters, answer-key correctness, deterministic item generation, validation rules and solution metadata.",Passing,"npm run test:generators passed: 139 worksheet types, 834 generated items, failed [].",,,,"Selecting Integers and Rational Numbers produces canonical worksheet JSON with 3-12 questions, title Integers and Rational Numbers, supported grades 6/7/8/9, supported formats fluency-grid/worked-practice, generator kind integerOps, matching answer key entries, passing audit results, and checkable answers.",Matches expected behavior in the recorded test evidence.,,"npm run test:generators passed: 139 worksheet types, 834 generated items, failed [].; npm run test:generators passed: 139 worksheet types, 834 generated items, failed [].",No issue found,,,"npm run test:generators passed: 139 worksheet types, 834 generated items, failed [].",Passed,catalog_id=integers-and-rational-numbers; strand=Operations and Fluency; grades=6|7|8|9; formats=fluency-grid|worked-practice; generatorKind=integerOps,src/features/worksheet/catalog.ts; src/features/worksheet/generator.ts; src/features/worksheet/item-factory.ts,GEN-023,Worksheet generators,Integers and Rational Numbers,"As a teacher, I can select the Integers and Rational Numbers generator for Operations and Fluency practice.","Selecting Integers and Rational Numbers produces canonical worksheet JSON with 3-12 questions, title Integers and Rational Numbers, supported grades 6/7/8/9, supported formats fluency-grid/worked-practice, generator kind integerOps, matching answer key entries, passing audit results, and checkable answers.",src/features/worksheet/catalog.ts; src/features/worksheet/generator.ts; src/features/worksheet/item-factory.ts,passed,"npm run test:generators passed: 139 worksheet types, 834 generated items, failed [].",,,"npm run test:generators passed: 139 worksheet types, 834 generated items, failed [].",catalog_id=integers-and-rational-numbers; strand=Operations and Fluency; grades=6|7|8|9; formats=fluency-grid|worked-practice; generatorKind=integerOps
GEN-024,"Factors, Multiples, GCF, and LCM","Worksheet generators: Factors, Multiples, GCF, and LCM. Selecting Factors, Multiples, GCF, and LCM produces canonical worksheet JSON with 3-12 questions, title Factors, Multiples, GCF, and LCM, supported grades 4/5/6, supported formats worked-practice/quick-check, generator kind gcf, matching answer key entries, passing audit results, and checkable answers.",Worksheet generators,GEN-024,"As a teacher, I can select the Factors, Multiples, GCF, and LCM generator for Number Sense practice.","1. Given Worksheet generator catalog entry selectable from setup panel, when the story is exercised, then Selecting Factors, Multiples, GCF, and LCM produces canonical worksheet JSON with 3-12 questions, title Factors, Multiples, GCF, and LCM, supported grades 4/5/6, supported formats worked-practice/quick-check, generator kind gcf, matching answer key entries, passing audit results, and checkable answers. 2. The recorded initial and regression evidence for GEN-024 is Passing or Fixed. 3. Any discovered issue for this story has severity, reproduction, root cause, fix status, and retest evidence recorded in this row.","Selecting Factors, Multiples, GCF, and LCM produces canonical worksheet JSON with 3-12 questions, title Factors, Multiples, GCF, and LCM, supported grades 4/5/6, supported formats worked-practice/quick-check, generator kind gcf, matching answer key entries, passing audit results, and checkable answers.",Worksheet generator catalog entry selectable from setup panel,src/features/worksheet/catalog.ts; src/features/worksheet/generator.ts; src/features/worksheet/item-factory.ts,"Supported grade/format/strand filters, answer-key correctness, deterministic item generation, validation rules and solution metadata.",Teacher via catalog selection and developer via generator verification; no auth or permission gates in scope.,"Supported grade/format/strand filters, answer-key correctness, deterministic item generation, validation rules and solution metadata.",Passing,"npm run test:generators passed: 139 worksheet types, 834 generated items, failed [].",,,,"Selecting Factors, Multiples, GCF, and LCM produces canonical worksheet JSON with 3-12 questions, title Factors, Multiples, GCF, and LCM, supported grades 4/5/6, supported formats worked-practice/quick-check, generator kind gcf, matching answer key entries, passing audit results, and checkable answers.",Matches expected behavior in the recorded test evidence.,,"npm run test:generators passed: 139 worksheet types, 834 generated items, failed [].; npm run test:generators passed: 139 worksheet types, 834 generated items, failed [].",No issue found,,,"npm run test:generators passed: 139 worksheet types, 834 generated items, failed [].",Passed,catalog_id=factors-multiples-gcf-and-lcm; strand=Number Sense; grades=4|5|6; formats=worked-practice|quick-check; generatorKind=gcf,src/features/worksheet/catalog.ts; src/features/worksheet/generator.ts; src/features/worksheet/item-factory.ts,GEN-024,Worksheet generators,"Factors, Multiples, GCF, and LCM","As a teacher, I can select the Factors, Multiples, GCF, and LCM generator for Number Sense practice.","Selecting Factors, Multiples, GCF, and LCM produces canonical worksheet JSON with 3-12 questions, title Factors, Multiples, GCF, and LCM, supported grades 4/5/6, supported formats worked-practice/quick-check, generator kind gcf, matching answer key entries, passing audit results, and checkable answers.",src/features/worksheet/catalog.ts; src/features/worksheet/generator.ts; src/features/worksheet/item-factory.ts,passed,"npm run test:generators passed: 139 worksheet types, 834 generated items, failed [].",,,"npm run test:generators passed: 139 worksheet types, 834 generated items, failed [].",catalog_id=factors-multiples-gcf-and-lcm; strand=Number Sense; grades=4|5|6; formats=worked-practice|quick-check; generatorKind=gcf
GEN-025,Exponents and Scientific Notation,"Worksheet generators: Exponents and Scientific Notation. Selecting Exponents and Scientific Notation produces canonical worksheet JSON with 3-12 questions, title Exponents and Scientific Notation, supported grades 5/6/7/8/9, supported formats fluency-grid/worked-practice, generator kind exponent, matching answer key entries, passing audit results, and checkable answers.",Worksheet generators,GEN-025,"As a teacher, I can select the Exponents and Scientific Notation generator for Algebra and Functions practice.","1. Given Worksheet generator catalog entry selectable from setup panel, when the story is exercised, then Selecting Exponents and Scientific Notation produces canonical worksheet JSON with 3-12 questions, title Exponents and Scientific Notation, supported grades 5/6/7/8/9, supported formats fluency-grid/worked-practice, generator kind exponent, matching answer key entries, passing audit results, and checkable answers. 2. The recorded initial and regression evidence for GEN-025 is Passing or Fixed. 3. Any discovered issue for this story has severity, reproduction, root cause, fix status, and retest evidence recorded in this row.","Selecting Exponents and Scientific Notation produces canonical worksheet JSON with 3-12 questions, title Exponents and Scientific Notation, supported grades 5/6/7/8/9, supported formats fluency-grid/worked-practice, generator kind exponent, matching answer key entries, passing audit results, and checkable answers.",Worksheet generator catalog entry selectable from setup panel,src/features/worksheet/catalog.ts; src/features/worksheet/generator.ts; src/features/worksheet/item-factory.ts,"Supported grade/format/strand filters, answer-key correctness, deterministic item generation, validation rules and solution metadata.",Teacher via catalog selection and developer via generator verification; no auth or permission gates in scope.,"Supported grade/format/strand filters, answer-key correctness, deterministic item generation, validation rules and solution metadata.",Passing,"npm run test:generators passed: 139 worksheet types, 834 generated items, failed [].",,,,"Selecting Exponents and Scientific Notation produces canonical worksheet JSON with 3-12 questions, title Exponents and Scientific Notation, supported grades 5/6/7/8/9, supported formats fluency-grid/worked-practice, generator kind exponent, matching answer key entries, passing audit results, and checkable answers.",Matches expected behavior in the recorded test evidence.,,"npm run test:generators passed: 139 worksheet types, 834 generated items, failed [].; npm run test:generators passed: 139 worksheet types, 834 generated items, failed [].",No issue found,,,"npm run test:generators passed: 139 worksheet types, 834 generated items, failed [].",Passed,catalog_id=exponents-and-scientific-notation; strand=Algebra and Functions; grades=5|6|7|8|9; formats=fluency-grid|worked-practice; generatorKind=exponent,src/features/worksheet/catalog.ts; src/features/worksheet/generator.ts; src/features/worksheet/item-factory.ts,GEN-025,Worksheet generators,Exponents and Scientific Notation,"As a teacher, I can select the Exponents and Scientific Notation generator for Algebra and Functions practice.","Selecting Exponents and Scientific Notation produces canonical worksheet JSON with 3-12 questions, title Exponents and Scientific Notation, supported grades 5/6/7/8/9, supported formats fluency-grid/worked-practice, generator kind exponent, matching answer key entries, passing audit results, and checkable answers.",src/features/worksheet/catalog.ts; src/features/worksheet/generator.ts; src/features/worksheet/item-factory.ts,passed,"npm run test:generators passed: 139 worksheet types, 834 generated items, failed [].",,,"npm run test:generators passed: 139 worksheet types, 834 generated items, failed [].",catalog_id=exponents-and-scientific-notation; strand=Algebra and Functions; grades=5|6|7|8|9; formats=fluency-grid|worked-practice; generatorKind=exponent
GEN-026,Algebra Expressions and Equations,"Worksheet generators: Algebra Expressions and Equations. Selecting Algebra Expressions and Equations produces canonical worksheet JSON with 3-12 questions, title Algebra Expressions and Equations, supported grades 6/7/8/9/10, supported formats worked-practice/quick-check, generator kind algebra, matching answer key entries, passing audit results, and checkable answers.",Worksheet generators,GEN-026,"As a teacher, I can select the Algebra Expressions and Equations generator for Algebra and Functions practice.","1. Given Worksheet generator catalog entry selectable from setup panel, when the story is exercised, then Selecting Algebra Expressions and Equations produces canonical worksheet JSON with 3-12 questions, title Algebra Expressions and Equations, supported grades 6/7/8/9/10, supported formats worked-practice/quick-check, generator kind algebra, matching answer key entries, passing audit results, and checkable answers. 2. The recorded initial and regression evidence for GEN-026 is Passing or Fixed. 3. Any discovered issue for this story has severity, reproduction, root cause, fix status, and retest evidence recorded in this row.","Selecting Algebra Expressions and Equations produces canonical worksheet JSON with 3-12 questions, title Algebra Expressions and Equations, supported grades 6/7/8/9/10, supported formats worked-practice/quick-check, generator kind algebra, matching answer key entries, passing audit results, and checkable answers.",Worksheet generator catalog entry selectable from setup panel,src/features/worksheet/catalog.ts; src/features/worksheet/generator.ts; src/features/worksheet/item-factory.ts,"Supported grade/format/strand filters, answer-key correctness, deterministic item generation, validation rules and solution metadata.",Teacher via catalog selection and developer via generator verification; no auth or permission gates in scope.,"Supported grade/format/strand filters, answer-key correctness, deterministic item generation, validation rules and solution metadata.",Passing,"npm run test:generators passed: 139 worksheet types, 834 generated items, failed [].",,,,"Selecting Algebra Expressions and Equations produces canonical worksheet JSON with 3-12 questions, title Algebra Expressions and Equations, supported grades 6/7/8/9/10, supported formats worked-practice/quick-check, generator kind algebra, matching answer key entries, passing audit results, and checkable answers.",Matches expected behavior in the recorded test evidence.,,"npm run test:generators passed: 139 worksheet types, 834 generated items, failed [].; npm run test:generators passed: 139 worksheet types, 834 generated items, failed [].",No issue found,,,"npm run test:generators passed: 139 worksheet types, 834 generated items, failed [].",Passed,catalog_id=algebra-expressions-and-equations; strand=Algebra and Functions; grades=6|7|8|9|10; formats=worked-practice|quick-check; generatorKind=algebra,src/features/worksheet/catalog.ts; src/features/worksheet/generator.ts; src/features/worksheet/item-factory.ts,GEN-026,Worksheet generators,Algebra Expressions and Equations,"As a teacher, I can select the Algebra Expressions and Equations generator for Algebra and Functions practice.","Selecting Algebra Expressions and Equations produces canonical worksheet JSON with 3-12 questions, title Algebra Expressions and Equations, supported grades 6/7/8/9/10, supported formats worked-practice/quick-check, generator kind algebra, matching answer key entries, passing audit results, and checkable answers.",src/features/worksheet/catalog.ts; src/features/worksheet/generator.ts; src/features/worksheet/item-factory.ts,passed,"npm run test:generators passed: 139 worksheet types, 834 generated items, failed [].",,,"npm run test:generators passed: 139 worksheet types, 834 generated items, failed [].",catalog_id=algebra-expressions-and-equations; strand=Algebra and Functions; grades=6|7|8|9|10; formats=worked-practice|quick-check; generatorKind=algebra
GEN-027,Functions and Input-Output Tables,"Worksheet generators: Functions and Input-Output Tables. Selecting Functions and Input-Output Tables produces canonical worksheet JSON with 3-12 questions, title Functions and Input-Output Tables, supported grades 4/5/6/7/8/9, supported formats graph-data/worked-practice, generator kind functionTable, matching answer key entries, passing audit results, and checkable answers.",Worksheet generators,GEN-027,"As a teacher, I can select the Functions and Input-Output Tables generator for Algebra and Functions practice.","1. Given Worksheet generator catalog entry selectable from setup panel, when the story is exercised, then Selecting Functions and Input-Output Tables produces canonical worksheet JSON with 3-12 questions, title Functions and Input-Output Tables, supported grades 4/5/6/7/8/9, supported formats graph-data/worked-practice, generator kind functionTable, matching answer key entries, passing audit results, and checkable answers. 2. The recorded initial and regression evidence for GEN-027 is Passing or Fixed. 3. Any discovered issue for this story has severity, reproduction, root cause, fix status, and retest evidence recorded in this row.","Selecting Functions and Input-Output Tables produces canonical worksheet JSON with 3-12 questions, title Functions and Input-Output Tables, supported grades 4/5/6/7/8/9, supported formats graph-data/worked-practice, generator kind functionTable, matching answer key entries, passing audit results, and checkable answers.",Worksheet generator catalog entry selectable from setup panel,src/features/worksheet/catalog.ts; src/features/worksheet/generator.ts; src/features/worksheet/item-factory.ts,"Supported grade/format/strand filters, answer-key correctness, deterministic item generation, validation rules and solution metadata.",Teacher via catalog selection and developer via generator verification; no auth or permission gates in scope.,"Supported grade/format/strand filters, answer-key correctness, deterministic item generation, validation rules and solution metadata.",Passing,"npm run test:generators passed: 139 worksheet types, 834 generated items, failed [].",,,,"Selecting Functions and Input-Output Tables produces canonical worksheet JSON with 3-12 questions, title Functions and Input-Output Tables, supported grades 4/5/6/7/8/9, supported formats graph-data/worked-practice, generator kind functionTable, matching answer key entries, passing audit results, and checkable answers.",Matches expected behavior in the recorded test evidence.,,"npm run test:generators passed: 139 worksheet types, 834 generated items, failed [].; npm run test:generators passed: 139 worksheet types, 834 generated items, failed [].",No issue found,,,"npm run test:generators passed: 139 worksheet types, 834 generated items, failed [].",Passed,catalog_id=functions-and-input-output-tables; strand=Algebra and Functions; grades=4|5|6|7|8|9; formats=graph-data|worked-practice; generatorKind=functionTable,src/features/worksheet/catalog.ts; src/features/worksheet/generator.ts; src/features/worksheet/item-factory.ts,GEN-027,Worksheet generators,Functions and Input-Output Tables,"As a teacher, I can select the Functions and Input-Output Tables generator for Algebra and Functions practice.","Selecting Functions and Input-Output Tables produces canonical worksheet JSON with 3-12 questions, title Functions and Input-Output Tables, supported grades 4/5/6/7/8/9, supported formats graph-data/worked-practice, generator kind functionTable, matching answer key entries, passing audit results, and checkable answers.",src/features/worksheet/catalog.ts; src/features/worksheet/generator.ts; src/features/worksheet/item-factory.ts,passed,"npm run test:generators passed: 139 worksheet types, 834 generated items, failed [].",,,"npm run test:generators passed: 139 worksheet types, 834 generated items, failed [].",catalog_id=functions-and-input-output-tables; strand=Algebra and Functions; grades=4|5|6|7|8|9; formats=graph-data|worked-practice; generatorKind=functionTable
GEN-028,Coordinate Graphing and Graph Paper,"Worksheet generators: Coordinate Graphing and Graph Paper. Selecting Coordinate Graphing and Graph Paper produces canonical worksheet JSON with 3-12 questions, title Coordinate Graphing and Graph Paper, supported grades 4/5/6/7/8/9, supported formats graph-data/visual-model, generator kind coordinate, matching answer key entries, passing audit results, and checkable answers.",Worksheet generators,GEN-028,"As a teacher, I can select the Coordinate Graphing and Graph Paper generator for Algebra and Functions practice.","1. Given Worksheet generator catalog entry selectable from setup panel, when the story is exercised, then Selecting Coordinate Graphing and Graph Paper produces canonical worksheet JSON with 3-12 questions, title Coordinate Graphing and Graph Paper, supported grades 4/5/6/7/8/9, supported formats graph-data/visual-model, generator kind coordinate, matching answer key entries, passing audit results, and checkable answers. 2. The recorded initial and regression evidence for GEN-028 is Passing or Fixed. 3. Any discovered issue for this story has severity, reproduction, root cause, fix status, and retest evidence recorded in this row.","Selecting Coordinate Graphing and Graph Paper produces canonical worksheet JSON with 3-12 questions, title Coordinate Graphing and Graph Paper, supported grades 4/5/6/7/8/9, supported formats graph-data/visual-model, generator kind coordinate, matching answer key entries, passing audit results, and checkable answers.",Worksheet generator catalog entry selectable from setup panel,src/features/worksheet/catalog.ts; src/features/worksheet/generator.ts; src/features/worksheet/item-factory.ts,"Supported grade/format/strand filters, answer-key correctness, deterministic item generation, validation rules and solution metadata.",Teacher via catalog selection and developer via generator verification; no auth or permission gates in scope.,"Supported grade/format/strand filters, answer-key correctness, deterministic item generation, validation rules and solution metadata.",Passing,"npm run test:generators passed: 139 worksheet types, 834 generated items, failed [].",,,,"Selecting Coordinate Graphing and Graph Paper produces canonical worksheet JSON with 3-12 questions, title Coordinate Graphing and Graph Paper, supported grades 4/5/6/7/8/9, supported formats graph-data/visual-model, generator kind coordinate, matching answer key entries, passing audit results, and checkable answers.",Matches expected behavior in the recorded test evidence.,,"npm run test:generators passed: 139 worksheet types, 834 generated items, failed [].; npm run test:generators passed: 139 worksheet types, 834 generated items, failed [].",No issue found,,,"npm run test:generators passed: 139 worksheet types, 834 generated items, failed [].",Passed,catalog_id=coordinate-graphing-and-graph-paper; strand=Algebra and Functions; grades=4|5|6|7|8|9; formats=graph-data|visual-model; generatorKind=coordinate,src/features/worksheet/catalog.ts; src/features/worksheet/generator.ts; src/features/worksheet/item-factory.ts,GEN-028,Worksheet generators,Coordinate Graphing and Graph Paper,"As a teacher, I can select the Coordinate Graphing and Graph Paper generator for Algebra and Functions practice.","Selecting Coordinate Graphing and Graph Paper produces canonical worksheet JSON with 3-12 questions, title Coordinate Graphing and Graph Paper, supported grades 4/5/6/7/8/9, supported formats graph-data/visual-model, generator kind coordinate, matching answer key entries, passing audit results, and checkable answers.",src/features/worksheet/catalog.ts; src/features/worksheet/generator.ts; src/features/worksheet/item-factory.ts,passed,"npm run test:generators passed: 139 worksheet types, 834 generated items, failed [].",,,"npm run test:generators passed: 139 worksheet types, 834 generated items, failed [].",catalog_id=coordinate-graphing-and-graph-paper; strand=Algebra and Functions; grades=4|5|6|7|8|9; formats=graph-data|visual-model; generatorKind=coordinate
GEN-029,Geometry Shapes and Properties,"Worksheet generators: Geometry Shapes and Properties. Selecting Geometry Shapes and Properties produces canonical worksheet JSON with 3-12 questions, title Geometry Shapes and Properties, supported grades K/1/2/3/4/5/6/7/8/9/10, supported formats visual-model/quick-check, generator kind geometry, matching answer key entries, passing audit results, and checkable answers.",Worksheet generators,GEN-029,"As a teacher, I can select the Geometry Shapes and Properties generator for Geometry and Spatial Reasoning practice.","1. Given Worksheet generator catalog entry selectable from setup panel, when the story is exercised, then Selecting Geometry Shapes and Properties produces canonical worksheet JSON with 3-12 questions, title Geometry Shapes and Properties, supported grades K/1/2/3/4/5/6/7/8/9/10, supported formats visual-model/quick-check, generator kind geometry, matching answer key entries, passing audit results, and checkable answers. 2. The recorded initial and regression evidence for GEN-029 is Passing or Fixed. 3. Any discovered issue for this story has severity, reproduction, root cause, fix status, and retest evidence recorded in this row.","Selecting Geometry Shapes and Properties produces canonical worksheet JSON with 3-12 questions, title Geometry Shapes and Properties, supported grades K/1/2/3/4/5/6/7/8/9/10, supported formats visual-model/quick-check, generator kind geometry, matching answer key entries, passing audit results, and checkable answers.",Worksheet generator catalog entry selectable from setup panel,src/features/worksheet/catalog.ts; src/features/worksheet/generator.ts; src/features/worksheet/item-factory.ts,"Supported grade/format/strand filters, answer-key correctness, deterministic item generation, validation rules and solution metadata.",Teacher via catalog selection and developer via generator verification; no auth or permission gates in scope.,"Supported grade/format/strand filters, answer-key correctness, deterministic item generation, validation rules and solution metadata.",Passing,"npm run test:generators passed: 139 worksheet types, 834 generated items, failed [].",,,,"Selecting Geometry Shapes and Properties produces canonical worksheet JSON with 3-12 questions, title Geometry Shapes and Properties, supported grades K/1/2/3/4/5/6/7/8/9/10, supported formats visual-model/quick-check, generator kind geometry, matching answer key entries, passing audit results, and checkable answers.",Matches expected behavior in the recorded test evidence.,,"npm run test:generators passed: 139 worksheet types, 834 generated items, failed [].; npm run test:generators passed: 139 worksheet types, 834 generated items, failed [].",No issue found,,,"npm run test:generators passed: 139 worksheet types, 834 generated items, failed [].",Passed,catalog_id=geometry-shapes-and-properties; strand=Geometry and Spatial Reasoning; grades=K|1|2|3|4|5|6|7|8|9|10; formats=visual-model|quick-check; generatorKind=geometry,src/features/worksheet/catalog.ts; src/features/worksheet/generator.ts; src/features/worksheet/item-factory.ts,GEN-029,Worksheet generators,Geometry Shapes and Properties,"As a teacher, I can select the Geometry Shapes and Properties generator for Geometry and Spatial Reasoning practice.","Selecting Geometry Shapes and Properties produces canonical worksheet JSON with 3-12 questions, title Geometry Shapes and Properties, supported grades K/1/2/3/4/5/6/7/8/9/10, supported formats visual-model/quick-check, generator kind geometry, matching answer key entries, passing audit results, and checkable answers.",src/features/worksheet/catalog.ts; src/features/worksheet/generator.ts; src/features/worksheet/item-factory.ts,passed,"npm run test:generators passed: 139 worksheet types, 834 generated items, failed [].",,,"npm run test:generators passed: 139 worksheet types, 834 generated items, failed [].",catalog_id=geometry-shapes-and-properties; strand=Geometry and Spatial Reasoning; grades=K|1|2|3|4|5|6|7|8|9|10; formats=visual-model|quick-check; generatorKind=geometry
GEN-030,"Area, Perimeter, Surface Area, and Volume","Worksheet generators: Area, Perimeter, Surface Area, and Volume. Selecting Area, Perimeter, Surface Area, and Volume produces canonical worksheet JSON with 3-12 questions, title Area, Perimeter, Surface Area, and Volume, supported grades 3/4/5/6/7/8/9/10, supported formats visual-model/worked-practice, generator kind area, matching answer key entries, passing audit results, and checkable answers.",Worksheet generators,GEN-030,"As a teacher, I can select the Area, Perimeter, Surface Area, and Volume generator for Geometry and Spatial Reasoning practice.","1. Given Worksheet generator catalog entry selectable from setup panel, when the story is exercised, then Selecting Area, Perimeter, Surface Area, and Volume produces canonical worksheet JSON with 3-12 questions, title Area, Perimeter, Surface Area, and Volume, supported grades 3/4/5/6/7/8/9/10, supported formats visual-model/worked-practice, generator kind area, matching answer key entries, passing audit results, and checkable answers. 2. The recorded initial and regression evidence for GEN-030 is Passing or Fixed. 3. Any discovered issue for this story has severity, reproduction, root cause, fix status, and retest evidence recorded in this row.","Selecting Area, Perimeter, Surface Area, and Volume produces canonical worksheet JSON with 3-12 questions, title Area, Perimeter, Surface Area, and Volume, supported grades 3/4/5/6/7/8/9/10, supported formats visual-model/worked-practice, generator kind area, matching answer key entries, passing audit results, and checkable answers.",Worksheet generator catalog entry selectable from setup panel,src/features/worksheet/catalog.ts; src/features/worksheet/generator.ts; src/features/worksheet/item-factory.ts,"Supported grade/format/strand filters, answer-key correctness, deterministic item generation, validation rules and solution metadata.",Teacher via catalog selection and developer via generator verification; no auth or permission gates in scope.,"Supported grade/format/strand filters, answer-key correctness, deterministic item generation, validation rules and solution metadata.",Passing,"npm run test:generators passed: 139 worksheet types, 834 generated items, failed [].",,,,"Selecting Area, Perimeter, Surface Area, and Volume produces canonical worksheet JSON with 3-12 questions, title Area, Perimeter, Surface Area, and Volume, supported grades 3/4/5/6/7/8/9/10, supported formats visual-model/worked-practice, generator kind area, matching answer key entries, passing audit results, and checkable answers.",Matches expected behavior in the recorded test evidence.,,"npm run test:generators passed: 139 worksheet types, 834 generated items, failed [].; npm run test:generators passed: 139 worksheet types, 834 generated items, failed [].",No issue found,,,"npm run test:generators passed: 139 worksheet types, 834 generated items, failed [].",Passed,catalog_id=area-perimeter-surface-area-and-volume; strand=Geometry and Spatial Reasoning; grades=3|4|5|6|7|8|9|10; formats=visual-model|worked-practice; generatorKind=area,src/features/worksheet/catalog.ts; src/features/worksheet/generator.ts; src/features/worksheet/item-factory.ts,GEN-030,Worksheet generators,"Area, Perimeter, Surface Area, and Volume","As a teacher, I can select the Area, Perimeter, Surface Area, and Volume generator for Geometry and Spatial Reasoning practice.","Selecting Area, Perimeter, Surface Area, and Volume produces canonical worksheet JSON with 3-12 questions, title Area, Perimeter, Surface Area, and Volume, supported grades 3/4/5/6/7/8/9/10, supported formats visual-model/worked-practice, generator kind area, matching answer key entries, passing audit results, and checkable answers.",src/features/worksheet/catalog.ts; src/features/worksheet/generator.ts; src/features/worksheet/item-factory.ts,passed,"npm run test:generators passed: 139 worksheet types, 834 generated items, failed [].",,,"npm run test:generators passed: 139 worksheet types, 834 generated items, failed [].",catalog_id=area-perimeter-surface-area-and-volume; strand=Geometry and Spatial Reasoning; grades=3|4|5|6|7|8|9|10; formats=visual-model|worked-practice; generatorKind=area
GEN-031,Measurement and Unit Conversions,"Worksheet generators: Measurement and Unit Conversions. Selecting Measurement and Unit Conversions produces canonical worksheet JSON with 3-12 questions, title Measurement and Unit Conversions, supported grades 1/2/3/4/5/6/7/8, supported formats real-world/worked-practice, generator kind measurement, matching answer key entries, passing audit results, and checkable answers.",Worksheet generators,GEN-031,"As a teacher, I can select the Measurement and Unit Conversions generator for Measurement practice.","1. Given Worksheet generator catalog entry selectable from setup panel, when the story is exercised, then Selecting Measurement and Unit Conversions produces canonical worksheet JSON with 3-12 questions, title Measurement and Unit Conversions, supported grades 1/2/3/4/5/6/7/8, supported formats real-world/worked-practice, generator kind measurement, matching answer key entries, passing audit results, and checkable answers. 2. The recorded initial and regression evidence for GEN-031 is Passing or Fixed. 3. Any discovered issue for this story has severity, reproduction, root cause, fix status, and retest evidence recorded in this row.","Selecting Measurement and Unit Conversions produces canonical worksheet JSON with 3-12 questions, title Measurement and Unit Conversions, supported grades 1/2/3/4/5/6/7/8, supported formats real-world/worked-practice, generator kind measurement, matching answer key entries, passing audit results, and checkable answers.",Worksheet generator catalog entry selectable from setup panel,src/features/worksheet/catalog.ts; src/features/worksheet/generator.ts; src/features/worksheet/item-factory.ts,"Supported grade/format/strand filters, answer-key correctness, deterministic item generation, validation rules and solution metadata.",Teacher via catalog selection and developer via generator verification; no auth or permission gates in scope.,"Supported grade/format/strand filters, answer-key correctness, deterministic item generation, validation rules and solution metadata.",Passing,"npm run test:generators passed: 139 worksheet types, 834 generated items, failed [].",,,,"Selecting Measurement and Unit Conversions produces canonical worksheet JSON with 3-12 questions, title Measurement and Unit Conversions, supported grades 1/2/3/4/5/6/7/8, supported formats real-world/worked-practice, generator kind measurement, matching answer key entries, passing audit results, and checkable answers.",Matches expected behavior in the recorded test evidence.,,"npm run test:generators passed: 139 worksheet types, 834 generated items, failed [].; npm run test:generators passed: 139 worksheet types, 834 generated items, failed [].",No issue found,,,"npm run test:generators passed: 139 worksheet types, 834 generated items, failed [].",Passed,catalog_id=measurement-and-unit-conversions; strand=Measurement; grades=1|2|3|4|5|6|7|8; formats=real-world|worked-practice; generatorKind=measurement,src/features/worksheet/catalog.ts; src/features/worksheet/generator.ts; src/features/worksheet/item-factory.ts,GEN-031,Worksheet generators,Measurement and Unit Conversions,"As a teacher, I can select the Measurement and Unit Conversions generator for Measurement practice.","Selecting Measurement and Unit Conversions produces canonical worksheet JSON with 3-12 questions, title Measurement and Unit Conversions, supported grades 1/2/3/4/5/6/7/8, supported formats real-world/worked-practice, generator kind measurement, matching answer key entries, passing audit results, and checkable answers.",src/features/worksheet/catalog.ts; src/features/worksheet/generator.ts; src/features/worksheet/item-factory.ts,passed,"npm run test:generators passed: 139 worksheet types, 834 generated items, failed [].",,,"npm run test:generators passed: 139 worksheet types, 834 generated items, failed [].",catalog_id=measurement-and-unit-conversions; strand=Measurement; grades=1|2|3|4|5|6|7|8; formats=real-world|worked-practice; generatorKind=measurement
GEN-032,"Time, Elapsed Time, and Calendars","Worksheet generators: Time, Elapsed Time, and Calendars. Selecting Time, Elapsed Time, and Calendars produces canonical worksheet JSON with 3-12 questions, title Time, Elapsed Time, and Calendars, supported grades K/1/2/3/4/5, supported formats real-world/visual-model, generator kind time, matching answer key entries, passing audit results, and checkable answers.",Worksheet generators,GEN-032,"As a teacher, I can select the Time, Elapsed Time, and Calendars generator for Measurement practice.","1. Given Worksheet generator catalog entry selectable from setup panel, when the story is exercised, then Selecting Time, Elapsed Time, and Calendars produces canonical worksheet JSON with 3-12 questions, title Time, Elapsed Time, and Calendars, supported grades K/1/2/3/4/5, supported formats real-world/visual-model, generator kind time, matching answer key entries, passing audit results, and checkable answers. 2. The recorded initial and regression evidence for GEN-032 is Passing or Fixed. 3. Any discovered issue for this story has severity, reproduction, root cause, fix status, and retest evidence recorded in this row.","Selecting Time, Elapsed Time, and Calendars produces canonical worksheet JSON with 3-12 questions, title Time, Elapsed Time, and Calendars, supported grades K/1/2/3/4/5, supported formats real-world/visual-model, generator kind time, matching answer key entries, passing audit results, and checkable answers.",Worksheet generator catalog entry selectable from setup panel,src/features/worksheet/catalog.ts; src/features/worksheet/generator.ts; src/features/worksheet/item-factory.ts,"Supported grade/format/strand filters, answer-key correctness, deterministic item generation, validation rules and solution metadata.",Teacher via catalog selection and developer via generator verification; no auth or permission gates in scope.,"Supported grade/format/strand filters, answer-key correctness, deterministic item generation, validation rules and solution metadata.",Passing,"npm run test:generators passed: 139 worksheet types, 834 generated items, failed [].",,,,"Selecting Time, Elapsed Time, and Calendars produces canonical worksheet JSON with 3-12 questions, title Time, Elapsed Time, and Calendars, supported grades K/1/2/3/4/5, supported formats real-world/visual-model, generator kind time, matching answer key entries, passing audit results, and checkable answers.",Matches expected behavior in the recorded test evidence.,,"npm run test:generators passed: 139 worksheet types, 834 generated items, failed [].; npm run test:generators passed: 139 worksheet types, 834 generated items, failed [].",No issue found,,,"npm run test:generators passed: 139 worksheet types, 834 generated items, failed [].",Passed,catalog_id=time-elapsed-time-and-calendars; strand=Measurement; grades=K|1|2|3|4|5; formats=real-world|visual-model; generatorKind=time,src/features/worksheet/catalog.ts; src/features/worksheet/generator.ts; src/features/worksheet/item-factory.ts,GEN-032,Worksheet generators,"Time, Elapsed Time, and Calendars","As a teacher, I can select the Time, Elapsed Time, and Calendars generator for Measurement practice.","Selecting Time, Elapsed Time, and Calendars produces canonical worksheet JSON with 3-12 questions, title Time, Elapsed Time, and Calendars, supported grades K/1/2/3/4/5, supported formats real-world/visual-model, generator kind time, matching answer key entries, passing audit results, and checkable answers.",src/features/worksheet/catalog.ts; src/features/worksheet/generator.ts; src/features/worksheet/item-factory.ts,passed,"npm run test:generators passed: 139 worksheet types, 834 generated items, failed [].",,,"npm run test:generators passed: 139 worksheet types, 834 generated items, failed [].",catalog_id=time-elapsed-time-and-calendars; strand=Measurement; grades=K|1|2|3|4|5; formats=real-world|visual-model; generatorKind=time
GEN-033,"Money, Budgeting, and Consumer Math","Worksheet generators: Money, Budgeting, and Consumer Math. Selecting Money, Budgeting, and Consumer Math produces canonical worksheet JSON with 3-12 questions, title Money, Budgeting, and Consumer Math, supported grades 1/2/3/4/5/6/7/8/9/10/11/12, supported formats real-world/worked-practice, generator kind money, matching answer key entries, passing audit results, and checkable answers.",Worksheet generators,GEN-033,"As a teacher, I can select the Money, Budgeting, and Consumer Math generator for Financial and Consumer Math practice.","1. Given Worksheet generator catalog entry selectable from setup panel, when the story is exercised, then Selecting Money, Budgeting, and Consumer Math produces canonical worksheet JSON with 3-12 questions, title Money, Budgeting, and Consumer Math, supported grades 1/2/3/4/5/6/7/8/9/10/11/12, supported formats real-world/worked-practice, generator kind money, matching answer key entries, passing audit results, and checkable answers. 2. The recorded initial and regression evidence for GEN-033 is Passing or Fixed. 3. Any discovered issue for this story has severity, reproduction, root cause, fix status, and retest evidence recorded in this row.","Selecting Money, Budgeting, and Consumer Math produces canonical worksheet JSON with 3-12 questions, title Money, Budgeting, and Consumer Math, supported grades 1/2/3/4/5/6/7/8/9/10/11/12, supported formats real-world/worked-practice, generator kind money, matching answer key entries, passing audit results, and checkable answers.",Worksheet generator catalog entry selectable from setup panel,src/features/worksheet/catalog.ts; src/features/worksheet/generator.ts; src/features/worksheet/item-factory.ts,"Supported grade/format/strand filters, answer-key correctness, deterministic item generation, validation rules and solution metadata.",Teacher via catalog selection and developer via generator verification; no auth or permission gates in scope.,"Supported grade/format/strand filters, answer-key correctness, deterministic item generation, validation rules and solution metadata.",Passing,"npm run test:generators passed: 139 worksheet types, 834 generated items, failed [].",,,,"Selecting Money, Budgeting, and Consumer Math produces canonical worksheet JSON with 3-12 questions, title Money, Budgeting, and Consumer Math, supported grades 1/2/3/4/5/6/7/8/9/10/11/12, supported formats real-world/worked-practice, generator kind money, matching answer key entries, passing audit results, and checkable answers.",Matches expected behavior in the recorded test evidence.,,"npm run test:generators passed: 139 worksheet types, 834 generated items, failed [].; npm run test:generators passed: 139 worksheet types, 834 generated items, failed [].",No issue found,,,"npm run test:generators passed: 139 worksheet types, 834 generated items, failed [].",Passed,catalog_id=money-budgeting-and-consumer-math; strand=Financial and Consumer Math; grades=1|2|3|4|5|6|7|8|9|10|11|12; formats=real-world|worked-practice; generatorKind=money,src/features/worksheet/catalog.ts; src/features/worksheet/generator.ts; src/features/worksheet/item-factory.ts,GEN-033,Worksheet generators,"Money, Budgeting, and Consumer Math","As a teacher, I can select the Money, Budgeting, and Consumer Math generator for Financial and Consumer Math practice.","Selecting Money, Budgeting, and Consumer Math produces canonical worksheet JSON with 3-12 questions, title Money, Budgeting, and Consumer Math, supported grades 1/2/3/4/5/6/7/8/9/10/11/12, supported formats real-world/worked-practice, generator kind money, matching answer key entries, passing audit results, and checkable answers.",src/features/worksheet/catalog.ts; src/features/worksheet/generator.ts; src/features/worksheet/item-factory.ts,passed,"npm run test:generators passed: 139 worksheet types, 834 generated items, failed [].",,,"npm run test:generators passed: 139 worksheet types, 834 generated items, failed [].",catalog_id=money-budgeting-and-consumer-math; strand=Financial and Consumer Math; grades=1|2|3|4|5|6|7|8|9|10|11|12; formats=real-world|worked-practice; generatorKind=money
GEN-034,"Statistics, Data, and Graphing","Worksheet generators: Statistics, Data, and Graphing. Selecting Statistics, Data, and Graphing produces canonical worksheet JSON with 3-12 questions, title Statistics, Data, and Graphing, supported grades 1/2/3/4/5/6/7/8/9/10/11/12, supported formats graph-data/worked-practice, generator kind mean, matching answer key entries, passing audit results, and checkable answers.",Worksheet generators,GEN-034,"As a teacher, I can select the Statistics, Data, and Graphing generator for Data, Statistics, and Probability practice.","1. Given Worksheet generator catalog entry selectable from setup panel, when the story is exercised, then Selecting Statistics, Data, and Graphing produces canonical worksheet JSON with 3-12 questions, title Statistics, Data, and Graphing, supported grades 1/2/3/4/5/6/7/8/9/10/11/12, supported formats graph-data/worked-practice, generator kind mean, matching answer key entries, passing audit results, and checkable answers. 2. The recorded initial and regression evidence for GEN-034 is Passing or Fixed. 3. Any discovered issue for this story has severity, reproduction, root cause, fix status, and retest evidence recorded in this row.","Selecting Statistics, Data, and Graphing produces canonical worksheet JSON with 3-12 questions, title Statistics, Data, and Graphing, supported grades 1/2/3/4/5/6/7/8/9/10/11/12, supported formats graph-data/worked-practice, generator kind mean, matching answer key entries, passing audit results, and checkable answers.",Worksheet generator catalog entry selectable from setup panel,src/features/worksheet/catalog.ts; src/features/worksheet/generator.ts; src/features/worksheet/item-factory.ts,"Supported grade/format/strand filters, answer-key correctness, deterministic item generation, validation rules and solution metadata.",Teacher via catalog selection and developer via generator verification; no auth or permission gates in scope.,"Supported grade/format/strand filters, answer-key correctness, deterministic item generation, validation rules and solution metadata.",Passing,"npm run test:generators passed: 139 worksheet types, 834 generated items, failed [].",,,,"Selecting Statistics, Data, and Graphing produces canonical worksheet JSON with 3-12 questions, title Statistics, Data, and Graphing, supported grades 1/2/3/4/5/6/7/8/9/10/11/12, supported formats graph-data/worked-practice, generator kind mean, matching answer key entries, passing audit results, and checkable answers.",Matches expected behavior in the recorded test evidence.,,"npm run test:generators passed: 139 worksheet types, 834 generated items, failed [].; npm run test:generators passed: 139 worksheet types, 834 generated items, failed [].",No issue found,,,"npm run test:generators passed: 139 worksheet types, 834 generated items, failed [].",Passed,"catalog_id=statistics-data-and-graphing; strand=Data, Statistics, and Probability; grades=1|2|3|4|5|6|7|8|9|10|11|12; formats=graph-data|worked-practice; generatorKind=mean",src/features/worksheet/catalog.ts; src/features/worksheet/generator.ts; src/features/worksheet/item-factory.ts,GEN-034,Worksheet generators,"Statistics, Data, and Graphing","As a teacher, I can select the Statistics, Data, and Graphing generator for Data, Statistics, and Probability practice.","Selecting Statistics, Data, and Graphing produces canonical worksheet JSON with 3-12 questions, title Statistics, Data, and Graphing, supported grades 1/2/3/4/5/6/7/8/9/10/11/12, supported formats graph-data/worked-practice, generator kind mean, matching answer key entries, passing audit results, and checkable answers.",src/features/worksheet/catalog.ts; src/features/worksheet/generator.ts; src/features/worksheet/item-factory.ts,passed,"npm run test:generators passed: 139 worksheet types, 834 generated items, failed [].",,,"npm run test:generators passed: 139 worksheet types, 834 generated items, failed [].","catalog_id=statistics-data-and-graphing; strand=Data, Statistics, and Probability; grades=1|2|3|4|5|6|7|8|9|10|11|12; formats=graph-data|worked-practice; generatorKind=mean"
GEN-035,Probability,"Worksheet generators: Probability. Selecting Probability produces canonical worksheet JSON with 3-12 questions, title Probability, supported grades 3/4/5/6/7/8/9/10/11/12, supported formats graph-data/quick-check, generator kind probability, matching answer key entries, passing audit results, and checkable answers.",Worksheet generators,GEN-035,"As a teacher, I can select the Probability generator for Data, Statistics, and Probability practice.","1. Given Worksheet generator catalog entry selectable from setup panel, when the story is exercised, then Selecting Probability produces canonical worksheet JSON with 3-12 questions, title Probability, supported grades 3/4/5/6/7/8/9/10/11/12, supported formats graph-data/quick-check, generator kind probability, matching answer key entries, passing audit results, and checkable answers. 2. The recorded initial and regression evidence for GEN-035 is Passing or Fixed. 3. Any discovered issue for this story has severity, reproduction, root cause, fix status, and retest evidence recorded in this row.","Selecting Probability produces canonical worksheet JSON with 3-12 questions, title Probability, supported grades 3/4/5/6/7/8/9/10/11/12, supported formats graph-data/quick-check, generator kind probability, matching answer key entries, passing audit results, and checkable answers.",Worksheet generator catalog entry selectable from setup panel,src/features/worksheet/catalog.ts; src/features/worksheet/generator.ts; src/features/worksheet/item-factory.ts,"Supported grade/format/strand filters, answer-key correctness, deterministic item generation, validation rules and solution metadata.",Teacher via catalog selection and developer via generator verification; no auth or permission gates in scope.,"Supported grade/format/strand filters, answer-key correctness, deterministic item generation, validation rules and solution metadata.",Passing,"npm run test:generators passed: 139 worksheet types, 834 generated items, failed [].",,,,"Selecting Probability produces canonical worksheet JSON with 3-12 questions, title Probability, supported grades 3/4/5/6/7/8/9/10/11/12, supported formats graph-data/quick-check, generator kind probability, matching answer key entries, passing audit results, and checkable answers.",Matches expected behavior in the recorded test evidence.,,"npm run test:generators passed: 139 worksheet types, 834 generated items, failed [].; npm run test:generators passed: 139 worksheet types, 834 generated items, failed [].",No issue found,,,"npm run test:generators passed: 139 worksheet types, 834 generated items, failed [].",Passed,"catalog_id=probability; strand=Data, Statistics, and Probability; grades=3|4|5|6|7|8|9|10|11|12; formats=graph-data|quick-check; generatorKind=probability",src/features/worksheet/catalog.ts; src/features/worksheet/generator.ts; src/features/worksheet/item-factory.ts,GEN-035,Worksheet generators,Probability,"As a teacher, I can select the Probability generator for Data, Statistics, and Probability practice.","Selecting Probability produces canonical worksheet JSON with 3-12 questions, title Probability, supported grades 3/4/5/6/7/8/9/10/11/12, supported formats graph-data/quick-check, generator kind probability, matching answer key entries, passing audit results, and checkable answers.",src/features/worksheet/catalog.ts; src/features/worksheet/generator.ts; src/features/worksheet/item-factory.ts,passed,"npm run test:generators passed: 139 worksheet types, 834 generated items, failed [].",,,"npm run test:generators passed: 139 worksheet types, 834 generated items, failed [].","catalog_id=probability; strand=Data, Statistics, and Probability; grades=3|4|5|6|7|8|9|10|11|12; formats=graph-data|quick-check; generatorKind=probability"
GEN-036,Math Word Problems,"Worksheet generators: Math Word Problems. Selecting Math Word Problems produces canonical worksheet JSON with 3-12 questions, title Math Word Problems, supported grades 1/2/3/4/5/6/7/8/9/10/11/12, supported formats real-world/worked-practice, generator kind wordProblem, matching answer key entries, passing audit results, and checkable answers.",Worksheet generators,GEN-036,"As a teacher, I can select the Math Word Problems generator for Word Problems and Mathematical Reasoning practice.","1. Given Worksheet generator catalog entry selectable from setup panel, when the story is exercised, then Selecting Math Word Problems produces canonical worksheet JSON with 3-12 questions, title Math Word Problems, supported grades 1/2/3/4/5/6/7/8/9/10/11/12, supported formats real-world/worked-practice, generator kind wordProblem, matching answer key entries, passing audit results, and checkable answers. 2. The recorded initial and regression evidence for GEN-036 is Passing or Fixed. 3. Any discovered issue for this story has severity, reproduction, root cause, fix status, and retest evidence recorded in this row.","Selecting Math Word Problems produces canonical worksheet JSON with 3-12 questions, title Math Word Problems, supported grades 1/2/3/4/5/6/7/8/9/10/11/12, supported formats real-world/worked-practice, generator kind wordProblem, matching answer key entries, passing audit results, and checkable answers.",Worksheet generator catalog entry selectable from setup panel,src/features/worksheet/catalog.ts; src/features/worksheet/generator.ts; src/features/worksheet/item-factory.ts,"Supported grade/format/strand filters, answer-key correctness, deterministic item generation, validation rules and solution metadata.",Teacher via catalog selection and developer via generator verification; no auth or permission gates in scope.,"Supported grade/format/strand filters, answer-key correctness, deterministic item generation, validation rules and solution metadata.",Passing,"npm run test:generators passed: 139 worksheet types, 834 generated items, failed [].",,,,"Selecting Math Word Problems produces canonical worksheet JSON with 3-12 questions, title Math Word Problems, supported grades 1/2/3/4/5/6/7/8/9/10/11/12, supported formats real-world/worked-practice, generator kind wordProblem, matching answer key entries, passing audit results, and checkable answers.",Matches expected behavior in the recorded test evidence.,,"npm run test:generators passed: 139 worksheet types, 834 generated items, failed [].; npm run test:generators passed: 139 worksheet types, 834 generated items, failed [].",No issue found,,,"npm run test:generators passed: 139 worksheet types, 834 generated items, failed [].",Passed,catalog_id=math-word-problems; strand=Word Problems and Mathematical Reasoning; grades=1|2|3|4|5|6|7|8|9|10|11|12; formats=real-world|worked-practice; generatorKind=wordProblem,src/features/worksheet/catalog.ts; src/features/worksheet/generator.ts; src/features/worksheet/item-factory.ts,GEN-036,Worksheet generators,Math Word Problems,"As a teacher, I can select the Math Word Problems generator for Word Problems and Mathematical Reasoning practice.","Selecting Math Word Problems produces canonical worksheet JSON with 3-12 questions, title Math Word Problems, supported grades 1/2/3/4/5/6/7/8/9/10/11/12, supported formats real-world/worked-practice, generator kind wordProblem, matching answer key entries, passing audit results, and checkable answers.",src/features/worksheet/catalog.ts; src/features/worksheet/generator.ts; src/features/worksheet/item-factory.ts,passed,"npm run test:generators passed: 139 worksheet types, 834 generated items, failed [].",,,"npm run test:generators passed: 139 worksheet types, 834 generated items, failed [].",catalog_id=math-word-problems; strand=Word Problems and Mathematical Reasoning; grades=1|2|3|4|5|6|7|8|9|10|11|12; formats=real-world|worked-practice; generatorKind=wordProblem
GEN-037,Math Puzzles and Logic Sheets,"Worksheet generators: Math Puzzles and Logic Sheets. Selecting Math Puzzles and Logic Sheets produces canonical worksheet JSON with 3-12 questions, title Math Puzzles and Logic Sheets, supported grades 2/3/4/5/6/7/8/9/10/11/12, supported formats quick-check/visual-model, generator kind patternPuzzle, matching answer key entries, passing audit results, and checkable answers.",Worksheet generators,GEN-037,"As a teacher, I can select the Math Puzzles and Logic Sheets generator for Math Puzzles, Logic, and Enrichment practice.","1. Given Worksheet generator catalog entry selectable from setup panel, when the story is exercised, then Selecting Math Puzzles and Logic Sheets produces canonical worksheet JSON with 3-12 questions, title Math Puzzles and Logic Sheets, supported grades 2/3/4/5/6/7/8/9/10/11/12, supported formats quick-check/visual-model, generator kind patternPuzzle, matching answer key entries, passing audit results, and checkable answers. 2. The recorded initial and regression evidence for GEN-037 is Passing or Fixed. 3. Any discovered issue for this story has severity, reproduction, root cause, fix status, and retest evidence recorded in this row.","Selecting Math Puzzles and Logic Sheets produces canonical worksheet JSON with 3-12 questions, title Math Puzzles and Logic Sheets, supported grades 2/3/4/5/6/7/8/9/10/11/12, supported formats quick-check/visual-model, generator kind patternPuzzle, matching answer key entries, passing audit results, and checkable answers.",Worksheet generator catalog entry selectable from setup panel,src/features/worksheet/catalog.ts; src/features/worksheet/generator.ts; src/features/worksheet/item-factory.ts,"Supported grade/format/strand filters, answer-key correctness, deterministic item generation, validation rules and solution metadata.",Teacher via catalog selection and developer via generator verification; no auth or permission gates in scope.,"Supported grade/format/strand filters, answer-key correctness, deterministic item generation, validation rules and solution metadata.",Passing,"npm run test:generators passed: 139 worksheet types, 834 generated items, failed [].",,,,"Selecting Math Puzzles and Logic Sheets produces canonical worksheet JSON with 3-12 questions, title Math Puzzles and Logic Sheets, supported grades 2/3/4/5/6/7/8/9/10/11/12, supported formats quick-check/visual-model, generator kind patternPuzzle, matching answer key entries, passing audit results, and checkable answers.",Matches expected behavior in the recorded test evidence.,,"npm run test:generators passed: 139 worksheet types, 834 generated items, failed [].; npm run test:generators passed: 139 worksheet types, 834 generated items, failed [].",No issue found,,,"npm run test:generators passed: 139 worksheet types, 834 generated items, failed [].",Passed,"catalog_id=math-puzzles-and-logic-sheets; strand=Math Puzzles, Logic, and Enrichment; grades=2|3|4|5|6|7|8|9|10|11|12; formats=quick-check|visual-model; generatorKind=patternPuzzle",src/features/worksheet/catalog.ts; src/features/worksheet/generator.ts; src/features/worksheet/item-factory.ts,GEN-037,Worksheet generators,Math Puzzles and Logic Sheets,"As a teacher, I can select the Math Puzzles and Logic Sheets generator for Math Puzzles, Logic, and Enrichment practice.","Selecting Math Puzzles and Logic Sheets produces canonical worksheet JSON with 3-12 questions, title Math Puzzles and Logic Sheets, supported grades 2/3/4/5/6/7/8/9/10/11/12, supported formats quick-check/visual-model, generator kind patternPuzzle, matching answer key entries, passing audit results, and checkable answers.",src/features/worksheet/catalog.ts; src/features/worksheet/generator.ts; src/features/worksheet/item-factory.ts,passed,"npm run test:generators passed: 139 worksheet types, 834 generated items, failed [].",,,"npm run test:generators passed: 139 worksheet types, 834 generated items, failed [].","catalog_id=math-puzzles-and-logic-sheets; strand=Math Puzzles, Logic, and Enrichment; grades=2|3|4|5|6|7|8|9|10|11|12; formats=quick-check|visual-model; generatorKind=patternPuzzle"
GEN-038,Ten-Frame Counting Readiness,"Worksheet generators: Ten-Frame Counting Readiness. Selecting Ten-Frame Counting Readiness produces canonical worksheet JSON with 3-12 questions, title Ten-Frame Counting Readiness, supported grades K, supported formats visual-model/quick-check, generator kind numberSense, matching answer key entries, passing audit results, and checkable answers.",Worksheet generators,GEN-038,"As a teacher, I can select the Ten-Frame Counting Readiness generator for Number Sense practice.","1. Given Worksheet generator catalog entry selectable from setup panel, when the story is exercised, then Selecting Ten-Frame Counting Readiness produces canonical worksheet JSON with 3-12 questions, title Ten-Frame Counting Readiness, supported grades K, supported formats visual-model/quick-check, generator kind numberSense, matching answer key entries, passing audit results, and checkable answers. 2. The recorded initial and regression evidence for GEN-038 is Passing or Fixed. 3. Any discovered issue for this story has severity, reproduction, root cause, fix status, and retest evidence recorded in this row.","Selecting Ten-Frame Counting Readiness produces canonical worksheet JSON with 3-12 questions, title Ten-Frame Counting Readiness, supported grades K, supported formats visual-model/quick-check, generator kind numberSense, matching answer key entries, passing audit results, and checkable answers.",Worksheet generator catalog entry selectable from setup panel,src/features/worksheet/catalog.ts; src/features/worksheet/generator.ts; src/features/worksheet/item-factory.ts,"Supported grade/format/strand filters, answer-key correctness, deterministic item generation, validation rules and solution metadata.",Teacher via catalog selection and developer via generator verification; no auth or permission gates in scope.,"Supported grade/format/strand filters, answer-key correctness, deterministic item generation, validation rules and solution metadata.",Passing,"npm run test:generators passed: 139 worksheet types, 834 generated items, failed [].",,,,"Selecting Ten-Frame Counting Readiness produces canonical worksheet JSON with 3-12 questions, title Ten-Frame Counting Readiness, supported grades K, supported formats visual-model/quick-check, generator kind numberSense, matching answer key entries, passing audit results, and checkable answers.",Matches expected behavior in the recorded test evidence.,,"npm run test:generators passed: 139 worksheet types, 834 generated items, failed [].; npm run test:generators passed: 139 worksheet types, 834 generated items, failed [].",No issue found,,,"npm run test:generators passed: 139 worksheet types, 834 generated items, failed [].",Passed,catalog_id=ten-frame-counting-readiness; strand=Number Sense; grades=K; formats=visual-model|quick-check; generatorKind=numberSense,src/features/worksheet/catalog.ts; src/features/worksheet/generator.ts; src/features/worksheet/item-factory.ts,GEN-038,Worksheet generators,Ten-Frame Counting Readiness,"As a teacher, I can select the Ten-Frame Counting Readiness generator for Number Sense practice.","Selecting Ten-Frame Counting Readiness produces canonical worksheet JSON with 3-12 questions, title Ten-Frame Counting Readiness, supported grades K, supported formats visual-model/quick-check, generator kind numberSense, matching answer key entries, passing audit results, and checkable answers.",src/features/worksheet/catalog.ts; src/features/worksheet/generator.ts; src/features/worksheet/item-factory.ts,passed,"npm run test:generators passed: 139 worksheet types, 834 generated items, failed [].",,,"npm run test:generators passed: 139 worksheet types, 834 generated items, failed [].",catalog_id=ten-frame-counting-readiness; strand=Number Sense; grades=K; formats=visual-model|quick-check; generatorKind=numberSense
GEN-039,Same More Fewer Sets,"Worksheet generators: Same More Fewer Sets. Selecting Same More Fewer Sets produces canonical worksheet JSON with 3-12 questions, title Same More Fewer Sets, supported grades K/1, supported formats visual-model/quick-check, generator kind compare, matching answer key entries, passing audit results, and checkable answers.",Worksheet generators,GEN-039,"As a teacher, I can select the Same More Fewer Sets generator for Number Sense practice.","1. Given Worksheet generator catalog entry selectable from setup panel, when the story is exercised, then Selecting Same More Fewer Sets produces canonical worksheet JSON with 3-12 questions, title Same More Fewer Sets, supported grades K/1, supported formats visual-model/quick-check, generator kind compare, matching answer key entries, passing audit results, and checkable answers. 2. The recorded initial and regression evidence for GEN-039 is Passing or Fixed. 3. Any discovered issue for this story has severity, reproduction, root cause, fix status, and retest evidence recorded in this row.","Selecting Same More Fewer Sets produces canonical worksheet JSON with 3-12 questions, title Same More Fewer Sets, supported grades K/1, supported formats visual-model/quick-check, generator kind compare, matching answer key entries, passing audit results, and checkable answers.",Worksheet generator catalog entry selectable from setup panel,src/features/worksheet/catalog.ts; src/features/worksheet/generator.ts; src/features/worksheet/item-factory.ts,"Supported grade/format/strand filters, answer-key correctness, deterministic item generation, validation rules and solution metadata.",Teacher via catalog selection and developer via generator verification; no auth or permission gates in scope.,"Supported grade/format/strand filters, answer-key correctness, deterministic item generation, validation rules and solution metadata.",Passing,"npm run test:generators passed: 139 worksheet types, 834 generated items, failed [].",,,,"Selecting Same More Fewer Sets produces canonical worksheet JSON with 3-12 questions, title Same More Fewer Sets, supported grades K/1, supported formats visual-model/quick-check, generator kind compare, matching answer key entries, passing audit results, and checkable answers.",Matches expected behavior in the recorded test evidence.,,"npm run test:generators passed: 139 worksheet types, 834 generated items, failed [].; npm run test:generators passed: 139 worksheet types, 834 generated items, failed [].",No issue found,,,"npm run test:generators passed: 139 worksheet types, 834 generated items, failed [].",Passed,catalog_id=same-more-fewer-sets; strand=Number Sense; grades=K|1; formats=visual-model|quick-check; generatorKind=compare,src/features/worksheet/catalog.ts; src/features/worksheet/generator.ts; src/features/worksheet/item-factory.ts,GEN-039,Worksheet generators,Same More Fewer Sets,"As a teacher, I can select the Same More Fewer Sets generator for Number Sense practice.","Selecting Same More Fewer Sets produces canonical worksheet JSON with 3-12 questions, title Same More Fewer Sets, supported grades K/1, supported formats visual-model/quick-check, generator kind compare, matching answer key entries, passing audit results, and checkable answers.",src/features/worksheet/catalog.ts; src/features/worksheet/generator.ts; src/features/worksheet/item-factory.ts,passed,"npm run test:generators passed: 139 worksheet types, 834 generated items, failed [].",,,"npm run test:generators passed: 139 worksheet types, 834 generated items, failed [].",catalog_id=same-more-fewer-sets; strand=Number Sense; grades=K|1; formats=visual-model|quick-check; generatorKind=compare
GEN-040,Teen Numbers as Ten and Ones,"Worksheet generators: Teen Numbers as Ten and Ones. Selecting Teen Numbers as Ten and Ones produces canonical worksheet JSON with 3-12 questions, title Teen Numbers as Ten and Ones, supported grades K/1, supported formats visual-model/worked-practice, generator kind placeValue, matching answer key entries, passing audit results, and checkable answers.",Worksheet generators,GEN-040,"As a teacher, I can select the Teen Numbers as Ten and Ones generator for Number Sense practice.","1. Given Worksheet generator catalog entry selectable from setup panel, when the story is exercised, then Selecting Teen Numbers as Ten and Ones produces canonical worksheet JSON with 3-12 questions, title Teen Numbers as Ten and Ones, supported grades K/1, supported formats visual-model/worked-practice, generator kind placeValue, matching answer key entries, passing audit results, and checkable answers. 2. The recorded initial and regression evidence for GEN-040 is Passing or Fixed. 3. Any discovered issue for this story has severity, reproduction, root cause, fix status, and retest evidence recorded in this row.","Selecting Teen Numbers as Ten and Ones produces canonical worksheet JSON with 3-12 questions, title Teen Numbers as Ten and Ones, supported grades K/1, supported formats visual-model/worked-practice, generator kind placeValue, matching answer key entries, passing audit results, and checkable answers.",Worksheet generator catalog entry selectable from setup panel,src/features/worksheet/catalog.ts; src/features/worksheet/generator.ts; src/features/worksheet/item-factory.ts,"Supported grade/format/strand filters, answer-key correctness, deterministic item generation, validation rules and solution metadata.",Teacher via catalog selection and developer via generator verification; no auth or permission gates in scope.,"Supported grade/format/strand filters, answer-key correctness, deterministic item generation, validation rules and solution metadata.",Passing,"npm run test:generators passed: 139 worksheet types, 834 generated items, failed [].",,,,"Selecting Teen Numbers as Ten and Ones produces canonical worksheet JSON with 3-12 questions, title Teen Numbers as Ten and Ones, supported grades K/1, supported formats visual-model/worked-practice, generator kind placeValue, matching answer key entries, passing audit results, and checkable answers.",Matches expected behavior in the recorded test evidence.,,"npm run test:generators passed: 139 worksheet types, 834 generated items, failed [].; npm run test:generators passed: 139 worksheet types, 834 generated items, failed [].",No issue found,,,"npm run test:generators passed: 139 worksheet types, 834 generated items, failed [].",Passed,catalog_id=teen-numbers-as-ten-and-ones; strand=Number Sense; grades=K|1; formats=visual-model|worked-practice; generatorKind=placeValue,src/features/worksheet/catalog.ts; src/features/worksheet/generator.ts; src/features/worksheet/item-factory.ts,GEN-040,Worksheet generators,Teen Numbers as Ten and Ones,"As a teacher, I can select the Teen Numbers as Ten and Ones generator for Number Sense practice.","Selecting Teen Numbers as Ten and Ones produces canonical worksheet JSON with 3-12 questions, title Teen Numbers as Ten and Ones, supported grades K/1, supported formats visual-model/worked-practice, generator kind placeValue, matching answer key entries, passing audit results, and checkable answers.",src/features/worksheet/catalog.ts; src/features/worksheet/generator.ts; src/features/worksheet/item-factory.ts,passed,"npm run test:generators passed: 139 worksheet types, 834 generated items, failed [].",,,"npm run test:generators passed: 139 worksheet types, 834 generated items, failed [].",catalog_id=teen-numbers-as-ten-and-ones; strand=Number Sense; grades=K|1; formats=visual-model|worked-practice; generatorKind=placeValue
GEN-041,Counting Forward and Backward,"Worksheet generators: Counting Forward and Backward. Selecting Counting Forward and Backward produces canonical worksheet JSON with 3-12 questions, title Counting Forward and Backward, supported grades K/1, supported formats fluency-grid/quick-check, generator kind numberPattern, matching answer key entries, passing audit results, and checkable answers.",Worksheet generators,GEN-041,"As a teacher, I can select the Counting Forward and Backward generator for Number Sense practice.","1. Given Worksheet generator catalog entry selectable from setup panel, when the story is exercised, then Selecting Counting Forward and Backward produces canonical worksheet JSON with 3-12 questions, title Counting Forward and Backward, supported grades K/1, supported formats fluency-grid/quick-check, generator kind numberPattern, matching answer key entries, passing audit results, and checkable answers. 2. The recorded initial and regression evidence for GEN-041 is Passing or Fixed. 3. Any discovered issue for this story has severity, reproduction, root cause, fix status, and retest evidence recorded in this row.","Selecting Counting Forward and Backward produces canonical worksheet JSON with 3-12 questions, title Counting Forward and Backward, supported grades K/1, supported formats fluency-grid/quick-check, generator kind numberPattern, matching answer key entries, passing audit results, and checkable answers.",Worksheet generator catalog entry selectable from setup panel,src/features/worksheet/catalog.ts; src/features/worksheet/generator.ts; src/features/worksheet/item-factory.ts,"Supported grade/format/strand filters, answer-key correctness, deterministic item generation, validation rules and solution metadata.",Teacher via catalog selection and developer via generator verification; no auth or permission gates in scope.,"Supported grade/format/strand filters, answer-key correctness, deterministic item generation, validation rules and solution metadata.",Passing,"npm run test:generators passed: 139 worksheet types, 834 generated items, failed [].",,,,"Selecting Counting Forward and Backward produces canonical worksheet JSON with 3-12 questions, title Counting Forward and Backward, supported grades K/1, supported formats fluency-grid/quick-check, generator kind numberPattern, matching answer key entries, passing audit results, and checkable answers.",Matches expected behavior in the recorded test evidence.,,"npm run test:generators passed: 139 worksheet types, 834 generated items, failed [].; npm run test:generators passed: 139 worksheet types, 834 generated items, failed [].",No issue found,,,"npm run test:generators passed: 139 worksheet types, 834 generated items, failed [].",Passed,catalog_id=counting-forward-and-backward; strand=Number Sense; grades=K|1; formats=fluency-grid|quick-check; generatorKind=numberPattern,src/features/worksheet/catalog.ts; src/features/worksheet/generator.ts; src/features/worksheet/item-factory.ts,GEN-041,Worksheet generators,Counting Forward and Backward,"As a teacher, I can select the Counting Forward and Backward generator for Number Sense practice.","Selecting Counting Forward and Backward produces canonical worksheet JSON with 3-12 questions, title Counting Forward and Backward, supported grades K/1, supported formats fluency-grid/quick-check, generator kind numberPattern, matching answer key entries, passing audit results, and checkable answers.",src/features/worksheet/catalog.ts; src/features/worksheet/generator.ts; src/features/worksheet/item-factory.ts,passed,"npm run test:generators passed: 139 worksheet types, 834 generated items, failed [].",,,"npm run test:generators passed: 139 worksheet types, 834 generated items, failed [].",catalog_id=counting-forward-and-backward; strand=Number Sense; grades=K|1; formats=fluency-grid|quick-check; generatorKind=numberPattern
GEN-042,Number Line Positions to 20,"Worksheet generators: Number Line Positions to 20. Selecting Number Line Positions to 20 produces canonical worksheet JSON with 3-12 questions, title Number Line Positions to 20, supported grades K/1, supported formats visual-model/quick-check, generator kind numberSense, matching answer key entries, passing audit results, and checkable answers.",Worksheet generators,GEN-042,"As a teacher, I can select the Number Line Positions to 20 generator for Number Sense practice.","1. Given Worksheet generator catalog entry selectable from setup panel, when the story is exercised, then Selecting Number Line Positions to 20 produces canonical worksheet JSON with 3-12 questions, title Number Line Positions to 20, supported grades K/1, supported formats visual-model/quick-check, generator kind numberSense, matching answer key entries, passing audit results, and checkable answers. 2. The recorded initial and regression evidence for GEN-042 is Passing or Fixed. 3. Any discovered issue for this story has severity, reproduction, root cause, fix status, and retest evidence recorded in this row.","Selecting Number Line Positions to 20 produces canonical worksheet JSON with 3-12 questions, title Number Line Positions to 20, supported grades K/1, supported formats visual-model/quick-check, generator kind numberSense, matching answer key entries, passing audit results, and checkable answers.",Worksheet generator catalog entry selectable from setup panel,src/features/worksheet/catalog.ts; src/features/worksheet/generator.ts; src/features/worksheet/item-factory.ts,"Supported grade/format/strand filters, answer-key correctness, deterministic item generation, validation rules and solution metadata.",Teacher via catalog selection and developer via generator verification; no auth or permission gates in scope.,"Supported grade/format/strand filters, answer-key correctness, deterministic item generation, validation rules and solution metadata.",Passing,"npm run test:generators passed: 139 worksheet types, 834 generated items, failed [].",,,,"Selecting Number Line Positions to 20 produces canonical worksheet JSON with 3-12 questions, title Number Line Positions to 20, supported grades K/1, supported formats visual-model/quick-check, generator kind numberSense, matching answer key entries, passing audit results, and checkable answers.",Matches expected behavior in the recorded test evidence.,,"npm run test:generators passed: 139 worksheet types, 834 generated items, failed [].; npm run test:generators passed: 139 worksheet types, 834 generated items, failed [].",No issue found,,,"npm run test:generators passed: 139 worksheet types, 834 generated items, failed [].",Passed,catalog_id=number-line-positions-to-20; strand=Number Sense; grades=K|1; formats=visual-model|quick-check; generatorKind=numberSense,src/features/worksheet/catalog.ts; src/features/worksheet/generator.ts; src/features/worksheet/item-factory.ts,GEN-042,Worksheet generators,Number Line Positions to 20,"As a teacher, I can select the Number Line Positions to 20 generator for Number Sense practice.","Selecting Number Line Positions to 20 produces canonical worksheet JSON with 3-12 questions, title Number Line Positions to 20, supported grades K/1, supported formats visual-model/quick-check, generator kind numberSense, matching answer key entries, passing audit results, and checkable answers.",src/features/worksheet/catalog.ts; src/features/worksheet/generator.ts; src/features/worksheet/item-factory.ts,passed,"npm run test:generators passed: 139 worksheet types, 834 generated items, failed [].",,,"npm run test:generators passed: 139 worksheet types, 834 generated items, failed [].",catalog_id=number-line-positions-to-20; strand=Number Sense; grades=K|1; formats=visual-model|quick-check; generatorKind=numberSense
GEN-043,Make Ten Addition Pairs,"Worksheet generators: Make Ten Addition Pairs. Selecting Make Ten Addition Pairs produces canonical worksheet JSON with 3-12 questions, title Make Ten Addition Pairs, supported grades K/1, supported formats visual-model/quick-check, generator kind arithmetic, matching answer key entries, passing audit results, and checkable answers.",Worksheet generators,GEN-043,"As a teacher, I can select the Make Ten Addition Pairs generator for Operations and Fluency practice.","1. Given Worksheet generator catalog entry selectable from setup panel, when the story is exercised, then Selecting Make Ten Addition Pairs produces canonical worksheet JSON with 3-12 questions, title Make Ten Addition Pairs, supported grades K/1, supported formats visual-model/quick-check, generator kind arithmetic, matching answer key entries, passing audit results, and checkable answers. 2. The recorded initial and regression evidence for GEN-043 is Passing or Fixed. 3. Any discovered issue for this story has severity, reproduction, root cause, fix status, and retest evidence recorded in this row.","Selecting Make Ten Addition Pairs produces canonical worksheet JSON with 3-12 questions, title Make Ten Addition Pairs, supported grades K/1, supported formats visual-model/quick-check, generator kind arithmetic, matching answer key entries, passing audit results, and checkable answers.",Worksheet generator catalog entry selectable from setup panel,src/features/worksheet/catalog.ts; src/features/worksheet/generator.ts; src/features/worksheet/item-factory.ts,"Supported grade/format/strand filters, answer-key correctness, deterministic item generation, validation rules and solution metadata.",Teacher via catalog selection and developer via generator verification; no auth or permission gates in scope.,"Supported grade/format/strand filters, answer-key correctness, deterministic item generation, validation rules and solution metadata.",Passing,"npm run test:generators passed: 139 worksheet types, 834 generated items, failed [].",,,,"Selecting Make Ten Addition Pairs produces canonical worksheet JSON with 3-12 questions, title Make Ten Addition Pairs, supported grades K/1, supported formats visual-model/quick-check, generator kind arithmetic, matching answer key entries, passing audit results, and checkable answers.",Matches expected behavior in the recorded test evidence.,,"npm run test:generators passed: 139 worksheet types, 834 generated items, failed [].; npm run test:generators passed: 139 worksheet types, 834 generated items, failed [].",No issue found,,,"npm run test:generators passed: 139 worksheet types, 834 generated items, failed [].",Passed,catalog_id=make-ten-addition-pairs; strand=Operations and Fluency; grades=K|1; formats=visual-model|quick-check; generatorKind=arithmetic,src/features/worksheet/catalog.ts; src/features/worksheet/generator.ts; src/features/worksheet/item-factory.ts,GEN-043,Worksheet generators,Make Ten Addition Pairs,"As a teacher, I can select the Make Ten Addition Pairs generator for Operations and Fluency practice.","Selecting Make Ten Addition Pairs produces canonical worksheet JSON with 3-12 questions, title Make Ten Addition Pairs, supported grades K/1, supported formats visual-model/quick-check, generator kind arithmetic, matching answer key entries, passing audit results, and checkable answers.",src/features/worksheet/catalog.ts; src/features/worksheet/generator.ts; src/features/worksheet/item-factory.ts,passed,"npm run test:generators passed: 139 worksheet types, 834 generated items, failed [].",,,"npm run test:generators passed: 139 worksheet types, 834 generated items, failed [].",catalog_id=make-ten-addition-pairs; strand=Operations and Fluency; grades=K|1; formats=visual-model|quick-check; generatorKind=arithmetic
GEN-044,Add Within 20 Strategies,"Worksheet generators: Add Within 20 Strategies. Selecting Add Within 20 Strategies produces canonical worksheet JSON with 3-12 questions, title Add Within 20 Strategies, supported grades 1/2, supported formats fluency-grid/worked-practice, generator kind arithmetic, matching answer key entries, passing audit results, and checkable answers.",Worksheet generators,GEN-044,"As a teacher, I can select the Add Within 20 Strategies generator for Operations and Fluency practice.","1. Given Worksheet generator catalog entry selectable from setup panel, when the story is exercised, then Selecting Add Within 20 Strategies produces canonical worksheet JSON with 3-12 questions, title Add Within 20 Strategies, supported grades 1/2, supported formats fluency-grid/worked-practice, generator kind arithmetic, matching answer key entries, passing audit results, and checkable answers. 2. The recorded initial and regression evidence for GEN-044 is Passing or Fixed. 3. Any discovered issue for this story has severity, reproduction, root cause, fix status, and retest evidence recorded in this row.","Selecting Add Within 20 Strategies produces canonical worksheet JSON with 3-12 questions, title Add Within 20 Strategies, supported grades 1/2, supported formats fluency-grid/worked-practice, generator kind arithmetic, matching answer key entries, passing audit results, and checkable answers.",Worksheet generator catalog entry selectable from setup panel,src/features/worksheet/catalog.ts; src/features/worksheet/generator.ts; src/features/worksheet/item-factory.ts,"Supported grade/format/strand filters, answer-key correctness, deterministic item generation, validation rules and solution metadata.",Teacher via catalog selection and developer via generator verification; no auth or permission gates in scope.,"Supported grade/format/strand filters, answer-key correctness, deterministic item generation, validation rules and solution metadata.",Passing,"npm run test:generators passed: 139 worksheet types, 834 generated items, failed [].",,,,"Selecting Add Within 20 Strategies produces canonical worksheet JSON with 3-12 questions, title Add Within 20 Strategies, supported grades 1/2, supported formats fluency-grid/worked-practice, generator kind arithmetic, matching answer key entries, passing audit results, and checkable answers.",Matches expected behavior in the recorded test evidence.,,"npm run test:generators passed: 139 worksheet types, 834 generated items, failed [].; npm run test:generators passed: 139 worksheet types, 834 generated items, failed [].",No issue found,,,"npm run test:generators passed: 139 worksheet types, 834 generated items, failed [].",Passed,catalog_id=add-within-20-strategies; strand=Operations and Fluency; grades=1|2; formats=fluency-grid|worked-practice; generatorKind=arithmetic,src/features/worksheet/catalog.ts; src/features/worksheet/generator.ts; src/features/worksheet/item-factory.ts,GEN-044,Worksheet generators,Add Within 20 Strategies,"As a teacher, I can select the Add Within 20 Strategies generator for Operations and Fluency practice.","Selecting Add Within 20 Strategies produces canonical worksheet JSON with 3-12 questions, title Add Within 20 Strategies, supported grades 1/2, supported formats fluency-grid/worked-practice, generator kind arithmetic, matching answer key entries, passing audit results, and checkable answers.",src/features/worksheet/catalog.ts; src/features/worksheet/generator.ts; src/features/worksheet/item-factory.ts,passed,"npm run test:generators passed: 139 worksheet types, 834 generated items, failed [].",,,"npm run test:generators passed: 139 worksheet types, 834 generated items, failed [].",catalog_id=add-within-20-strategies; strand=Operations and Fluency; grades=1|2; formats=fluency-grid|worked-practice; generatorKind=arithmetic
GEN-045,Subtract Within 20 Strategies,"Worksheet generators: Subtract Within 20 Strategies. Selecting Subtract Within 20 Strategies produces canonical worksheet JSON with 3-12 questions, title Subtract Within 20 Strategies, supported grades 1/2, supported formats fluency-grid/worked-practice, generator kind arithmetic, matching answer key entries, passing audit results, and checkable answers.",Worksheet generators,GEN-045,"As a teacher, I can select the Subtract Within 20 Strategies generator for Operations and Fluency practice.","1. Given Worksheet generator catalog entry selectable from setup panel, when the story is exercised, then Selecting Subtract Within 20 Strategies produces canonical worksheet JSON with 3-12 questions, title Subtract Within 20 Strategies, supported grades 1/2, supported formats fluency-grid/worked-practice, generator kind arithmetic, matching answer key entries, passing audit results, and checkable answers. 2. The recorded initial and regression evidence for GEN-045 is Passing or Fixed. 3. Any discovered issue for this story has severity, reproduction, root cause, fix status, and retest evidence recorded in this row.","Selecting Subtract Within 20 Strategies produces canonical worksheet JSON with 3-12 questions, title Subtract Within 20 Strategies, supported grades 1/2, supported formats fluency-grid/worked-practice, generator kind arithmetic, matching answer key entries, passing audit results, and checkable answers.",Worksheet generator catalog entry selectable from setup panel,src/features/worksheet/catalog.ts; src/features/worksheet/generator.ts; src/features/worksheet/item-factory.ts,"Supported grade/format/strand filters, answer-key correctness, deterministic item generation, validation rules and solution metadata.",Teacher via catalog selection and developer via generator verification; no auth or permission gates in scope.,"Supported grade/format/strand filters, answer-key correctness, deterministic item generation, validation rules and solution metadata.",Passing,"npm run test:generators passed: 139 worksheet types, 834 generated items, failed [].",,,,"Selecting Subtract Within 20 Strategies produces canonical worksheet JSON with 3-12 questions, title Subtract Within 20 Strategies, supported grades 1/2, supported formats fluency-grid/worked-practice, generator kind arithmetic, matching answer key entries, passing audit results, and checkable answers.",Matches expected behavior in the recorded test evidence.,,"npm run test:generators passed: 139 worksheet types, 834 generated items, failed [].; npm run test:generators passed: 139 worksheet types, 834 generated items, failed [].",No issue found,,,"npm run test:generators passed: 139 worksheet types, 834 generated items, failed [].",Passed,catalog_id=subtract-within-20-strategies; strand=Operations and Fluency; grades=1|2; formats=fluency-grid|worked-practice; generatorKind=arithmetic,src/features/worksheet/catalog.ts; src/features/worksheet/generator.ts; src/features/worksheet/item-factory.ts,GEN-045,Worksheet generators,Subtract Within 20 Strategies,"As a teacher, I can select the Subtract Within 20 Strategies generator for Operations and Fluency practice.","Selecting Subtract Within 20 Strategies produces canonical worksheet JSON with 3-12 questions, title Subtract Within 20 Strategies, supported grades 1/2, supported formats fluency-grid/worked-practice, generator kind arithmetic, matching answer key entries, passing audit results, and checkable answers.",src/features/worksheet/catalog.ts; src/features/worksheet/generator.ts; src/features/worksheet/item-factory.ts,passed,"npm run test:generators passed: 139 worksheet types, 834 generated items, failed [].",,,"npm run test:generators passed: 139 worksheet types, 834 generated items, failed [].",catalog_id=subtract-within-20-strategies; strand=Operations and Fluency; grades=1|2; formats=fluency-grid|worked-practice; generatorKind=arithmetic
GEN-046,Missing Addends Within 20,"Worksheet generators: Missing Addends Within 20. Selecting Missing Addends Within 20 produces canonical worksheet JSON with 3-12 questions, title Missing Addends Within 20, supported grades 1/2, supported formats worked-practice/quick-check, generator kind factFamily, matching answer key entries, passing audit results, and checkable answers.",Worksheet generators,GEN-046,"As a teacher, I can select the Missing Addends Within 20 generator for Operations and Fluency practice.","1. Given Worksheet generator catalog entry selectable from setup panel, when the story is exercised, then Selecting Missing Addends Within 20 produces canonical worksheet JSON with 3-12 questions, title Missing Addends Within 20, supported grades 1/2, supported formats worked-practice/quick-check, generator kind factFamily, matching answer key entries, passing audit results, and checkable answers. 2. The recorded initial and regression evidence for GEN-046 is Passing or Fixed. 3. Any discovered issue for this story has severity, reproduction, root cause, fix status, and retest evidence recorded in this row.","Selecting Missing Addends Within 20 produces canonical worksheet JSON with 3-12 questions, title Missing Addends Within 20, supported grades 1/2, supported formats worked-practice/quick-check, generator kind factFamily, matching answer key entries, passing audit results, and checkable answers.",Worksheet generator catalog entry selectable from setup panel,src/features/worksheet/catalog.ts; src/features/worksheet/generator.ts; src/features/worksheet/item-factory.ts,"Supported grade/format/strand filters, answer-key correctness, deterministic item generation, validation rules and solution metadata.",Teacher via catalog selection and developer via generator verification; no auth or permission gates in scope.,"Supported grade/format/strand filters, answer-key correctness, deterministic item generation, validation rules and solution metadata.",Passing,"npm run test:generators passed: 139 worksheet types, 834 generated items, failed [].",,,,"Selecting Missing Addends Within 20 produces canonical worksheet JSON with 3-12 questions, title Missing Addends Within 20, supported grades 1/2, supported formats worked-practice/quick-check, generator kind factFamily, matching answer key entries, passing audit results, and checkable answers.",Matches expected behavior in the recorded test evidence.,,"npm run test:generators passed: 139 worksheet types, 834 generated items, failed [].; npm run test:generators passed: 139 worksheet types, 834 generated items, failed [].",No issue found,,,"npm run test:generators passed: 139 worksheet types, 834 generated items, failed [].",Passed,catalog_id=missing-addends-within-20; strand=Operations and Fluency; grades=1|2; formats=worked-practice|quick-check; generatorKind=factFamily,src/features/worksheet/catalog.ts; src/features/worksheet/generator.ts; src/features/worksheet/item-factory.ts,GEN-046,Worksheet generators,Missing Addends Within 20,"As a teacher, I can select the Missing Addends Within 20 generator for Operations and Fluency practice.","Selecting Missing Addends Within 20 produces canonical worksheet JSON with 3-12 questions, title Missing Addends Within 20, supported grades 1/2, supported formats worked-practice/quick-check, generator kind factFamily, matching answer key entries, passing audit results, and checkable answers.",src/features/worksheet/catalog.ts; src/features/worksheet/generator.ts; src/features/worksheet/item-factory.ts,passed,"npm run test:generators passed: 139 worksheet types, 834 generated items, failed [].",,,"npm run test:generators passed: 139 worksheet types, 834 generated items, failed [].",catalog_id=missing-addends-within-20; strand=Operations and Fluency; grades=1|2; formats=worked-practice|quick-check; generatorKind=factFamily
GEN-047,Two-Digit Place Value Exchange,"Worksheet generators: Two-Digit Place Value Exchange. Selecting Two-Digit Place Value Exchange produces canonical worksheet JSON with 3-12 questions, title Two-Digit Place Value Exchange, supported grades 1/2, supported formats visual-model/worked-practice, generator kind placeValue, matching answer key entries, passing audit results, and checkable answers.",Worksheet generators,GEN-047,"As a teacher, I can select the Two-Digit Place Value Exchange generator for Number Sense practice.","1. Given Worksheet generator catalog entry selectable from setup panel, when the story is exercised, then Selecting Two-Digit Place Value Exchange produces canonical worksheet JSON with 3-12 questions, title Two-Digit Place Value Exchange, supported grades 1/2, supported formats visual-model/worked-practice, generator kind placeValue, matching answer key entries, passing audit results, and checkable answers. 2. The recorded initial and regression evidence for GEN-047 is Passing or Fixed. 3. Any discovered issue for this story has severity, reproduction, root cause, fix status, and retest evidence recorded in this row.","Selecting Two-Digit Place Value Exchange produces canonical worksheet JSON with 3-12 questions, title Two-Digit Place Value Exchange, supported grades 1/2, supported formats visual-model/worked-practice, generator kind placeValue, matching answer key entries, passing audit results, and checkable answers.",Worksheet generator catalog entry selectable from setup panel,src/features/worksheet/catalog.ts; src/features/worksheet/generator.ts; src/features/worksheet/item-factory.ts,"Supported grade/format/strand filters, answer-key correctness, deterministic item generation, validation rules and solution metadata.",Teacher via catalog selection and developer via generator verification; no auth or permission gates in scope.,"Supported grade/format/strand filters, answer-key correctness, deterministic item generation, validation rules and solution metadata.",Passing,"npm run test:generators passed: 139 worksheet types, 834 generated items, failed [].",,,,"Selecting Two-Digit Place Value Exchange produces canonical worksheet JSON with 3-12 questions, title Two-Digit Place Value Exchange, supported grades 1/2, supported formats visual-model/worked-practice, generator kind placeValue, matching answer key entries, passing audit results, and checkable answers.",Matches expected behavior in the recorded test evidence.,,"npm run test:generators passed: 139 worksheet types, 834 generated items, failed [].; npm run test:generators passed: 139 worksheet types, 834 generated items, failed [].",No issue found,,,"npm run test:generators passed: 139 worksheet types, 834 generated items, failed [].",Passed,catalog_id=two-digit-place-value-exchange; strand=Number Sense; grades=1|2; formats=visual-model|worked-practice; generatorKind=placeValue,src/features/worksheet/catalog.ts; src/features/worksheet/generator.ts; src/features/worksheet/item-factory.ts,GEN-047,Worksheet generators,Two-Digit Place Value Exchange,"As a teacher, I can select the Two-Digit Place Value Exchange generator for Number Sense practice.","Selecting Two-Digit Place Value Exchange produces canonical worksheet JSON with 3-12 questions, title Two-Digit Place Value Exchange, supported grades 1/2, supported formats visual-model/worked-practice, generator kind placeValue, matching answer key entries, passing audit results, and checkable answers.",src/features/worksheet/catalog.ts; src/features/worksheet/generator.ts; src/features/worksheet/item-factory.ts,passed,"npm run test:generators passed: 139 worksheet types, 834 generated items, failed [].",,,"npm run test:generators passed: 139 worksheet types, 834 generated items, failed [].",catalog_id=two-digit-place-value-exchange; strand=Number Sense; grades=1|2; formats=visual-model|worked-practice; generatorKind=placeValue
GEN-048,Skip Counting by 2s 5s and 10s,"Worksheet generators: Skip Counting by 2s 5s and 10s. Selecting Skip Counting by 2s 5s and 10s produces canonical worksheet JSON with 3-12 questions, title Skip Counting by 2s 5s and 10s, supported grades 1/2/3, supported formats fluency-grid/quick-check, generator kind numberPattern, matching answer key entries, passing audit results, and checkable answers.",Worksheet generators,GEN-048,"As a teacher, I can select the Skip Counting by 2s 5s and 10s generator for Number Sense practice.","1. Given Worksheet generator catalog entry selectable from setup panel, when the story is exercised, then Selecting Skip Counting by 2s 5s and 10s produces canonical worksheet JSON with 3-12 questions, title Skip Counting by 2s 5s and 10s, supported grades 1/2/3, supported formats fluency-grid/quick-check, generator kind numberPattern, matching answer key entries, passing audit results, and checkable answers. 2. The recorded initial and regression evidence for GEN-048 is Passing or Fixed. 3. Any discovered issue for this story has severity, reproduction, root cause, fix status, and retest evidence recorded in this row.","Selecting Skip Counting by 2s 5s and 10s produces canonical worksheet JSON with 3-12 questions, title Skip Counting by 2s 5s and 10s, supported grades 1/2/3, supported formats fluency-grid/quick-check, generator kind numberPattern, matching answer key entries, passing audit results, and checkable answers.",Worksheet generator catalog entry selectable from setup panel,src/features/worksheet/catalog.ts; src/features/worksheet/generator.ts; src/features/worksheet/item-factory.ts,"Supported grade/format/strand filters, answer-key correctness, deterministic item generation, validation rules and solution metadata.",Teacher via catalog selection and developer via generator verification; no auth or permission gates in scope.,"Supported grade/format/strand filters, answer-key correctness, deterministic item generation, validation rules and solution metadata.",Passing,"npm run test:generators passed: 139 worksheet types, 834 generated items, failed [].",,,,"Selecting Skip Counting by 2s 5s and 10s produces canonical worksheet JSON with 3-12 questions, title Skip Counting by 2s 5s and 10s, supported grades 1/2/3, supported formats fluency-grid/quick-check, generator kind numberPattern, matching answer key entries, passing audit results, and checkable answers.",Matches expected behavior in the recorded test evidence.,,"npm run test:generators passed: 139 worksheet types, 834 generated items, failed [].; npm run test:generators passed: 139 worksheet types, 834 generated items, failed [].",No issue found,,,"npm run test:generators passed: 139 worksheet types, 834 generated items, failed [].",Passed,catalog_id=skip-counting-by-2s-5s-and-10s; strand=Number Sense; grades=1|2|3; formats=fluency-grid|quick-check; generatorKind=numberPattern,src/features/worksheet/catalog.ts; src/features/worksheet/generator.ts; src/features/worksheet/item-factory.ts,GEN-048,Worksheet generators,Skip Counting by 2s 5s and 10s,"As a teacher, I can select the Skip Counting by 2s 5s and 10s generator for Number Sense practice.","Selecting Skip Counting by 2s 5s and 10s produces canonical worksheet JSON with 3-12 questions, title Skip Counting by 2s 5s and 10s, supported grades 1/2/3, supported formats fluency-grid/quick-check, generator kind numberPattern, matching answer key entries, passing audit results, and checkable answers.",src/features/worksheet/catalog.ts; src/features/worksheet/generator.ts; src/features/worksheet/item-factory.ts,passed,"npm run test:generators passed: 139 worksheet types, 834 generated items, failed [].",,,"npm run test:generators passed: 139 worksheet types, 834 generated items, failed [].",catalog_id=skip-counting-by-2s-5s-and-10s; strand=Number Sense; grades=1|2|3; formats=fluency-grid|quick-check; generatorKind=numberPattern
GEN-049,Compare Two-Digit Numbers,"Worksheet generators: Compare Two-Digit Numbers. Selecting Compare Two-Digit Numbers produces canonical worksheet JSON with 3-12 questions, title Compare Two-Digit Numbers, supported grades 1/2, supported formats fluency-grid/quick-check, generator kind compare, matching answer key entries, passing audit results, and checkable answers.",Worksheet generators,GEN-049,"As a teacher, I can select the Compare Two-Digit Numbers generator for Number Sense practice.","1. Given Worksheet generator catalog entry selectable from setup panel, when the story is exercised, then Selecting Compare Two-Digit Numbers produces canonical worksheet JSON with 3-12 questions, title Compare Two-Digit Numbers, supported grades 1/2, supported formats fluency-grid/quick-check, generator kind compare, matching answer key entries, passing audit results, and checkable answers. 2. The recorded initial and regression evidence for GEN-049 is Passing or Fixed. 3. Any discovered issue for this story has severity, reproduction, root cause, fix status, and retest evidence recorded in this row.","Selecting Compare Two-Digit Numbers produces canonical worksheet JSON with 3-12 questions, title Compare Two-Digit Numbers, supported grades 1/2, supported formats fluency-grid/quick-check, generator kind compare, matching answer key entries, passing audit results, and checkable answers.",Worksheet generator catalog entry selectable from setup panel,src/features/worksheet/catalog.ts; src/features/worksheet/generator.ts; src/features/worksheet/item-factory.ts,"Supported grade/format/strand filters, answer-key correctness, deterministic item generation, validation rules and solution metadata.",Teacher via catalog selection and developer via generator verification; no auth or permission gates in scope.,"Supported grade/format/strand filters, answer-key correctness, deterministic item generation, validation rules and solution metadata.",Passing,"npm run test:generators passed: 139 worksheet types, 834 generated items, failed [].",,,,"Selecting Compare Two-Digit Numbers produces canonical worksheet JSON with 3-12 questions, title Compare Two-Digit Numbers, supported grades 1/2, supported formats fluency-grid/quick-check, generator kind compare, matching answer key entries, passing audit results, and checkable answers.",Matches expected behavior in the recorded test evidence.,,"npm run test:generators passed: 139 worksheet types, 834 generated items, failed [].; npm run test:generators passed: 139 worksheet types, 834 generated items, failed [].",No issue found,,,"npm run test:generators passed: 139 worksheet types, 834 generated items, failed [].",Passed,catalog_id=compare-two-digit-numbers; strand=Number Sense; grades=1|2; formats=fluency-grid|quick-check; generatorKind=compare,src/features/worksheet/catalog.ts; src/features/worksheet/generator.ts; src/features/worksheet/item-factory.ts,GEN-049,Worksheet generators,Compare Two-Digit Numbers,"As a teacher, I can select the Compare Two-Digit Numbers generator for Number Sense practice.","Selecting Compare Two-Digit Numbers produces canonical worksheet JSON with 3-12 questions, title Compare Two-Digit Numbers, supported grades 1/2, supported formats fluency-grid/quick-check, generator kind compare, matching answer key entries, passing audit results, and checkable answers.",src/features/worksheet/catalog.ts; src/features/worksheet/generator.ts; src/features/worksheet/item-factory.ts,passed,"npm run test:generators passed: 139 worksheet types, 834 generated items, failed [].",,,"npm run test:generators passed: 139 worksheet types, 834 generated items, failed [].",catalog_id=compare-two-digit-numbers; strand=Number Sense; grades=1|2; formats=fluency-grid|quick-check; generatorKind=compare
GEN-050,Three-Digit Expanded Form,"Worksheet generators: Three-Digit Expanded Form. Selecting Three-Digit Expanded Form produces canonical worksheet JSON with 3-12 questions, title Three-Digit Expanded Form, supported grades 2/3, supported formats worked-practice/quick-check, generator kind placeValue, matching answer key entries, passing audit results, and checkable answers.",Worksheet generators,GEN-050,"As a teacher, I can select the Three-Digit Expanded Form generator for Number Sense practice.","1. Given Worksheet generator catalog entry selectable from setup panel, when the story is exercised, then Selecting Three-Digit Expanded Form produces canonical worksheet JSON with 3-12 questions, title Three-Digit Expanded Form, supported grades 2/3, supported formats worked-practice/quick-check, generator kind placeValue, matching answer key entries, passing audit results, and checkable answers. 2. The recorded initial and regression evidence for GEN-050 is Passing or Fixed. 3. Any discovered issue for this story has severity, reproduction, root cause, fix status, and retest evidence recorded in this row.","Selecting Three-Digit Expanded Form produces canonical worksheet JSON with 3-12 questions, title Three-Digit Expanded Form, supported grades 2/3, supported formats worked-practice/quick-check, generator kind placeValue, matching answer key entries, passing audit results, and checkable answers.",Worksheet generator catalog entry selectable from setup panel,src/features/worksheet/catalog.ts; src/features/worksheet/generator.ts; src/features/worksheet/item-factory.ts,"Supported grade/format/strand filters, answer-key correctness, deterministic item generation, validation rules and solution metadata.",Teacher via catalog selection and developer via generator verification; no auth or permission gates in scope.,"Supported grade/format/strand filters, answer-key correctness, deterministic item generation, validation rules and solution metadata.",Passing,"npm run test:generators passed: 139 worksheet types, 834 generated items, failed [].",,,,"Selecting Three-Digit Expanded Form produces canonical worksheet JSON with 3-12 questions, title Three-Digit Expanded Form, supported grades 2/3, supported formats worked-practice/quick-check, generator kind placeValue, matching answer key entries, passing audit results, and checkable answers.",Matches expected behavior in the recorded test evidence.,,"npm run test:generators passed: 139 worksheet types, 834 generated items, failed [].; npm run test:generators passed: 139 worksheet types, 834 generated items, failed [].",No issue found,,,"npm run test:generators passed: 139 worksheet types, 834 generated items, failed [].",Passed,catalog_id=three-digit-expanded-form; strand=Number Sense; grades=2|3; formats=worked-practice|quick-check; generatorKind=placeValue,src/features/worksheet/catalog.ts; src/features/worksheet/generator.ts; src/features/worksheet/item-factory.ts,GEN-050,Worksheet generators,Three-Digit Expanded Form,"As a teacher, I can select the Three-Digit Expanded Form generator for Number Sense practice.","Selecting Three-Digit Expanded Form produces canonical worksheet JSON with 3-12 questions, title Three-Digit Expanded Form, supported grades 2/3, supported formats worked-practice/quick-check, generator kind placeValue, matching answer key entries, passing audit results, and checkable answers.",src/features/worksheet/catalog.ts; src/features/worksheet/generator.ts; src/features/worksheet/item-factory.ts,passed,"npm run test:generators passed: 139 worksheet types, 834 generated items, failed [].",,,"npm run test:generators passed: 139 worksheet types, 834 generated items, failed [].",catalog_id=three-digit-expanded-form; strand=Number Sense; grades=2|3; formats=worked-practice|quick-check; generatorKind=placeValue
GEN-051,Add Two-Digit Numbers with Regrouping,"Worksheet generators: Add Two-Digit Numbers with Regrouping. Selecting Add Two-Digit Numbers with Regrouping produces canonical worksheet JSON with 3-12 questions, title Add Two-Digit Numbers with Regrouping, supported grades 2/3, supported formats worked-practice/fluency-grid, generator kind arithmetic, matching answer key entries, passing audit results, and checkable answers.",Worksheet generators,GEN-051,"As a teacher, I can select the Add Two-Digit Numbers with Regrouping generator for Operations and Fluency practice.","1. Given Worksheet generator catalog entry selectable from setup panel, when the story is exercised, then Selecting Add Two-Digit Numbers with Regrouping produces canonical worksheet JSON with 3-12 questions, title Add Two-Digit Numbers with Regrouping, supported grades 2/3, supported formats worked-practice/fluency-grid, generator kind arithmetic, matching answer key entries, passing audit results, and checkable answers. 2. The recorded initial and regression evidence for GEN-051 is Passing or Fixed. 3. Any discovered issue for this story has severity, reproduction, root cause, fix status, and retest evidence recorded in this row.","Selecting Add Two-Digit Numbers with Regrouping produces canonical worksheet JSON with 3-12 questions, title Add Two-Digit Numbers with Regrouping, supported grades 2/3, supported formats worked-practice/fluency-grid, generator kind arithmetic, matching answer key entries, passing audit results, and checkable answers.",Worksheet generator catalog entry selectable from setup panel,src/features/worksheet/catalog.ts; src/features/worksheet/generator.ts; src/features/worksheet/item-factory.ts,"Supported grade/format/strand filters, answer-key correctness, deterministic item generation, validation rules and solution metadata.",Teacher via catalog selection and developer via generator verification; no auth or permission gates in scope.,"Supported grade/format/strand filters, answer-key correctness, deterministic item generation, validation rules and solution metadata.",Passing,"npm run test:generators passed: 139 worksheet types, 834 generated items, failed [].",,,,"Selecting Add Two-Digit Numbers with Regrouping produces canonical worksheet JSON with 3-12 questions, title Add Two-Digit Numbers with Regrouping, supported grades 2/3, supported formats worked-practice/fluency-grid, generator kind arithmetic, matching answer key entries, passing audit results, and checkable answers.",Matches expected behavior in the recorded test evidence.,,"npm run test:generators passed: 139 worksheet types, 834 generated items, failed [].; npm run test:generators passed: 139 worksheet types, 834 generated items, failed [].",No issue found,,,"npm run test:generators passed: 139 worksheet types, 834 generated items, failed [].",Passed,catalog_id=add-two-digit-numbers-with-regrouping; strand=Operations and Fluency; grades=2|3; formats=worked-practice|fluency-grid; generatorKind=arithmetic,src/features/worksheet/catalog.ts; src/features/worksheet/generator.ts; src/features/worksheet/item-factory.ts,GEN-051,Worksheet generators,Add Two-Digit Numbers with Regrouping,"As a teacher, I can select the Add Two-Digit Numbers with Regrouping generator for Operations and Fluency practice.","Selecting Add Two-Digit Numbers with Regrouping produces canonical worksheet JSON with 3-12 questions, title Add Two-Digit Numbers with Regrouping, supported grades 2/3, supported formats worked-practice/fluency-grid, generator kind arithmetic, matching answer key entries, passing audit results, and checkable answers.",src/features/worksheet/catalog.ts; src/features/worksheet/generator.ts; src/features/worksheet/item-factory.ts,passed,"npm run test:generators passed: 139 worksheet types, 834 generated items, failed [].",,,"npm run test:generators passed: 139 worksheet types, 834 generated items, failed [].",catalog_id=add-two-digit-numbers-with-regrouping; strand=Operations and Fluency; grades=2|3; formats=worked-practice|fluency-grid; generatorKind=arithmetic
GEN-052,Subtract Two-Digit Numbers with Regrouping,"Worksheet generators: Subtract Two-Digit Numbers with Regrouping. Selecting Subtract Two-Digit Numbers with Regrouping produces canonical worksheet JSON with 3-12 questions, title Subtract Two-Digit Numbers with Regrouping, supported grades 2/3, supported formats worked-practice/fluency-grid, generator kind arithmetic, matching answer key entries, passing audit results, and checkable answers.",Worksheet generators,GEN-052,"As a teacher, I can select the Subtract Two-Digit Numbers with Regrouping generator for Operations and Fluency practice.","1. Given Worksheet generator catalog entry selectable from setup panel, when the story is exercised, then Selecting Subtract Two-Digit Numbers with Regrouping produces canonical worksheet JSON with 3-12 questions, title Subtract Two-Digit Numbers with Regrouping, supported grades 2/3, supported formats worked-practice/fluency-grid, generator kind arithmetic, matching answer key entries, passing audit results, and checkable answers. 2. The recorded initial and regression evidence for GEN-052 is Passing or Fixed. 3. Any discovered issue for this story has severity, reproduction, root cause, fix status, and retest evidence recorded in this row.","Selecting Subtract Two-Digit Numbers with Regrouping produces canonical worksheet JSON with 3-12 questions, title Subtract Two-Digit Numbers with Regrouping, supported grades 2/3, supported formats worked-practice/fluency-grid, generator kind arithmetic, matching answer key entries, passing audit results, and checkable answers.",Worksheet generator catalog entry selectable from setup panel,src/features/worksheet/catalog.ts; src/features/worksheet/generator.ts; src/features/worksheet/item-factory.ts,"Supported grade/format/strand filters, answer-key correctness, deterministic item generation, validation rules and solution metadata.",Teacher via catalog selection and developer via generator verification; no auth or permission gates in scope.,"Supported grade/format/strand filters, answer-key correctness, deterministic item generation, validation rules and solution metadata.",Passing,"npm run test:generators passed: 139 worksheet types, 834 generated items, failed [].",,,,"Selecting Subtract Two-Digit Numbers with Regrouping produces canonical worksheet JSON with 3-12 questions, title Subtract Two-Digit Numbers with Regrouping, supported grades 2/3, supported formats worked-practice/fluency-grid, generator kind arithmetic, matching answer key entries, passing audit results, and checkable answers.",Matches expected behavior in the recorded test evidence.,,"npm run test:generators passed: 139 worksheet types, 834 generated items, failed [].; npm run test:generators passed: 139 worksheet types, 834 generated items, failed [].",No issue found,,,"npm run test:generators passed: 139 worksheet types, 834 generated items, failed [].",Passed,catalog_id=subtract-two-digit-numbers-with-regrouping; strand=Operations and Fluency; grades=2|3; formats=worked-practice|fluency-grid; generatorKind=arithmetic,src/features/worksheet/catalog.ts; src/features/worksheet/generator.ts; src/features/worksheet/item-factory.ts,GEN-052,Worksheet generators,Subtract Two-Digit Numbers with Regrouping,"As a teacher, I can select the Subtract Two-Digit Numbers with Regrouping generator for Operations and Fluency practice.","Selecting Subtract Two-Digit Numbers with Regrouping produces canonical worksheet JSON with 3-12 questions, title Subtract Two-Digit Numbers with Regrouping, supported grades 2/3, supported formats worked-practice/fluency-grid, generator kind arithmetic, matching answer key entries, passing audit results, and checkable answers.",src/features/worksheet/catalog.ts; src/features/worksheet/generator.ts; src/features/worksheet/item-factory.ts,passed,"npm run test:generators passed: 139 worksheet types, 834 generated items, failed [].",,,"npm run test:generators passed: 139 worksheet types, 834 generated items, failed [].",catalog_id=subtract-two-digit-numbers-with-regrouping; strand=Operations and Fluency; grades=2|3; formats=worked-practice|fluency-grid; generatorKind=arithmetic
GEN-053,Arrays and Equal Groups,"Worksheet generators: Arrays and Equal Groups. Selecting Arrays and Equal Groups produces canonical worksheet JSON with 3-12 questions, title Arrays and Equal Groups, supported grades 2/3, supported formats visual-model/worked-practice, generator kind arithmetic, matching answer key entries, passing audit results, and checkable answers.",Worksheet generators,GEN-053,"As a teacher, I can select the Arrays and Equal Groups generator for Operations and Fluency practice.","1. Given Worksheet generator catalog entry selectable from setup panel, when the story is exercised, then Selecting Arrays and Equal Groups produces canonical worksheet JSON with 3-12 questions, title Arrays and Equal Groups, supported grades 2/3, supported formats visual-model/worked-practice, generator kind arithmetic, matching answer key entries, passing audit results, and checkable answers. 2. The recorded initial and regression evidence for GEN-053 is Passing or Fixed. 3. Any discovered issue for this story has severity, reproduction, root cause, fix status, and retest evidence recorded in this row.","Selecting Arrays and Equal Groups produces canonical worksheet JSON with 3-12 questions, title Arrays and Equal Groups, supported grades 2/3, supported formats visual-model/worked-practice, generator kind arithmetic, matching answer key entries, passing audit results, and checkable answers.",Worksheet generator catalog entry selectable from setup panel,src/features/worksheet/catalog.ts; src/features/worksheet/generator.ts; src/features/worksheet/item-factory.ts,"Supported grade/format/strand filters, answer-key correctness, deterministic item generation, validation rules and solution metadata.",Teacher via catalog selection and developer via generator verification; no auth or permission gates in scope.,"Supported grade/format/strand filters, answer-key correctness, deterministic item generation, validation rules and solution metadata.",Passing,"npm run test:generators passed: 139 worksheet types, 834 generated items, failed [].",,,,"Selecting Arrays and Equal Groups produces canonical worksheet JSON with 3-12 questions, title Arrays and Equal Groups, supported grades 2/3, supported formats visual-model/worked-practice, generator kind arithmetic, matching answer key entries, passing audit results, and checkable answers.",Matches expected behavior in the recorded test evidence.,,"npm run test:generators passed: 139 worksheet types, 834 generated items, failed [].; npm run test:generators passed: 139 worksheet types, 834 generated items, failed [].",No issue found,,,"npm run test:generators passed: 139 worksheet types, 834 generated items, failed [].",Passed,catalog_id=arrays-and-equal-groups; strand=Operations and Fluency; grades=2|3; formats=visual-model|worked-practice; generatorKind=arithmetic,src/features/worksheet/catalog.ts; src/features/worksheet/generator.ts; src/features/worksheet/item-factory.ts,GEN-053,Worksheet generators,Arrays and Equal Groups,"As a teacher, I can select the Arrays and Equal Groups generator for Operations and Fluency practice.","Selecting Arrays and Equal Groups produces canonical worksheet JSON with 3-12 questions, title Arrays and Equal Groups, supported grades 2/3, supported formats visual-model/worked-practice, generator kind arithmetic, matching answer key entries, passing audit results, and checkable answers.",src/features/worksheet/catalog.ts; src/features/worksheet/generator.ts; src/features/worksheet/item-factory.ts,passed,"npm run test:generators passed: 139 worksheet types, 834 generated items, failed [].",,,"npm run test:generators passed: 139 worksheet types, 834 generated items, failed [].",catalog_id=arrays-and-equal-groups; strand=Operations and Fluency; grades=2|3; formats=visual-model|worked-practice; generatorKind=arithmetic
GEN-054,Division as Equal Sharing,"Worksheet generators: Division as Equal Sharing. Selecting Division as Equal Sharing produces canonical worksheet JSON with 3-12 questions, title Division as Equal Sharing, supported grades 3/4, supported formats visual-model/worked-practice, generator kind division, matching answer key entries, passing audit results, and checkable answers.",Worksheet generators,GEN-054,"As a teacher, I can select the Division as Equal Sharing generator for Operations and Fluency practice.","1. Given Worksheet generator catalog entry selectable from setup panel, when the story is exercised, then Selecting Division as Equal Sharing produces canonical worksheet JSON with 3-12 questions, title Division as Equal Sharing, supported grades 3/4, supported formats visual-model/worked-practice, generator kind division, matching answer key entries, passing audit results, and checkable answers. 2. The recorded initial and regression evidence for GEN-054 is Passing or Fixed. 3. Any discovered issue for this story has severity, reproduction, root cause, fix status, and retest evidence recorded in this row.","Selecting Division as Equal Sharing produces canonical worksheet JSON with 3-12 questions, title Division as Equal Sharing, supported grades 3/4, supported formats visual-model/worked-practice, generator kind division, matching answer key entries, passing audit results, and checkable answers.",Worksheet generator catalog entry selectable from setup panel,src/features/worksheet/catalog.ts; src/features/worksheet/generator.ts; src/features/worksheet/item-factory.ts,"Supported grade/format/strand filters, answer-key correctness, deterministic item generation, validation rules and solution metadata.",Teacher via catalog selection and developer via generator verification; no auth or permission gates in scope.,"Supported grade/format/strand filters, answer-key correctness, deterministic item generation, validation rules and solution metadata.",Passing,"npm run test:generators passed: 139 worksheet types, 834 generated items, failed [].",,,,"Selecting Division as Equal Sharing produces canonical worksheet JSON with 3-12 questions, title Division as Equal Sharing, supported grades 3/4, supported formats visual-model/worked-practice, generator kind division, matching answer key entries, passing audit results, and checkable answers.",Matches expected behavior in the recorded test evidence.,,"npm run test:generators passed: 139 worksheet types, 834 generated items, failed [].; npm run test:generators passed: 139 worksheet types, 834 generated items, failed [].",No issue found,,,"npm run test:generators passed: 139 worksheet types, 834 generated items, failed [].",Passed,catalog_id=division-as-equal-sharing; strand=Operations and Fluency; grades=3|4; formats=visual-model|worked-practice; generatorKind=division,src/features/worksheet/catalog.ts; src/features/worksheet/generator.ts; src/features/worksheet/item-factory.ts,GEN-054,Worksheet generators,Division as Equal Sharing,"As a teacher, I can select the Division as Equal Sharing generator for Operations and Fluency practice.","Selecting Division as Equal Sharing produces canonical worksheet JSON with 3-12 questions, title Division as Equal Sharing, supported grades 3/4, supported formats visual-model/worked-practice, generator kind division, matching answer key entries, passing audit results, and checkable answers.",src/features/worksheet/catalog.ts; src/features/worksheet/generator.ts; src/features/worksheet/item-factory.ts,passed,"npm run test:generators passed: 139 worksheet types, 834 generated items, failed [].",,,"npm run test:generators passed: 139 worksheet types, 834 generated items, failed [].",catalog_id=division-as-equal-sharing; strand=Operations and Fluency; grades=3|4; formats=visual-model|worked-practice; generatorKind=division
GEN-055,Round Whole Numbers to Nearest Ten or Hundred,"Worksheet generators: Round Whole Numbers to Nearest Ten or Hundred. Selecting Round Whole Numbers to Nearest Ten or Hundred produces canonical worksheet JSON with 3-12 questions, title Round Whole Numbers to Nearest Ten or Hundred, supported grades 3/4, supported formats fluency-grid/worked-practice, generator kind rounding, matching answer key entries, passing audit results, and checkable answers.",Worksheet generators,GEN-055,"As a teacher, I can select the Round Whole Numbers to Nearest Ten or Hundred generator for Number Sense practice.","1. Given Worksheet generator catalog entry selectable from setup panel, when the story is exercised, then Selecting Round Whole Numbers to Nearest Ten or Hundred produces canonical worksheet JSON with 3-12 questions, title Round Whole Numbers to Nearest Ten or Hundred, supported grades 3/4, supported formats fluency-grid/worked-practice, generator kind rounding, matching answer key entries, passing audit results, and checkable answers. 2. The recorded initial and regression evidence for GEN-055 is Passing or Fixed. 3. Any discovered issue for this story has severity, reproduction, root cause, fix status, and retest evidence recorded in this row.","Selecting Round Whole Numbers to Nearest Ten or Hundred produces canonical worksheet JSON with 3-12 questions, title Round Whole Numbers to Nearest Ten or Hundred, supported grades 3/4, supported formats fluency-grid/worked-practice, generator kind rounding, matching answer key entries, passing audit results, and checkable answers.",Worksheet generator catalog entry selectable from setup panel,src/features/worksheet/catalog.ts; src/features/worksheet/generator.ts; src/features/worksheet/item-factory.ts,"Supported grade/format/strand filters, answer-key correctness, deterministic item generation, validation rules and solution metadata.",Teacher via catalog selection and developer via generator verification; no auth or permission gates in scope.,"Supported grade/format/strand filters, answer-key correctness, deterministic item generation, validation rules and solution metadata.",Passing,"npm run test:generators passed: 139 worksheet types, 834 generated items, failed [].",,,,"Selecting Round Whole Numbers to Nearest Ten or Hundred produces canonical worksheet JSON with 3-12 questions, title Round Whole Numbers to Nearest Ten or Hundred, supported grades 3/4, supported formats fluency-grid/worked-practice, generator kind rounding, matching answer key entries, passing audit results, and checkable answers.",Matches expected behavior in the recorded test evidence.,,"npm run test:generators passed: 139 worksheet types, 834 generated items, failed [].; npm run test:generators passed: 139 worksheet types, 834 generated items, failed [].",No issue found,,,"npm run test:generators passed: 139 worksheet types, 834 generated items, failed [].",Passed,catalog_id=round-whole-numbers-to-nearest-ten-or-hundred; strand=Number Sense; grades=3|4; formats=fluency-grid|worked-practice; generatorKind=rounding,src/features/worksheet/catalog.ts; src/features/worksheet/generator.ts; src/features/worksheet/item-factory.ts,GEN-055,Worksheet generators,Round Whole Numbers to Nearest Ten or Hundred,"As a teacher, I can select the Round Whole Numbers to Nearest Ten or Hundred generator for Number Sense practice.","Selecting Round Whole Numbers to Nearest Ten or Hundred produces canonical worksheet JSON with 3-12 questions, title Round Whole Numbers to Nearest Ten or Hundred, supported grades 3/4, supported formats fluency-grid/worked-practice, generator kind rounding, matching answer key entries, passing audit results, and checkable answers.",src/features/worksheet/catalog.ts; src/features/worksheet/generator.ts; src/features/worksheet/item-factory.ts,passed,"npm run test:generators passed: 139 worksheet types, 834 generated items, failed [].",,,"npm run test:generators passed: 139 worksheet types, 834 generated items, failed [].",catalog_id=round-whole-numbers-to-nearest-ten-or-hundred; strand=Number Sense; grades=3|4; formats=fluency-grid|worked-practice; generatorKind=rounding
GEN-056,Fraction Parts of a Whole,"Worksheet generators: Fraction Parts of a Whole. Selecting Fraction Parts of a Whole produces canonical worksheet JSON with 3-12 questions, title Fraction Parts of a Whole, supported grades 2/3, supported formats visual-model/quick-check, generator kind fractionModel, matching answer key entries, passing audit results, and checkable answers.",Worksheet generators,GEN-056,"As a teacher, I can select the Fraction Parts of a Whole generator for Fractions, Decimals, and Percents practice.","1. Given Worksheet generator catalog entry selectable from setup panel, when the story is exercised, then Selecting Fraction Parts of a Whole produces canonical worksheet JSON with 3-12 questions, title Fraction Parts of a Whole, supported grades 2/3, supported formats visual-model/quick-check, generator kind fractionModel, matching answer key entries, passing audit results, and checkable answers. 2. The recorded initial and regression evidence for GEN-056 is Passing or Fixed. 3. Any discovered issue for this story has severity, reproduction, root cause, fix status, and retest evidence recorded in this row.","Selecting Fraction Parts of a Whole produces canonical worksheet JSON with 3-12 questions, title Fraction Parts of a Whole, supported grades 2/3, supported formats visual-model/quick-check, generator kind fractionModel, matching answer key entries, passing audit results, and checkable answers.",Worksheet generator catalog entry selectable from setup panel,src/features/worksheet/catalog.ts; src/features/worksheet/generator.ts; src/features/worksheet/item-factory.ts,"Supported grade/format/strand filters, answer-key correctness, deterministic item generation, validation rules and solution metadata.",Teacher via catalog selection and developer via generator verification; no auth or permission gates in scope.,"Supported grade/format/strand filters, answer-key correctness, deterministic item generation, validation rules and solution metadata.",Passing,"npm run test:generators passed: 139 worksheet types, 834 generated items, failed [].",,,,"Selecting Fraction Parts of a Whole produces canonical worksheet JSON with 3-12 questions, title Fraction Parts of a Whole, supported grades 2/3, supported formats visual-model/quick-check, generator kind fractionModel, matching answer key entries, passing audit results, and checkable answers.",Matches expected behavior in the recorded test evidence.,,"npm run test:generators passed: 139 worksheet types, 834 generated items, failed [].; npm run test:generators passed: 139 worksheet types, 834 generated items, failed [].",No issue found,,,"npm run test:generators passed: 139 worksheet types, 834 generated items, failed [].",Passed,"catalog_id=fraction-parts-of-a-whole; strand=Fractions, Decimals, and Percents; grades=2|3; formats=visual-model|quick-check; generatorKind=fractionModel",src/features/worksheet/catalog.ts; src/features/worksheet/generator.ts; src/features/worksheet/item-factory.ts,GEN-056,Worksheet generators,Fraction Parts of a Whole,"As a teacher, I can select the Fraction Parts of a Whole generator for Fractions, Decimals, and Percents practice.","Selecting Fraction Parts of a Whole produces canonical worksheet JSON with 3-12 questions, title Fraction Parts of a Whole, supported grades 2/3, supported formats visual-model/quick-check, generator kind fractionModel, matching answer key entries, passing audit results, and checkable answers.",src/features/worksheet/catalog.ts; src/features/worksheet/generator.ts; src/features/worksheet/item-factory.ts,passed,"npm run test:generators passed: 139 worksheet types, 834 generated items, failed [].",,,"npm run test:generators passed: 139 worksheet types, 834 generated items, failed [].","catalog_id=fraction-parts-of-a-whole; strand=Fractions, Decimals, and Percents; grades=2|3; formats=visual-model|quick-check; generatorKind=fractionModel"
GEN-057,Fractions on Number Lines,"Worksheet generators: Fractions on Number Lines. Selecting Fractions on Number Lines produces canonical worksheet JSON with 3-12 questions, title Fractions on Number Lines, supported grades 3/4, supported formats visual-model/quick-check, generator kind fractionModel, matching answer key entries, passing audit results, and checkable answers.",Worksheet generators,GEN-057,"As a teacher, I can select the Fractions on Number Lines generator for Fractions, Decimals, and Percents practice.","1. Given Worksheet generator catalog entry selectable from setup panel, when the story is exercised, then Selecting Fractions on Number Lines produces canonical worksheet JSON with 3-12 questions, title Fractions on Number Lines, supported grades 3/4, supported formats visual-model/quick-check, generator kind fractionModel, matching answer key entries, passing audit results, and checkable answers. 2. The recorded initial and regression evidence for GEN-057 is Passing or Fixed. 3. Any discovered issue for this story has severity, reproduction, root cause, fix status, and retest evidence recorded in this row.","Selecting Fractions on Number Lines produces canonical worksheet JSON with 3-12 questions, title Fractions on Number Lines, supported grades 3/4, supported formats visual-model/quick-check, generator kind fractionModel, matching answer key entries, passing audit results, and checkable answers.",Worksheet generator catalog entry selectable from setup panel,src/features/worksheet/catalog.ts; src/features/worksheet/generator.ts; src/features/worksheet/item-factory.ts,"Supported grade/format/strand filters, answer-key correctness, deterministic item generation, validation rules and solution metadata.",Teacher via catalog selection and developer via generator verification; no auth or permission gates in scope.,"Supported grade/format/strand filters, answer-key correctness, deterministic item generation, validation rules and solution metadata.",Passing,"npm run test:generators passed: 139 worksheet types, 834 generated items, failed [].",,,,"Selecting Fractions on Number Lines produces canonical worksheet JSON with 3-12 questions, title Fractions on Number Lines, supported grades 3/4, supported formats visual-model/quick-check, generator kind fractionModel, matching answer key entries, passing audit results, and checkable answers.",Matches expected behavior in the recorded test evidence.,,"npm run test:generators passed: 139 worksheet types, 834 generated items, failed [].; npm run test:generators passed: 139 worksheet types, 834 generated items, failed [].",No issue found,,,"npm run test:generators passed: 139 worksheet types, 834 generated items, failed [].",Passed,"catalog_id=fractions-on-number-lines; strand=Fractions, Decimals, and Percents; grades=3|4; formats=visual-model|quick-check; generatorKind=fractionModel",src/features/worksheet/catalog.ts; src/features/worksheet/generator.ts; src/features/worksheet/item-factory.ts,GEN-057,Worksheet generators,Fractions on Number Lines,"As a teacher, I can select the Fractions on Number Lines generator for Fractions, Decimals, and Percents practice.","Selecting Fractions on Number Lines produces canonical worksheet JSON with 3-12 questions, title Fractions on Number Lines, supported grades 3/4, supported formats visual-model/quick-check, generator kind fractionModel, matching answer key entries, passing audit results, and checkable answers.",src/features/worksheet/catalog.ts; src/features/worksheet/generator.ts; src/features/worksheet/item-factory.ts,passed,"npm run test:generators passed: 139 worksheet types, 834 generated items, failed [].",,,"npm run test:generators passed: 139 worksheet types, 834 generated items, failed [].","catalog_id=fractions-on-number-lines; strand=Fractions, Decimals, and Percents; grades=3|4; formats=visual-model|quick-check; generatorKind=fractionModel"
GEN-058,Equivalent Fraction Models,"Worksheet generators: Equivalent Fraction Models. Selecting Equivalent Fraction Models produces canonical worksheet JSON with 3-12 questions, title Equivalent Fraction Models, supported grades 3/4/5, supported formats visual-model/worked-practice, generator kind simplifyFraction, matching answer key entries, passing audit results, and checkable answers.",Worksheet generators,GEN-058,"As a teacher, I can select the Equivalent Fraction Models generator for Fractions, Decimals, and Percents practice.","1. Given Worksheet generator catalog entry selectable from setup panel, when the story is exercised, then Selecting Equivalent Fraction Models produces canonical worksheet JSON with 3-12 questions, title Equivalent Fraction Models, supported grades 3/4/5, supported formats visual-model/worked-practice, generator kind simplifyFraction, matching answer key entries, passing audit results, and checkable answers. 2. The recorded initial and regression evidence for GEN-058 is Passing or Fixed. 3. Any discovered issue for this story has severity, reproduction, root cause, fix status, and retest evidence recorded in this row.","Selecting Equivalent Fraction Models produces canonical worksheet JSON with 3-12 questions, title Equivalent Fraction Models, supported grades 3/4/5, supported formats visual-model/worked-practice, generator kind simplifyFraction, matching answer key entries, passing audit results, and checkable answers.",Worksheet generator catalog entry selectable from setup panel,src/features/worksheet/catalog.ts; src/features/worksheet/generator.ts; src/features/worksheet/item-factory.ts,"Supported grade/format/strand filters, answer-key correctness, deterministic item generation, validation rules and solution metadata.",Teacher via catalog selection and developer via generator verification; no auth or permission gates in scope.,"Supported grade/format/strand filters, answer-key correctness, deterministic item generation, validation rules and solution metadata.",Passing,"npm run test:generators passed: 139 worksheet types, 834 generated items, failed [].",,,,"Selecting Equivalent Fraction Models produces canonical worksheet JSON with 3-12 questions, title Equivalent Fraction Models, supported grades 3/4/5, supported formats visual-model/worked-practice, generator kind simplifyFraction, matching answer key entries, passing audit results, and checkable answers.",Matches expected behavior in the recorded test evidence.,,"npm run test:generators passed: 139 worksheet types, 834 generated items, failed [].; npm run test:generators passed: 139 worksheet types, 834 generated items, failed [].",No issue found,,,"npm run test:generators passed: 139 worksheet types, 834 generated items, failed [].",Passed,"catalog_id=equivalent-fraction-models; strand=Fractions, Decimals, and Percents; grades=3|4|5; formats=visual-model|worked-practice; generatorKind=simplifyFraction",src/features/worksheet/catalog.ts; src/features/worksheet/generator.ts; src/features/worksheet/item-factory.ts,GEN-058,Worksheet generators,Equivalent Fraction Models,"As a teacher, I can select the Equivalent Fraction Models generator for Fractions, Decimals, and Percents practice.","Selecting Equivalent Fraction Models produces canonical worksheet JSON with 3-12 questions, title Equivalent Fraction Models, supported grades 3/4/5, supported formats visual-model/worked-practice, generator kind simplifyFraction, matching answer key entries, passing audit results, and checkable answers.",src/features/worksheet/catalog.ts; src/features/worksheet/generator.ts; src/features/worksheet/item-factory.ts,passed,"npm run test:generators passed: 139 worksheet types, 834 generated items, failed [].",,,"npm run test:generators passed: 139 worksheet types, 834 generated items, failed [].","catalog_id=equivalent-fraction-models; strand=Fractions, Decimals, and Percents; grades=3|4|5; formats=visual-model|worked-practice; generatorKind=simplifyFraction"
GEN-059,Add Like-Denominator Fractions,"Worksheet generators: Add Like-Denominator Fractions. Selecting Add Like-Denominator Fractions produces canonical worksheet JSON with 3-12 questions, title Add Like-Denominator Fractions, supported grades 4/5, supported formats worked-practice/fluency-grid, generator kind fractionOps, matching answer key entries, passing audit results, and checkable answers.",Worksheet generators,GEN-059,"As a teacher, I can select the Add Like-Denominator Fractions generator for Fractions, Decimals, and Percents practice.","1. Given Worksheet generator catalog entry selectable from setup panel, when the story is exercised, then Selecting Add Like-Denominator Fractions produces canonical worksheet JSON with 3-12 questions, title Add Like-Denominator Fractions, supported grades 4/5, supported formats worked-practice/fluency-grid, generator kind fractionOps, matching answer key entries, passing audit results, and checkable answers. 2. The recorded initial and regression evidence for GEN-059 is Passing or Fixed. 3. Any discovered issue for this story has severity, reproduction, root cause, fix status, and retest evidence recorded in this row.","Selecting Add Like-Denominator Fractions produces canonical worksheet JSON with 3-12 questions, title Add Like-Denominator Fractions, supported grades 4/5, supported formats worked-practice/fluency-grid, generator kind fractionOps, matching answer key entries, passing audit results, and checkable answers.",Worksheet generator catalog entry selectable from setup panel,src/features/worksheet/catalog.ts; src/features/worksheet/generator.ts; src/features/worksheet/item-factory.ts,"Supported grade/format/strand filters, answer-key correctness, deterministic item generation, validation rules and solution metadata.",Teacher via catalog selection and developer via generator verification; no auth or permission gates in scope.,"Supported grade/format/strand filters, answer-key correctness, deterministic item generation, validation rules and solution metadata.",Passing,"npm run test:generators passed: 139 worksheet types, 834 generated items, failed [].",,,,"Selecting Add Like-Denominator Fractions produces canonical worksheet JSON with 3-12 questions, title Add Like-Denominator Fractions, supported grades 4/5, supported formats worked-practice/fluency-grid, generator kind fractionOps, matching answer key entries, passing audit results, and checkable answers.",Matches expected behavior in the recorded test evidence.,,"npm run test:generators passed: 139 worksheet types, 834 generated items, failed [].; npm run test:generators passed: 139 worksheet types, 834 generated items, failed [].",No issue found,,,"npm run test:generators passed: 139 worksheet types, 834 generated items, failed [].",Passed,"catalog_id=add-like-denominator-fractions; strand=Fractions, Decimals, and Percents; grades=4|5; formats=worked-practice|fluency-grid; generatorKind=fractionOps",src/features/worksheet/catalog.ts; src/features/worksheet/generator.ts; src/features/worksheet/item-factory.ts,GEN-059,Worksheet generators,Add Like-Denominator Fractions,"As a teacher, I can select the Add Like-Denominator Fractions generator for Fractions, Decimals, and Percents practice.","Selecting Add Like-Denominator Fractions produces canonical worksheet JSON with 3-12 questions, title Add Like-Denominator Fractions, supported grades 4/5, supported formats worked-practice/fluency-grid, generator kind fractionOps, matching answer key entries, passing audit results, and checkable answers.",src/features/worksheet/catalog.ts; src/features/worksheet/generator.ts; src/features/worksheet/item-factory.ts,passed,"npm run test:generators passed: 139 worksheet types, 834 generated items, failed [].",,,"npm run test:generators passed: 139 worksheet types, 834 generated items, failed [].","catalog_id=add-like-denominator-fractions; strand=Fractions, Decimals, and Percents; grades=4|5; formats=worked-practice|fluency-grid; generatorKind=fractionOps"
GEN-060,Decimal Place Value to Hundredths,"Worksheet generators: Decimal Place Value to Hundredths. Selecting Decimal Place Value to Hundredths produces canonical worksheet JSON with 3-12 questions, title Decimal Place Value to Hundredths, supported grades 4/5, supported formats worked-practice/quick-check, generator kind decimalOps, matching answer key entries, passing audit results, and checkable answers.",Worksheet generators,GEN-060,"As a teacher, I can select the Decimal Place Value to Hundredths generator for Fractions, Decimals, and Percents practice.","1. Given Worksheet generator catalog entry selectable from setup panel, when the story is exercised, then Selecting Decimal Place Value to Hundredths produces canonical worksheet JSON with 3-12 questions, title Decimal Place Value to Hundredths, supported grades 4/5, supported formats worked-practice/quick-check, generator kind decimalOps, matching answer key entries, passing audit results, and checkable answers. 2. The recorded initial and regression evidence for GEN-060 is Passing or Fixed. 3. Any discovered issue for this story has severity, reproduction, root cause, fix status, and retest evidence recorded in this row.","Selecting Decimal Place Value to Hundredths produces canonical worksheet JSON with 3-12 questions, title Decimal Place Value to Hundredths, supported grades 4/5, supported formats worked-practice/quick-check, generator kind decimalOps, matching answer key entries, passing audit results, and checkable answers.",Worksheet generator catalog entry selectable from setup panel,src/features/worksheet/catalog.ts; src/features/worksheet/generator.ts; src/features/worksheet/item-factory.ts,"Supported grade/format/strand filters, answer-key correctness, deterministic item generation, validation rules and solution metadata.",Teacher via catalog selection and developer via generator verification; no auth or permission gates in scope.,"Supported grade/format/strand filters, answer-key correctness, deterministic item generation, validation rules and solution metadata.",Passing,"npm run test:generators passed: 139 worksheet types, 834 generated items, failed [].",,,,"Selecting Decimal Place Value to Hundredths produces canonical worksheet JSON with 3-12 questions, title Decimal Place Value to Hundredths, supported grades 4/5, supported formats worked-practice/quick-check, generator kind decimalOps, matching answer key entries, passing audit results, and checkable answers.",Matches expected behavior in the recorded test evidence.,,"npm run test:generators passed: 139 worksheet types, 834 generated items, failed [].; npm run test:generators passed: 139 worksheet types, 834 generated items, failed [].",No issue found,,,"npm run test:generators passed: 139 worksheet types, 834 generated items, failed [].",Passed,"catalog_id=decimal-place-value-to-hundredths; strand=Fractions, Decimals, and Percents; grades=4|5; formats=worked-practice|quick-check; generatorKind=decimalOps",src/features/worksheet/catalog.ts; src/features/worksheet/generator.ts; src/features/worksheet/item-factory.ts,GEN-060,Worksheet generators,Decimal Place Value to Hundredths,"As a teacher, I can select the Decimal Place Value to Hundredths generator for Fractions, Decimals, and Percents practice.","Selecting Decimal Place Value to Hundredths produces canonical worksheet JSON with 3-12 questions, title Decimal Place Value to Hundredths, supported grades 4/5, supported formats worked-practice/quick-check, generator kind decimalOps, matching answer key entries, passing audit results, and checkable answers.",src/features/worksheet/catalog.ts; src/features/worksheet/generator.ts; src/features/worksheet/item-factory.ts,passed,"npm run test:generators passed: 139 worksheet types, 834 generated items, failed [].",,,"npm run test:generators passed: 139 worksheet types, 834 generated items, failed [].","catalog_id=decimal-place-value-to-hundredths; strand=Fractions, Decimals, and Percents; grades=4|5; formats=worked-practice|quick-check; generatorKind=decimalOps"
GEN-061,Convert Fractions to Decimals with Tenths,"Worksheet generators: Convert Fractions to Decimals with Tenths. Selecting Convert Fractions to Decimals with Tenths produces canonical worksheet JSON with 3-12 questions, title Convert Fractions to Decimals with Tenths, supported grades 4/5, supported formats worked-practice/quick-check, generator kind conversion, matching answer key entries, passing audit results, and checkable answers.",Worksheet generators,GEN-061,"As a teacher, I can select the Convert Fractions to Decimals with Tenths generator for Fractions, Decimals, and Percents practice.","1. Given Worksheet generator catalog entry selectable from setup panel, when the story is exercised, then Selecting Convert Fractions to Decimals with Tenths produces canonical worksheet JSON with 3-12 questions, title Convert Fractions to Decimals with Tenths, supported grades 4/5, supported formats worked-practice/quick-check, generator kind conversion, matching answer key entries, passing audit results, and checkable answers. 2. The recorded initial and regression evidence for GEN-061 is Passing or Fixed. 3. Any discovered issue for this story has severity, reproduction, root cause, fix status, and retest evidence recorded in this row.","Selecting Convert Fractions to Decimals with Tenths produces canonical worksheet JSON with 3-12 questions, title Convert Fractions to Decimals with Tenths, supported grades 4/5, supported formats worked-practice/quick-check, generator kind conversion, matching answer key entries, passing audit results, and checkable answers.",Worksheet generator catalog entry selectable from setup panel,src/features/worksheet/catalog.ts; src/features/worksheet/generator.ts; src/features/worksheet/item-factory.ts,"Supported grade/format/strand filters, answer-key correctness, deterministic item generation, validation rules and solution metadata.",Teacher via catalog selection and developer via generator verification; no auth or permission gates in scope.,"Supported grade/format/strand filters, answer-key correctness, deterministic item generation, validation rules and solution metadata.",Passing,"npm run test:generators passed: 139 worksheet types, 834 generated items, failed [].",,,,"Selecting Convert Fractions to Decimals with Tenths produces canonical worksheet JSON with 3-12 questions, title Convert Fractions to Decimals with Tenths, supported grades 4/5, supported formats worked-practice/quick-check, generator kind conversion, matching answer key entries, passing audit results, and checkable answers.",Matches expected behavior in the recorded test evidence.,,"npm run test:generators passed: 139 worksheet types, 834 generated items, failed [].; npm run test:generators passed: 139 worksheet types, 834 generated items, failed [].",No issue found,,,"npm run test:generators passed: 139 worksheet types, 834 generated items, failed [].",Passed,"catalog_id=convert-fractions-to-decimals-with-tenths; strand=Fractions, Decimals, and Percents; grades=4|5; formats=worked-practice|quick-check; generatorKind=conversion",src/features/worksheet/catalog.ts; src/features/worksheet/generator.ts; src/features/worksheet/item-factory.ts,GEN-061,Worksheet generators,Convert Fractions to Decimals with Tenths,"As a teacher, I can select the Convert Fractions to Decimals with Tenths generator for Fractions, Decimals, and Percents practice.","Selecting Convert Fractions to Decimals with Tenths produces canonical worksheet JSON with 3-12 questions, title Convert Fractions to Decimals with Tenths, supported grades 4/5, supported formats worked-practice/quick-check, generator kind conversion, matching answer key entries, passing audit results, and checkable answers.",src/features/worksheet/catalog.ts; src/features/worksheet/generator.ts; src/features/worksheet/item-factory.ts,passed,"npm run test:generators passed: 139 worksheet types, 834 generated items, failed [].",,,"npm run test:generators passed: 139 worksheet types, 834 generated items, failed [].","catalog_id=convert-fractions-to-decimals-with-tenths; strand=Fractions, Decimals, and Percents; grades=4|5; formats=worked-practice|quick-check; generatorKind=conversion"
GEN-062,Classify Two-Dimensional Shapes,"Worksheet generators: Classify Two-Dimensional Shapes. Selecting Classify Two-Dimensional Shapes produces canonical worksheet JSON with 3-12 questions, title Classify Two-Dimensional Shapes, supported grades K/1/2, supported formats visual-model/quick-check, generator kind geometry, matching answer key entries, passing audit results, and checkable answers.",Worksheet generators,GEN-062,"As a teacher, I can select the Classify Two-Dimensional Shapes generator for Geometry and Spatial Reasoning practice.","1. Given Worksheet generator catalog entry selectable from setup panel, when the story is exercised, then Selecting Classify Two-Dimensional Shapes produces canonical worksheet JSON with 3-12 questions, title Classify Two-Dimensional Shapes, supported grades K/1/2, supported formats visual-model/quick-check, generator kind geometry, matching answer key entries, passing audit results, and checkable answers. 2. The recorded initial and regression evidence for GEN-062 is Passing or Fixed. 3. Any discovered issue for this story has severity, reproduction, root cause, fix status, and retest evidence recorded in this row.","Selecting Classify Two-Dimensional Shapes produces canonical worksheet JSON with 3-12 questions, title Classify Two-Dimensional Shapes, supported grades K/1/2, supported formats visual-model/quick-check, generator kind geometry, matching answer key entries, passing audit results, and checkable answers.",Worksheet generator catalog entry selectable from setup panel,src/features/worksheet/catalog.ts; src/features/worksheet/generator.ts; src/features/worksheet/item-factory.ts,"Supported grade/format/strand filters, answer-key correctness, deterministic item generation, validation rules and solution metadata.",Teacher via catalog selection and developer via generator verification; no auth or permission gates in scope.,"Supported grade/format/strand filters, answer-key correctness, deterministic item generation, validation rules and solution metadata.",Passing,"npm run test:generators passed: 139 worksheet types, 834 generated items, failed [].",,,,"Selecting Classify Two-Dimensional Shapes produces canonical worksheet JSON with 3-12 questions, title Classify Two-Dimensional Shapes, supported grades K/1/2, supported formats visual-model/quick-check, generator kind geometry, matching answer key entries, passing audit results, and checkable answers.",Matches expected behavior in the recorded test evidence.,,"npm run test:generators passed: 139 worksheet types, 834 generated items, failed [].; npm run test:generators passed: 139 worksheet types, 834 generated items, failed [].",No issue found,,,"npm run test:generators passed: 139 worksheet types, 834 generated items, failed [].",Passed,catalog_id=classify-two-dimensional-shapes; strand=Geometry and Spatial Reasoning; grades=K|1|2; formats=visual-model|quick-check; generatorKind=geometry,src/features/worksheet/catalog.ts; src/features/worksheet/generator.ts; src/features/worksheet/item-factory.ts,GEN-062,Worksheet generators,Classify Two-Dimensional Shapes,"As a teacher, I can select the Classify Two-Dimensional Shapes generator for Geometry and Spatial Reasoning practice.","Selecting Classify Two-Dimensional Shapes produces canonical worksheet JSON with 3-12 questions, title Classify Two-Dimensional Shapes, supported grades K/1/2, supported formats visual-model/quick-check, generator kind geometry, matching answer key entries, passing audit results, and checkable answers.",src/features/worksheet/catalog.ts; src/features/worksheet/generator.ts; src/features/worksheet/item-factory.ts,passed,"npm run test:generators passed: 139 worksheet types, 834 generated items, failed [].",,,"npm run test:generators passed: 139 worksheet types, 834 generated items, failed [].",catalog_id=classify-two-dimensional-shapes; strand=Geometry and Spatial Reasoning; grades=K|1|2; formats=visual-model|quick-check; generatorKind=geometry
GEN-063,Quadrilaterals by Attributes,"Worksheet generators: Quadrilaterals by Attributes. Selecting Quadrilaterals by Attributes produces canonical worksheet JSON with 3-12 questions, title Quadrilaterals by Attributes, supported grades 3/4/5, supported formats visual-model/quick-check, generator kind geometry, matching answer key entries, passing audit results, and checkable answers.",Worksheet generators,GEN-063,"As a teacher, I can select the Quadrilaterals by Attributes generator for Geometry and Spatial Reasoning practice.","1. Given Worksheet generator catalog entry selectable from setup panel, when the story is exercised, then Selecting Quadrilaterals by Attributes produces canonical worksheet JSON with 3-12 questions, title Quadrilaterals by Attributes, supported grades 3/4/5, supported formats visual-model/quick-check, generator kind geometry, matching answer key entries, passing audit results, and checkable answers. 2. The recorded initial and regression evidence for GEN-063 is Passing or Fixed. 3. Any discovered issue for this story has severity, reproduction, root cause, fix status, and retest evidence recorded in this row.","Selecting Quadrilaterals by Attributes produces canonical worksheet JSON with 3-12 questions, title Quadrilaterals by Attributes, supported grades 3/4/5, supported formats visual-model/quick-check, generator kind geometry, matching answer key entries, passing audit results, and checkable answers.",Worksheet generator catalog entry selectable from setup panel,src/features/worksheet/catalog.ts; src/features/worksheet/generator.ts; src/features/worksheet/item-factory.ts,"Supported grade/format/strand filters, answer-key correctness, deterministic item generation, validation rules and solution metadata.",Teacher via catalog selection and developer via generator verification; no auth or permission gates in scope.,"Supported grade/format/strand filters, answer-key correctness, deterministic item generation, validation rules and solution metadata.",Passing,"npm run test:generators passed: 139 worksheet types, 834 generated items, failed [].",,,,"Selecting Quadrilaterals by Attributes produces canonical worksheet JSON with 3-12 questions, title Quadrilaterals by Attributes, supported grades 3/4/5, supported formats visual-model/quick-check, generator kind geometry, matching answer key entries, passing audit results, and checkable answers.",Matches expected behavior in the recorded test evidence.,,"npm run test:generators passed: 139 worksheet types, 834 generated items, failed [].; npm run test:generators passed: 139 worksheet types, 834 generated items, failed [].",No issue found,,,"npm run test:generators passed: 139 worksheet types, 834 generated items, failed [].",Passed,catalog_id=quadrilaterals-by-attributes; strand=Geometry and Spatial Reasoning; grades=3|4|5; formats=visual-model|quick-check; generatorKind=geometry,src/features/worksheet/catalog.ts; src/features/worksheet/generator.ts; src/features/worksheet/item-factory.ts,GEN-063,Worksheet generators,Quadrilaterals by Attributes,"As a teacher, I can select the Quadrilaterals by Attributes generator for Geometry and Spatial Reasoning practice.","Selecting Quadrilaterals by Attributes produces canonical worksheet JSON with 3-12 questions, title Quadrilaterals by Attributes, supported grades 3/4/5, supported formats visual-model/quick-check, generator kind geometry, matching answer key entries, passing audit results, and checkable answers.",src/features/worksheet/catalog.ts; src/features/worksheet/generator.ts; src/features/worksheet/item-factory.ts,passed,"npm run test:generators passed: 139 worksheet types, 834 generated items, failed [].",,,"npm run test:generators passed: 139 worksheet types, 834 generated items, failed [].",catalog_id=quadrilaterals-by-attributes; strand=Geometry and Spatial Reasoning; grades=3|4|5; formats=visual-model|quick-check; generatorKind=geometry
GEN-064,Measure Length with Rulers,"Worksheet generators: Measure Length with Rulers. Selecting Measure Length with Rulers produces canonical worksheet JSON with 3-12 questions, title Measure Length with Rulers, supported grades 1/2/3, supported formats visual-model/worked-practice, generator kind measurement, matching answer key entries, passing audit results, and checkable answers.",Worksheet generators,GEN-064,"As a teacher, I can select the Measure Length with Rulers generator for Measurement practice.","1. Given Worksheet generator catalog entry selectable from setup panel, when the story is exercised, then Selecting Measure Length with Rulers produces canonical worksheet JSON with 3-12 questions, title Measure Length with Rulers, supported grades 1/2/3, supported formats visual-model/worked-practice, generator kind measurement, matching answer key entries, passing audit results, and checkable answers. 2. The recorded initial and regression evidence for GEN-064 is Passing or Fixed. 3. Any discovered issue for this story has severity, reproduction, root cause, fix status, and retest evidence recorded in this row.","Selecting Measure Length with Rulers produces canonical worksheet JSON with 3-12 questions, title Measure Length with Rulers, supported grades 1/2/3, supported formats visual-model/worked-practice, generator kind measurement, matching answer key entries, passing audit results, and checkable answers.",Worksheet generator catalog entry selectable from setup panel,src/features/worksheet/catalog.ts; src/features/worksheet/generator.ts; src/features/worksheet/item-factory.ts,"Supported grade/format/strand filters, answer-key correctness, deterministic item generation, validation rules and solution metadata.",Teacher via catalog selection and developer via generator verification; no auth or permission gates in scope.,"Supported grade/format/strand filters, answer-key correctness, deterministic item generation, validation rules and solution metadata.",Passing,"npm run test:generators passed: 139 worksheet types, 834 generated items, failed [].",,,,"Selecting Measure Length with Rulers produces canonical worksheet JSON with 3-12 questions, title Measure Length with Rulers, supported grades 1/2/3, supported formats visual-model/worked-practice, generator kind measurement, matching answer key entries, passing audit results, and checkable answers.",Matches expected behavior in the recorded test evidence.,,"npm run test:generators passed: 139 worksheet types, 834 generated items, failed [].; npm run test:generators passed: 139 worksheet types, 834 generated items, failed [].",No issue found,,,"npm run test:generators passed: 139 worksheet types, 834 generated items, failed [].",Passed,catalog_id=measure-length-with-rulers; strand=Measurement; grades=1|2|3; formats=visual-model|worked-practice; generatorKind=measurement,src/features/worksheet/catalog.ts; src/features/worksheet/generator.ts; src/features/worksheet/item-factory.ts,GEN-064,Worksheet generators,Measure Length with Rulers,"As a teacher, I can select the Measure Length with Rulers generator for Measurement practice.","Selecting Measure Length with Rulers produces canonical worksheet JSON with 3-12 questions, title Measure Length with Rulers, supported grades 1/2/3, supported formats visual-model/worked-practice, generator kind measurement, matching answer key entries, passing audit results, and checkable answers.",src/features/worksheet/catalog.ts; src/features/worksheet/generator.ts; src/features/worksheet/item-factory.ts,passed,"npm run test:generators passed: 139 worksheet types, 834 generated items, failed [].",,,"npm run test:generators passed: 139 worksheet types, 834 generated items, failed [].",catalog_id=measure-length-with-rulers; strand=Measurement; grades=1|2|3; formats=visual-model|worked-practice; generatorKind=measurement
GEN-065,Elapsed Time on Timelines,"Worksheet generators: Elapsed Time on Timelines. Selecting Elapsed Time on Timelines produces canonical worksheet JSON with 3-12 questions, title Elapsed Time on Timelines, supported grades 2/3/4, supported formats visual-model/real-world, generator kind time, matching answer key entries, passing audit results, and checkable answers.",Worksheet generators,GEN-065,"As a teacher, I can select the Elapsed Time on Timelines generator for Measurement practice.","1. Given Worksheet generator catalog entry selectable from setup panel, when the story is exercised, then Selecting Elapsed Time on Timelines produces canonical worksheet JSON with 3-12 questions, title Elapsed Time on Timelines, supported grades 2/3/4, supported formats visual-model/real-world, generator kind time, matching answer key entries, passing audit results, and checkable answers. 2. The recorded initial and regression evidence for GEN-065 is Passing or Fixed. 3. Any discovered issue for this story has severity, reproduction, root cause, fix status, and retest evidence recorded in this row.","Selecting Elapsed Time on Timelines produces canonical worksheet JSON with 3-12 questions, title Elapsed Time on Timelines, supported grades 2/3/4, supported formats visual-model/real-world, generator kind time, matching answer key entries, passing audit results, and checkable answers.",Worksheet generator catalog entry selectable from setup panel,src/features/worksheet/catalog.ts; src/features/worksheet/generator.ts; src/features/worksheet/item-factory.ts,"Supported grade/format/strand filters, answer-key correctness, deterministic item generation, validation rules and solution metadata.",Teacher via catalog selection and developer via generator verification; no auth or permission gates in scope.,"Supported grade/format/strand filters, answer-key correctness, deterministic item generation, validation rules and solution metadata.",Passing,"npm run test:generators passed: 139 worksheet types, 834 generated items, failed [].",,,,"Selecting Elapsed Time on Timelines produces canonical worksheet JSON with 3-12 questions, title Elapsed Time on Timelines, supported grades 2/3/4, supported formats visual-model/real-world, generator kind time, matching answer key entries, passing audit results, and checkable answers.",Matches expected behavior in the recorded test evidence.,,"npm run test:generators passed: 139 worksheet types, 834 generated items, failed [].; npm run test:generators passed: 139 worksheet types, 834 generated items, failed [].",No issue found,,,"npm run test:generators passed: 139 worksheet types, 834 generated items, failed [].",Passed,catalog_id=elapsed-time-on-timelines; strand=Measurement; grades=2|3|4; formats=visual-model|real-world; generatorKind=time,src/features/worksheet/catalog.ts; src/features/worksheet/generator.ts; src/features/worksheet/item-factory.ts,GEN-065,Worksheet generators,Elapsed Time on Timelines,"As a teacher, I can select the Elapsed Time on Timelines generator for Measurement practice.","Selecting Elapsed Time on Timelines produces canonical worksheet JSON with 3-12 questions, title Elapsed Time on Timelines, supported grades 2/3/4, supported formats visual-model/real-world, generator kind time, matching answer key entries, passing audit results, and checkable answers.",src/features/worksheet/catalog.ts; src/features/worksheet/generator.ts; src/features/worksheet/item-factory.ts,passed,"npm run test:generators passed: 139 worksheet types, 834 generated items, failed [].",,,"npm run test:generators passed: 139 worksheet types, 834 generated items, failed [].",catalog_id=elapsed-time-on-timelines; strand=Measurement; grades=2|3|4; formats=visual-model|real-world; generatorKind=time
GEN-066,Coin Values and Change,"Worksheet generators: Coin Values and Change. Selecting Coin Values and Change produces canonical worksheet JSON with 3-12 questions, title Coin Values and Change, supported grades 1/2/3, supported formats real-world/quick-check, generator kind money, matching answer key entries, passing audit results, and checkable answers.",Worksheet generators,GEN-066,"As a teacher, I can select the Coin Values and Change generator for Financial and Consumer Math practice.","1. Given Worksheet generator catalog entry selectable from setup panel, when the story is exercised, then Selecting Coin Values and Change produces canonical worksheet JSON with 3-12 questions, title Coin Values and Change, supported grades 1/2/3, supported formats real-world/quick-check, generator kind money, matching answer key entries, passing audit results, and checkable answers. 2. The recorded initial and regression evidence for GEN-066 is Passing or Fixed. 3. Any discovered issue for this story has severity, reproduction, root cause, fix status, and retest evidence recorded in this row.","Selecting Coin Values and Change produces canonical worksheet JSON with 3-12 questions, title Coin Values and Change, supported grades 1/2/3, supported formats real-world/quick-check, generator kind money, matching answer key entries, passing audit results, and checkable answers.",Worksheet generator catalog entry selectable from setup panel,src/features/worksheet/catalog.ts; src/features/worksheet/generator.ts; src/features/worksheet/item-factory.ts,"Supported grade/format/strand filters, answer-key correctness, deterministic item generation, validation rules and solution metadata.",Teacher via catalog selection and developer via generator verification; no auth or permission gates in scope.,"Supported grade/format/strand filters, answer-key correctness, deterministic item generation, validation rules and solution metadata.",Passing,"npm run test:generators passed: 139 worksheet types, 834 generated items, failed [].",,,,"Selecting Coin Values and Change produces canonical worksheet JSON with 3-12 questions, title Coin Values and Change, supported grades 1/2/3, supported formats real-world/quick-check, generator kind money, matching answer key entries, passing audit results, and checkable answers.",Matches expected behavior in the recorded test evidence.,,"npm run test:generators passed: 139 worksheet types, 834 generated items, failed [].; npm run test:generators passed: 139 worksheet types, 834 generated items, failed [].",No issue found,,,"npm run test:generators passed: 139 worksheet types, 834 generated items, failed [].",Passed,catalog_id=coin-values-and-change; strand=Financial and Consumer Math; grades=1|2|3; formats=real-world|quick-check; generatorKind=money,src/features/worksheet/catalog.ts; src/features/worksheet/generator.ts; src/features/worksheet/item-factory.ts,GEN-066,Worksheet generators,Coin Values and Change,"As a teacher, I can select the Coin Values and Change generator for Financial and Consumer Math practice.","Selecting Coin Values and Change produces canonical worksheet JSON with 3-12 questions, title Coin Values and Change, supported grades 1/2/3, supported formats real-world/quick-check, generator kind money, matching answer key entries, passing audit results, and checkable answers.",src/features/worksheet/catalog.ts; src/features/worksheet/generator.ts; src/features/worksheet/item-factory.ts,passed,"npm run test:generators passed: 139 worksheet types, 834 generated items, failed [].",,,"npm run test:generators passed: 139 worksheet types, 834 generated items, failed [].",catalog_id=coin-values-and-change; strand=Financial and Consumer Math; grades=1|2|3; formats=real-world|quick-check; generatorKind=money
GEN-067,Read Picture and Bar Graphs,"Worksheet generators: Read Picture and Bar Graphs. Selecting Read Picture and Bar Graphs produces canonical worksheet JSON with 3-12 questions, title Read Picture and Bar Graphs, supported grades 1/2/3, supported formats graph-data/quick-check, generator kind mean, matching answer key entries, passing audit results, and checkable answers.",Worksheet generators,GEN-067,"As a teacher, I can select the Read Picture and Bar Graphs generator for Data, Statistics, and Probability practice.","1. Given Worksheet generator catalog entry selectable from setup panel, when the story is exercised, then Selecting Read Picture and Bar Graphs produces canonical worksheet JSON with 3-12 questions, title Read Picture and Bar Graphs, supported grades 1/2/3, supported formats graph-data/quick-check, generator kind mean, matching answer key entries, passing audit results, and checkable answers. 2. The recorded initial and regression evidence for GEN-067 is Passing or Fixed. 3. Any discovered issue for this story has severity, reproduction, root cause, fix status, and retest evidence recorded in this row.","Selecting Read Picture and Bar Graphs produces canonical worksheet JSON with 3-12 questions, title Read Picture and Bar Graphs, supported grades 1/2/3, supported formats graph-data/quick-check, generator kind mean, matching answer key entries, passing audit results, and checkable answers.",Worksheet generator catalog entry selectable from setup panel,src/features/worksheet/catalog.ts; src/features/worksheet/generator.ts; src/features/worksheet/item-factory.ts,"Supported grade/format/strand filters, answer-key correctness, deterministic item generation, validation rules and solution metadata.",Teacher via catalog selection and developer via generator verification; no auth or permission gates in scope.,"Supported grade/format/strand filters, answer-key correctness, deterministic item generation, validation rules and solution metadata.",Passing,"npm run test:generators passed: 139 worksheet types, 834 generated items, failed [].",,,,"Selecting Read Picture and Bar Graphs produces canonical worksheet JSON with 3-12 questions, title Read Picture and Bar Graphs, supported grades 1/2/3, supported formats graph-data/quick-check, generator kind mean, matching answer key entries, passing audit results, and checkable answers.",Matches expected behavior in the recorded test evidence.,,"npm run test:generators passed: 139 worksheet types, 834 generated items, failed [].; npm run test:generators passed: 139 worksheet types, 834 generated items, failed [].",No issue found,,,"npm run test:generators passed: 139 worksheet types, 834 generated items, failed [].",Passed,"catalog_id=read-picture-and-bar-graphs; strand=Data, Statistics, and Probability; grades=1|2|3; formats=graph-data|quick-check; generatorKind=mean",src/features/worksheet/catalog.ts; src/features/worksheet/generator.ts; src/features/worksheet/item-factory.ts,GEN-067,Worksheet generators,Read Picture and Bar Graphs,"As a teacher, I can select the Read Picture and Bar Graphs generator for Data, Statistics, and Probability practice.","Selecting Read Picture and Bar Graphs produces canonical worksheet JSON with 3-12 questions, title Read Picture and Bar Graphs, supported grades 1/2/3, supported formats graph-data/quick-check, generator kind mean, matching answer key entries, passing audit results, and checkable answers.",src/features/worksheet/catalog.ts; src/features/worksheet/generator.ts; src/features/worksheet/item-factory.ts,passed,"npm run test:generators passed: 139 worksheet types, 834 generated items, failed [].",,,"npm run test:generators passed: 139 worksheet types, 834 generated items, failed [].","catalog_id=read-picture-and-bar-graphs; strand=Data, Statistics, and Probability; grades=1|2|3; formats=graph-data|quick-check; generatorKind=mean"
GEN-068,Multi-Step Grade 5 Word Problems,"Worksheet generators: Multi-Step Grade 5 Word Problems. Selecting Multi-Step Grade 5 Word Problems produces canonical worksheet JSON with 3-12 questions, title Multi-Step Grade 5 Word Problems, supported grades 5, supported formats real-world/worked-practice, generator kind wordProblem, matching answer key entries, passing audit results, and checkable answers.",Worksheet generators,GEN-068,"As a teacher, I can select the Multi-Step Grade 5 Word Problems generator for Word Problems and Mathematical Reasoning practice.","1. Given Worksheet generator catalog entry selectable from setup panel, when the story is exercised, then Selecting Multi-Step Grade 5 Word Problems produces canonical worksheet JSON with 3-12 questions, title Multi-Step Grade 5 Word Problems, supported grades 5, supported formats real-world/worked-practice, generator kind wordProblem, matching answer key entries, passing audit results, and checkable answers. 2. The recorded initial and regression evidence for GEN-068 is Passing or Fixed. 3. Any discovered issue for this story has severity, reproduction, root cause, fix status, and retest evidence recorded in this row.","Selecting Multi-Step Grade 5 Word Problems produces canonical worksheet JSON with 3-12 questions, title Multi-Step Grade 5 Word Problems, supported grades 5, supported formats real-world/worked-practice, generator kind wordProblem, matching answer key entries, passing audit results, and checkable answers.",Worksheet generator catalog entry selectable from setup panel,src/features/worksheet/catalog.ts; src/features/worksheet/generator.ts; src/features/worksheet/item-factory.ts,"Supported grade/format/strand filters, answer-key correctness, deterministic item generation, validation rules and solution metadata.",Teacher via catalog selection and developer via generator verification; no auth or permission gates in scope.,"Supported grade/format/strand filters, answer-key correctness, deterministic item generation, validation rules and solution metadata.",Passing,"npm run test:generators passed: 139 worksheet types, 834 generated items, failed [].",,,,"Selecting Multi-Step Grade 5 Word Problems produces canonical worksheet JSON with 3-12 questions, title Multi-Step Grade 5 Word Problems, supported grades 5, supported formats real-world/worked-practice, generator kind wordProblem, matching answer key entries, passing audit results, and checkable answers.",Matches expected behavior in the recorded test evidence.,,"npm run test:generators passed: 139 worksheet types, 834 generated items, failed [].; npm run test:generators passed: 139 worksheet types, 834 generated items, failed [].",No issue found,,,"npm run test:generators passed: 139 worksheet types, 834 generated items, failed [].",Passed,catalog_id=multi-step-grade-5-word-problems; strand=Word Problems and Mathematical Reasoning; grades=5; formats=real-world|worked-practice; generatorKind=wordProblem,src/features/worksheet/catalog.ts; src/features/worksheet/generator.ts; src/features/worksheet/item-factory.ts,GEN-068,Worksheet generators,Multi-Step Grade 5 Word Problems,"As a teacher, I can select the Multi-Step Grade 5 Word Problems generator for Word Problems and Mathematical Reasoning practice.","Selecting Multi-Step Grade 5 Word Problems produces canonical worksheet JSON with 3-12 questions, title Multi-Step Grade 5 Word Problems, supported grades 5, supported formats real-world/worked-practice, generator kind wordProblem, matching answer key entries, passing audit results, and checkable answers.",src/features/worksheet/catalog.ts; src/features/worksheet/generator.ts; src/features/worksheet/item-factory.ts,passed,"npm run test:generators passed: 139 worksheet types, 834 generated items, failed [].",,,"npm run test:generators passed: 139 worksheet types, 834 generated items, failed [].",catalog_id=multi-step-grade-5-word-problems; strand=Word Problems and Mathematical Reasoning; grades=5; formats=real-world|worked-practice; generatorKind=wordProblem
GEN-069,Number Pattern Rule Challenges,"Worksheet generators: Number Pattern Rule Challenges. Selecting Number Pattern Rule Challenges produces canonical worksheet JSON with 3-12 questions, title Number Pattern Rule Challenges, supported grades 3/4/5, supported formats quick-check/worked-practice, generator kind patternPuzzle, matching answer key entries, passing audit results, and checkable answers.",Worksheet generators,GEN-069,"As a teacher, I can select the Number Pattern Rule Challenges generator for Math Puzzles, Logic, and Enrichment practice.","1. Given Worksheet generator catalog entry selectable from setup panel, when the story is exercised, then Selecting Number Pattern Rule Challenges produces canonical worksheet JSON with 3-12 questions, title Number Pattern Rule Challenges, supported grades 3/4/5, supported formats quick-check/worked-practice, generator kind patternPuzzle, matching answer key entries, passing audit results, and checkable answers. 2. The recorded initial and regression evidence for GEN-069 is Passing or Fixed. 3. Any discovered issue for this story has severity, reproduction, root cause, fix status, and retest evidence recorded in this row.","Selecting Number Pattern Rule Challenges produces canonical worksheet JSON with 3-12 questions, title Number Pattern Rule Challenges, supported grades 3/4/5, supported formats quick-check/worked-practice, generator kind patternPuzzle, matching answer key entries, passing audit results, and checkable answers.",Worksheet generator catalog entry selectable from setup panel,src/features/worksheet/catalog.ts; src/features/worksheet/generator.ts; src/features/worksheet/item-factory.ts,"Supported grade/format/strand filters, answer-key correctness, deterministic item generation, validation rules and solution metadata.",Teacher via catalog selection and developer via generator verification; no auth or permission gates in scope.,"Supported grade/format/strand filters, answer-key correctness, deterministic item generation, validation rules and solution metadata.",Passing,"npm run test:generators passed: 139 worksheet types, 834 generated items, failed [].",,,,"Selecting Number Pattern Rule Challenges produces canonical worksheet JSON with 3-12 questions, title Number Pattern Rule Challenges, supported grades 3/4/5, supported formats quick-check/worked-practice, generator kind patternPuzzle, matching answer key entries, passing audit results, and checkable answers.",Matches expected behavior in the recorded test evidence.,,"npm run test:generators passed: 139 worksheet types, 834 generated items, failed [].; npm run test:generators passed: 139 worksheet types, 834 generated items, failed [].",No issue found,,,"npm run test:generators passed: 139 worksheet types, 834 generated items, failed [].",Passed,"catalog_id=number-pattern-rule-challenges; strand=Math Puzzles, Logic, and Enrichment; grades=3|4|5; formats=quick-check|worked-practice; generatorKind=patternPuzzle",src/features/worksheet/catalog.ts; src/features/worksheet/generator.ts; src/features/worksheet/item-factory.ts,GEN-069,Worksheet generators,Number Pattern Rule Challenges,"As a teacher, I can select the Number Pattern Rule Challenges generator for Math Puzzles, Logic, and Enrichment practice.","Selecting Number Pattern Rule Challenges produces canonical worksheet JSON with 3-12 questions, title Number Pattern Rule Challenges, supported grades 3/4/5, supported formats quick-check/worked-practice, generator kind patternPuzzle, matching answer key entries, passing audit results, and checkable answers.",src/features/worksheet/catalog.ts; src/features/worksheet/generator.ts; src/features/worksheet/item-factory.ts,passed,"npm run test:generators passed: 139 worksheet types, 834 generated items, failed [].",,,"npm run test:generators passed: 139 worksheet types, 834 generated items, failed [].","catalog_id=number-pattern-rule-challenges; strand=Math Puzzles, Logic, and Enrichment; grades=3|4|5; formats=quick-check|worked-practice; generatorKind=patternPuzzle"
GEN-070,Scale Drawings and Map Distance,"Worksheet generators: Scale Drawings and Map Distance. Selecting Scale Drawings and Map Distance produces canonical worksheet JSON with 3-12 questions, title Scale Drawings and Map Distance, supported grades 6/7, supported formats worked-practice/real-world, generator kind ratio, matching answer key entries, passing audit results, and checkable answers.",Worksheet generators,GEN-070,"As a teacher, I can select the Scale Drawings and Map Distance generator for Ratios and Proportional Reasoning practice.","1. Given Worksheet generator catalog entry selectable from setup panel, when the story is exercised, then Selecting Scale Drawings and Map Distance produces canonical worksheet JSON with 3-12 questions, title Scale Drawings and Map Distance, supported grades 6/7, supported formats worked-practice/real-world, generator kind ratio, matching answer key entries, passing audit results, and checkable answers. 2. The recorded initial and regression evidence for GEN-070 is Passing or Fixed. 3. Any discovered issue for this story has severity, reproduction, root cause, fix status, and retest evidence recorded in this row.","Selecting Scale Drawings and Map Distance produces canonical worksheet JSON with 3-12 questions, title Scale Drawings and Map Distance, supported grades 6/7, supported formats worked-practice/real-world, generator kind ratio, matching answer key entries, passing audit results, and checkable answers.",Worksheet generator catalog entry selectable from setup panel,src/features/worksheet/catalog.ts; src/features/worksheet/generator.ts; src/features/worksheet/item-factory.ts,"Supported grade/format/strand filters, answer-key correctness, deterministic item generation, validation rules and solution metadata.",Teacher via catalog selection and developer via generator verification; no auth or permission gates in scope.,"Supported grade/format/strand filters, answer-key correctness, deterministic item generation, validation rules and solution metadata.",Passing,"npm run test:generators passed: 139 worksheet types, 834 generated items, failed [].",,,,"Selecting Scale Drawings and Map Distance produces canonical worksheet JSON with 3-12 questions, title Scale Drawings and Map Distance, supported grades 6/7, supported formats worked-practice/real-world, generator kind ratio, matching answer key entries, passing audit results, and checkable answers.",Matches expected behavior in the recorded test evidence.,,"npm run test:generators passed: 139 worksheet types, 834 generated items, failed [].; npm run test:generators passed: 139 worksheet types, 834 generated items, failed [].",No issue found,,,"npm run test:generators passed: 139 worksheet types, 834 generated items, failed [].",Passed,catalog_id=scale-drawings-and-map-distance; strand=Ratios and Proportional Reasoning; grades=6|7; formats=worked-practice|real-world; generatorKind=ratio,src/features/worksheet/catalog.ts; src/features/worksheet/generator.ts; src/features/worksheet/item-factory.ts,GEN-070,Worksheet generators,Scale Drawings and Map Distance,"As a teacher, I can select the Scale Drawings and Map Distance generator for Ratios and Proportional Reasoning practice.","Selecting Scale Drawings and Map Distance produces canonical worksheet JSON with 3-12 questions, title Scale Drawings and Map Distance, supported grades 6/7, supported formats worked-practice/real-world, generator kind ratio, matching answer key entries, passing audit results, and checkable answers.",src/features/worksheet/catalog.ts; src/features/worksheet/generator.ts; src/features/worksheet/item-factory.ts,passed,"npm run test:generators passed: 139 worksheet types, 834 generated items, failed [].",,,"npm run test:generators passed: 139 worksheet types, 834 generated items, failed [].",catalog_id=scale-drawings-and-map-distance; strand=Ratios and Proportional Reasoning; grades=6|7; formats=worked-practice|real-world; generatorKind=ratio
GEN-071,Unit Rate Shopping Comparisons,"Worksheet generators: Unit Rate Shopping Comparisons. Selecting Unit Rate Shopping Comparisons produces canonical worksheet JSON with 3-12 questions, title Unit Rate Shopping Comparisons, supported grades 6/7, supported formats real-world/quick-check, generator kind ratio, matching answer key entries, passing audit results, and checkable answers.",Worksheet generators,GEN-071,"As a teacher, I can select the Unit Rate Shopping Comparisons generator for Ratios and Proportional Reasoning practice.","1. Given Worksheet generator catalog entry selectable from setup panel, when the story is exercised, then Selecting Unit Rate Shopping Comparisons produces canonical worksheet JSON with 3-12 questions, title Unit Rate Shopping Comparisons, supported grades 6/7, supported formats real-world/quick-check, generator kind ratio, matching answer key entries, passing audit results, and checkable answers. 2. The recorded initial and regression evidence for GEN-071 is Passing or Fixed. 3. Any discovered issue for this story has severity, reproduction, root cause, fix status, and retest evidence recorded in this row.","Selecting Unit Rate Shopping Comparisons produces canonical worksheet JSON with 3-12 questions, title Unit Rate Shopping Comparisons, supported grades 6/7, supported formats real-world/quick-check, generator kind ratio, matching answer key entries, passing audit results, and checkable answers.",Worksheet generator catalog entry selectable from setup panel,src/features/worksheet/catalog.ts; src/features/worksheet/generator.ts; src/features/worksheet/item-factory.ts,"Supported grade/format/strand filters, answer-key correctness, deterministic item generation, validation rules and solution metadata.",Teacher via catalog selection and developer via generator verification; no auth or permission gates in scope.,"Supported grade/format/strand filters, answer-key correctness, deterministic item generation, validation rules and solution metadata.",Passing,"npm run test:generators passed: 139 worksheet types, 834 generated items, failed [].",,,,"Selecting Unit Rate Shopping Comparisons produces canonical worksheet JSON with 3-12 questions, title Unit Rate Shopping Comparisons, supported grades 6/7, supported formats real-world/quick-check, generator kind ratio, matching answer key entries, passing audit results, and checkable answers.",Matches expected behavior in the recorded test evidence.,,"npm run test:generators passed: 139 worksheet types, 834 generated items, failed [].; npm run test:generators passed: 139 worksheet types, 834 generated items, failed [].",No issue found,,,"npm run test:generators passed: 139 worksheet types, 834 generated items, failed [].",Passed,catalog_id=unit-rate-shopping-comparisons; strand=Ratios and Proportional Reasoning; grades=6|7; formats=real-world|quick-check; generatorKind=ratio,src/features/worksheet/catalog.ts; src/features/worksheet/generator.ts; src/features/worksheet/item-factory.ts,GEN-071,Worksheet generators,Unit Rate Shopping Comparisons,"As a teacher, I can select the Unit Rate Shopping Comparisons generator for Ratios and Proportional Reasoning practice.","Selecting Unit Rate Shopping Comparisons produces canonical worksheet JSON with 3-12 questions, title Unit Rate Shopping Comparisons, supported grades 6/7, supported formats real-world/quick-check, generator kind ratio, matching answer key entries, passing audit results, and checkable answers.",src/features/worksheet/catalog.ts; src/features/worksheet/generator.ts; src/features/worksheet/item-factory.ts,passed,"npm run test:generators passed: 139 worksheet types, 834 generated items, failed [].",,,"npm run test:generators passed: 139 worksheet types, 834 generated items, failed [].",catalog_id=unit-rate-shopping-comparisons; strand=Ratios and Proportional Reasoning; grades=6|7; formats=real-world|quick-check; generatorKind=ratio
GEN-072,Equivalent Ratio Tables,"Worksheet generators: Equivalent Ratio Tables. Selecting Equivalent Ratio Tables produces canonical worksheet JSON with 3-12 questions, title Equivalent Ratio Tables, supported grades 6/7, supported formats fluency-grid/worked-practice, generator kind ratio, matching answer key entries, passing audit results, and checkable answers.",Worksheet generators,GEN-072,"As a teacher, I can select the Equivalent Ratio Tables generator for Ratios and Proportional Reasoning practice.","1. Given Worksheet generator catalog entry selectable from setup panel, when the story is exercised, then Selecting Equivalent Ratio Tables produces canonical worksheet JSON with 3-12 questions, title Equivalent Ratio Tables, supported grades 6/7, supported formats fluency-grid/worked-practice, generator kind ratio, matching answer key entries, passing audit results, and checkable answers. 2. The recorded initial and regression evidence for GEN-072 is Passing or Fixed. 3. Any discovered issue for this story has severity, reproduction, root cause, fix status, and retest evidence recorded in this row.","Selecting Equivalent Ratio Tables produces canonical worksheet JSON with 3-12 questions, title Equivalent Ratio Tables, supported grades 6/7, supported formats fluency-grid/worked-practice, generator kind ratio, matching answer key entries, passing audit results, and checkable answers.",Worksheet generator catalog entry selectable from setup panel,src/features/worksheet/catalog.ts; src/features/worksheet/generator.ts; src/features/worksheet/item-factory.ts,"Supported grade/format/strand filters, answer-key correctness, deterministic item generation, validation rules and solution metadata.",Teacher via catalog selection and developer via generator verification; no auth or permission gates in scope.,"Supported grade/format/strand filters, answer-key correctness, deterministic item generation, validation rules and solution metadata.",Passing,"npm run test:generators passed: 139 worksheet types, 834 generated items, failed [].",,,,"Selecting Equivalent Ratio Tables produces canonical worksheet JSON with 3-12 questions, title Equivalent Ratio Tables, supported grades 6/7, supported formats fluency-grid/worked-practice, generator kind ratio, matching answer key entries, passing audit results, and checkable answers.",Matches expected behavior in the recorded test evidence.,,"npm run test:generators passed: 139 worksheet types, 834 generated items, failed [].; npm run test:generators passed: 139 worksheet types, 834 generated items, failed [].",No issue found,,,"npm run test:generators passed: 139 worksheet types, 834 generated items, failed [].",Passed,catalog_id=equivalent-ratio-tables; strand=Ratios and Proportional Reasoning; grades=6|7; formats=fluency-grid|worked-practice; generatorKind=ratio,src/features/worksheet/catalog.ts; src/features/worksheet/generator.ts; src/features/worksheet/item-factory.ts,GEN-072,Worksheet generators,Equivalent Ratio Tables,"As a teacher, I can select the Equivalent Ratio Tables generator for Ratios and Proportional Reasoning practice.","Selecting Equivalent Ratio Tables produces canonical worksheet JSON with 3-12 questions, title Equivalent Ratio Tables, supported grades 6/7, supported formats fluency-grid/worked-practice, generator kind ratio, matching answer key entries, passing audit results, and checkable answers.",src/features/worksheet/catalog.ts; src/features/worksheet/generator.ts; src/features/worksheet/item-factory.ts,passed,"npm run test:generators passed: 139 worksheet types, 834 generated items, failed [].",,,"npm run test:generators passed: 139 worksheet types, 834 generated items, failed [].",catalog_id=equivalent-ratio-tables; strand=Ratios and Proportional Reasoning; grades=6|7; formats=fluency-grid|worked-practice; generatorKind=ratio
GEN-073,Constant of Proportionality,"Worksheet generators: Constant of Proportionality. Selecting Constant of Proportionality produces canonical worksheet JSON with 3-12 questions, title Constant of Proportionality, supported grades 7/8, supported formats worked-practice/graph-data, generator kind ratio, matching answer key entries, passing audit results, and checkable answers.",Worksheet generators,GEN-073,"As a teacher, I can select the Constant of Proportionality generator for Ratios and Proportional Reasoning practice.","1. Given Worksheet generator catalog entry selectable from setup panel, when the story is exercised, then Selecting Constant of Proportionality produces canonical worksheet JSON with 3-12 questions, title Constant of Proportionality, supported grades 7/8, supported formats worked-practice/graph-data, generator kind ratio, matching answer key entries, passing audit results, and checkable answers. 2. The recorded initial and regression evidence for GEN-073 is Passing or Fixed. 3. Any discovered issue for this story has severity, reproduction, root cause, fix status, and retest evidence recorded in this row.","Selecting Constant of Proportionality produces canonical worksheet JSON with 3-12 questions, title Constant of Proportionality, supported grades 7/8, supported formats worked-practice/graph-data, generator kind ratio, matching answer key entries, passing audit results, and checkable answers.",Worksheet generator catalog entry selectable from setup panel,src/features/worksheet/catalog.ts; src/features/worksheet/generator.ts; src/features/worksheet/item-factory.ts,"Supported grade/format/strand filters, answer-key correctness, deterministic item generation, validation rules and solution metadata.",Teacher via catalog selection and developer via generator verification; no auth or permission gates in scope.,"Supported grade/format/strand filters, answer-key correctness, deterministic item generation, validation rules and solution metadata.",Passing,"npm run test:generators passed: 139 worksheet types, 834 generated items, failed [].",,,,"Selecting Constant of Proportionality produces canonical worksheet JSON with 3-12 questions, title Constant of Proportionality, supported grades 7/8, supported formats worked-practice/graph-data, generator kind ratio, matching answer key entries, passing audit results, and checkable answers.",Matches expected behavior in the recorded test evidence.,,"npm run test:generators passed: 139 worksheet types, 834 generated items, failed [].; npm run test:generators passed: 139 worksheet types, 834 generated items, failed [].",No issue found,,,"npm run test:generators passed: 139 worksheet types, 834 generated items, failed [].",Passed,catalog_id=constant-of-proportionality; strand=Ratios and Proportional Reasoning; grades=7|8; formats=worked-practice|graph-data; generatorKind=ratio,src/features/worksheet/catalog.ts; src/features/worksheet/generator.ts; src/features/worksheet/item-factory.ts,GEN-073,Worksheet generators,Constant of Proportionality,"As a teacher, I can select the Constant of Proportionality generator for Ratios and Proportional Reasoning practice.","Selecting Constant of Proportionality produces canonical worksheet JSON with 3-12 questions, title Constant of Proportionality, supported grades 7/8, supported formats worked-practice/graph-data, generator kind ratio, matching answer key entries, passing audit results, and checkable answers.",src/features/worksheet/catalog.ts; src/features/worksheet/generator.ts; src/features/worksheet/item-factory.ts,passed,"npm run test:generators passed: 139 worksheet types, 834 generated items, failed [].",,,"npm run test:generators passed: 139 worksheet types, 834 generated items, failed [].",catalog_id=constant-of-proportionality; strand=Ratios and Proportional Reasoning; grades=7|8; formats=worked-practice|graph-data; generatorKind=ratio
GEN-074,Percent Change in Context,"Worksheet generators: Percent Change in Context. Selecting Percent Change in Context produces canonical worksheet JSON with 3-12 questions, title Percent Change in Context, supported grades 7/8, supported formats real-world/worked-practice, generator kind percent, matching answer key entries, passing audit results, and checkable answers.",Worksheet generators,GEN-074,"As a teacher, I can select the Percent Change in Context generator for Fractions, Decimals, and Percents practice.","1. Given Worksheet generator catalog entry selectable from setup panel, when the story is exercised, then Selecting Percent Change in Context produces canonical worksheet JSON with 3-12 questions, title Percent Change in Context, supported grades 7/8, supported formats real-world/worked-practice, generator kind percent, matching answer key entries, passing audit results, and checkable answers. 2. The recorded initial and regression evidence for GEN-074 is Passing or Fixed. 3. Any discovered issue for this story has severity, reproduction, root cause, fix status, and retest evidence recorded in this row.","Selecting Percent Change in Context produces canonical worksheet JSON with 3-12 questions, title Percent Change in Context, supported grades 7/8, supported formats real-world/worked-practice, generator kind percent, matching answer key entries, passing audit results, and checkable answers.",Worksheet generator catalog entry selectable from setup panel,src/features/worksheet/catalog.ts; src/features/worksheet/generator.ts; src/features/worksheet/item-factory.ts,"Supported grade/format/strand filters, answer-key correctness, deterministic item generation, validation rules and solution metadata.",Teacher via catalog selection and developer via generator verification; no auth or permission gates in scope.,"Supported grade/format/strand filters, answer-key correctness, deterministic item generation, validation rules and solution metadata.",Passing,"npm run test:generators passed: 139 worksheet types, 834 generated items, failed [].",,,,"Selecting Percent Change in Context produces canonical worksheet JSON with 3-12 questions, title Percent Change in Context, supported grades 7/8, supported formats real-world/worked-practice, generator kind percent, matching answer key entries, passing audit results, and checkable answers.",Matches expected behavior in the recorded test evidence.,,"npm run test:generators passed: 139 worksheet types, 834 generated items, failed [].; npm run test:generators passed: 139 worksheet types, 834 generated items, failed [].",No issue found,,,"npm run test:generators passed: 139 worksheet types, 834 generated items, failed [].",Passed,"catalog_id=percent-change-in-context; strand=Fractions, Decimals, and Percents; grades=7|8; formats=real-world|worked-practice; generatorKind=percent",src/features/worksheet/catalog.ts; src/features/worksheet/generator.ts; src/features/worksheet/item-factory.ts,GEN-074,Worksheet generators,Percent Change in Context,"As a teacher, I can select the Percent Change in Context generator for Fractions, Decimals, and Percents practice.","Selecting Percent Change in Context produces canonical worksheet JSON with 3-12 questions, title Percent Change in Context, supported grades 7/8, supported formats real-world/worked-practice, generator kind percent, matching answer key entries, passing audit results, and checkable answers.",src/features/worksheet/catalog.ts; src/features/worksheet/generator.ts; src/features/worksheet/item-factory.ts,passed,"npm run test:generators passed: 139 worksheet types, 834 generated items, failed [].",,,"npm run test:generators passed: 139 worksheet types, 834 generated items, failed [].","catalog_id=percent-change-in-context; strand=Fractions, Decimals, and Percents; grades=7|8; formats=real-world|worked-practice; generatorKind=percent"
GEN-075,Percent Error,"Worksheet generators: Percent Error. Selecting Percent Error produces canonical worksheet JSON with 3-12 questions, title Percent Error, supported grades 7/8, supported formats worked-practice/real-world, generator kind percent, matching answer key entries, passing audit results, and checkable answers.",Worksheet generators,GEN-075,"As a teacher, I can select the Percent Error generator for Fractions, Decimals, and Percents practice.","1. Given Worksheet generator catalog entry selectable from setup panel, when the story is exercised, then Selecting Percent Error produces canonical worksheet JSON with 3-12 questions, title Percent Error, supported grades 7/8, supported formats worked-practice/real-world, generator kind percent, matching answer key entries, passing audit results, and checkable answers. 2. The recorded initial and regression evidence for GEN-075 is Passing or Fixed. 3. Any discovered issue for this story has severity, reproduction, root cause, fix status, and retest evidence recorded in this row.","Selecting Percent Error produces canonical worksheet JSON with 3-12 questions, title Percent Error, supported grades 7/8, supported formats worked-practice/real-world, generator kind percent, matching answer key entries, passing audit results, and checkable answers.",Worksheet generator catalog entry selectable from setup panel,src/features/worksheet/catalog.ts; src/features/worksheet/generator.ts; src/features/worksheet/item-factory.ts,"Supported grade/format/strand filters, answer-key correctness, deterministic item generation, validation rules and solution metadata.",Teacher via catalog selection and developer via generator verification; no auth or permission gates in scope.,"Supported grade/format/strand filters, answer-key correctness, deterministic item generation, validation rules and solution metadata.",Passing,"npm run test:generators passed: 139 worksheet types, 834 generated items, failed [].",,,,"Selecting Percent Error produces canonical worksheet JSON with 3-12 questions, title Percent Error, supported grades 7/8, supported formats worked-practice/real-world, generator kind percent, matching answer key entries, passing audit results, and checkable answers.",Matches expected behavior in the recorded test evidence.,,"npm run test:generators passed: 139 worksheet types, 834 generated items, failed [].; npm run test:generators passed: 139 worksheet types, 834 generated items, failed [].",No issue found,,,"npm run test:generators passed: 139 worksheet types, 834 generated items, failed [].",Passed,"catalog_id=percent-error; strand=Fractions, Decimals, and Percents; grades=7|8; formats=worked-practice|real-world; generatorKind=percent",src/features/worksheet/catalog.ts; src/features/worksheet/generator.ts; src/features/worksheet/item-factory.ts,GEN-075,Worksheet generators,Percent Error,"As a teacher, I can select the Percent Error generator for Fractions, Decimals, and Percents practice.","Selecting Percent Error produces canonical worksheet JSON with 3-12 questions, title Percent Error, supported grades 7/8, supported formats worked-practice/real-world, generator kind percent, matching answer key entries, passing audit results, and checkable answers.",src/features/worksheet/catalog.ts; src/features/worksheet/generator.ts; src/features/worksheet/item-factory.ts,passed,"npm run test:generators passed: 139 worksheet types, 834 generated items, failed [].",,,"npm run test:generators passed: 139 worksheet types, 834 generated items, failed [].","catalog_id=percent-error; strand=Fractions, Decimals, and Percents; grades=7|8; formats=worked-practice|real-world; generatorKind=percent"
GEN-076,Rational Number Ordering,"Worksheet generators: Rational Number Ordering. Selecting Rational Number Ordering produces canonical worksheet JSON with 3-12 questions, title Rational Number Ordering, supported grades 6/7, supported formats quick-check/visual-model, generator kind compare, matching answer key entries, passing audit results, and checkable answers.",Worksheet generators,GEN-076,"As a teacher, I can select the Rational Number Ordering generator for Number Sense practice.","1. Given Worksheet generator catalog entry selectable from setup panel, when the story is exercised, then Selecting Rational Number Ordering produces canonical worksheet JSON with 3-12 questions, title Rational Number Ordering, supported grades 6/7, supported formats quick-check/visual-model, generator kind compare, matching answer key entries, passing audit results, and checkable answers. 2. The recorded initial and regression evidence for GEN-076 is Passing or Fixed. 3. Any discovered issue for this story has severity, reproduction, root cause, fix status, and retest evidence recorded in this row.","Selecting Rational Number Ordering produces canonical worksheet JSON with 3-12 questions, title Rational Number Ordering, supported grades 6/7, supported formats quick-check/visual-model, generator kind compare, matching answer key entries, passing audit results, and checkable answers.",Worksheet generator catalog entry selectable from setup panel,src/features/worksheet/catalog.ts; src/features/worksheet/generator.ts; src/features/worksheet/item-factory.ts,"Supported grade/format/strand filters, answer-key correctness, deterministic item generation, validation rules and solution metadata.",Teacher via catalog selection and developer via generator verification; no auth or permission gates in scope.,"Supported grade/format/strand filters, answer-key correctness, deterministic item generation, validation rules and solution metadata.",Passing,"npm run test:generators passed: 139 worksheet types, 834 generated items, failed [].",,,,"Selecting Rational Number Ordering produces canonical worksheet JSON with 3-12 questions, title Rational Number Ordering, supported grades 6/7, supported formats quick-check/visual-model, generator kind compare, matching answer key entries, passing audit results, and checkable answers.",Matches expected behavior in the recorded test evidence.,,"npm run test:generators passed: 139 worksheet types, 834 generated items, failed [].; npm run test:generators passed: 139 worksheet types, 834 generated items, failed [].",No issue found,,,"npm run test:generators passed: 139 worksheet types, 834 generated items, failed [].",Passed,catalog_id=rational-number-ordering; strand=Number Sense; grades=6|7; formats=quick-check|visual-model; generatorKind=compare,src/features/worksheet/catalog.ts; src/features/worksheet/generator.ts; src/features/worksheet/item-factory.ts,GEN-076,Worksheet generators,Rational Number Ordering,"As a teacher, I can select the Rational Number Ordering generator for Number Sense practice.","Selecting Rational Number Ordering produces canonical worksheet JSON with 3-12 questions, title Rational Number Ordering, supported grades 6/7, supported formats quick-check/visual-model, generator kind compare, matching answer key entries, passing audit results, and checkable answers.",src/features/worksheet/catalog.ts; src/features/worksheet/generator.ts; src/features/worksheet/item-factory.ts,passed,"npm run test:generators passed: 139 worksheet types, 834 generated items, failed [].",,,"npm run test:generators passed: 139 worksheet types, 834 generated items, failed [].",catalog_id=rational-number-ordering; strand=Number Sense; grades=6|7; formats=quick-check|visual-model; generatorKind=compare
GEN-077,Rational Number Operations Mix,"Worksheet generators: Rational Number Operations Mix. Selecting Rational Number Operations Mix produces canonical worksheet JSON with 3-12 questions, title Rational Number Operations Mix, supported grades 7/8, supported formats worked-practice/quick-check, generator kind mixedOperations, matching answer key entries, passing audit results, and checkable answers.",Worksheet generators,GEN-077,"As a teacher, I can select the Rational Number Operations Mix generator for Operations and Fluency practice.","1. Given Worksheet generator catalog entry selectable from setup panel, when the story is exercised, then Selecting Rational Number Operations Mix produces canonical worksheet JSON with 3-12 questions, title Rational Number Operations Mix, supported grades 7/8, supported formats worked-practice/quick-check, generator kind mixedOperations, matching answer key entries, passing audit results, and checkable answers. 2. The recorded initial and regression evidence for GEN-077 is Passing or Fixed. 3. Any discovered issue for this story has severity, reproduction, root cause, fix status, and retest evidence recorded in this row.","Selecting Rational Number Operations Mix produces canonical worksheet JSON with 3-12 questions, title Rational Number Operations Mix, supported grades 7/8, supported formats worked-practice/quick-check, generator kind mixedOperations, matching answer key entries, passing audit results, and checkable answers.",Worksheet generator catalog entry selectable from setup panel,src/features/worksheet/catalog.ts; src/features/worksheet/generator.ts; src/features/worksheet/item-factory.ts,"Supported grade/format/strand filters, answer-key correctness, deterministic item generation, validation rules and solution metadata.",Teacher via catalog selection and developer via generator verification; no auth or permission gates in scope.,"Supported grade/format/strand filters, answer-key correctness, deterministic item generation, validation rules and solution metadata.",Passing,"npm run test:generators passed: 139 worksheet types, 834 generated items, failed [].",,,,"Selecting Rational Number Operations Mix produces canonical worksheet JSON with 3-12 questions, title Rational Number Operations Mix, supported grades 7/8, supported formats worked-practice/quick-check, generator kind mixedOperations, matching answer key entries, passing audit results, and checkable answers.",Matches expected behavior in the recorded test evidence.,,"npm run test:generators passed: 139 worksheet types, 834 generated items, failed [].; npm run test:generators passed: 139 worksheet types, 834 generated items, failed [].",No issue found,,,"npm run test:generators passed: 139 worksheet types, 834 generated items, failed [].",Passed,catalog_id=rational-number-operations-mix; strand=Operations and Fluency; grades=7|8; formats=worked-practice|quick-check; generatorKind=mixedOperations,src/features/worksheet/catalog.ts; src/features/worksheet/generator.ts; src/features/worksheet/item-factory.ts,GEN-077,Worksheet generators,Rational Number Operations Mix,"As a teacher, I can select the Rational Number Operations Mix generator for Operations and Fluency practice.","Selecting Rational Number Operations Mix produces canonical worksheet JSON with 3-12 questions, title Rational Number Operations Mix, supported grades 7/8, supported formats worked-practice/quick-check, generator kind mixedOperations, matching answer key entries, passing audit results, and checkable answers.",src/features/worksheet/catalog.ts; src/features/worksheet/generator.ts; src/features/worksheet/item-factory.ts,passed,"npm run test:generators passed: 139 worksheet types, 834 generated items, failed [].",,,"npm run test:generators passed: 139 worksheet types, 834 generated items, failed [].",catalog_id=rational-number-operations-mix; strand=Operations and Fluency; grades=7|8; formats=worked-practice|quick-check; generatorKind=mixedOperations
GEN-078,Integer Multiplication and Division,"Worksheet generators: Integer Multiplication and Division. Selecting Integer Multiplication and Division produces canonical worksheet JSON with 3-12 questions, title Integer Multiplication and Division, supported grades 6/7, supported formats fluency-grid/quick-check, generator kind integerOps, matching answer key entries, passing audit results, and checkable answers.",Worksheet generators,GEN-078,"As a teacher, I can select the Integer Multiplication and Division generator for Operations and Fluency practice.","1. Given Worksheet generator catalog entry selectable from setup panel, when the story is exercised, then Selecting Integer Multiplication and Division produces canonical worksheet JSON with 3-12 questions, title Integer Multiplication and Division, supported grades 6/7, supported formats fluency-grid/quick-check, generator kind integerOps, matching answer key entries, passing audit results, and checkable answers. 2. The recorded initial and regression evidence for GEN-078 is Passing or Fixed. 3. Any discovered issue for this story has severity, reproduction, root cause, fix status, and retest evidence recorded in this row.","Selecting Integer Multiplication and Division produces canonical worksheet JSON with 3-12 questions, title Integer Multiplication and Division, supported grades 6/7, supported formats fluency-grid/quick-check, generator kind integerOps, matching answer key entries, passing audit results, and checkable answers.",Worksheet generator catalog entry selectable from setup panel,src/features/worksheet/catalog.ts; src/features/worksheet/generator.ts; src/features/worksheet/item-factory.ts,"Supported grade/format/strand filters, answer-key correctness, deterministic item generation, validation rules and solution metadata.",Teacher via catalog selection and developer via generator verification; no auth or permission gates in scope.,"Supported grade/format/strand filters, answer-key correctness, deterministic item generation, validation rules and solution metadata.",Passing,"npm run test:generators passed: 139 worksheet types, 834 generated items, failed [].",,,,"Selecting Integer Multiplication and Division produces canonical worksheet JSON with 3-12 questions, title Integer Multiplication and Division, supported grades 6/7, supported formats fluency-grid/quick-check, generator kind integerOps, matching answer key entries, passing audit results, and checkable answers.",Matches expected behavior in the recorded test evidence.,,"npm run test:generators passed: 139 worksheet types, 834 generated items, failed [].; npm run test:generators passed: 139 worksheet types, 834 generated items, failed [].",No issue found,,,"npm run test:generators passed: 139 worksheet types, 834 generated items, failed [].",Passed,catalog_id=integer-multiplication-and-division; strand=Operations and Fluency; grades=6|7; formats=fluency-grid|quick-check; generatorKind=integerOps,src/features/worksheet/catalog.ts; src/features/worksheet/generator.ts; src/features/worksheet/item-factory.ts,GEN-078,Worksheet generators,Integer Multiplication and Division,"As a teacher, I can select the Integer Multiplication and Division generator for Operations and Fluency practice.","Selecting Integer Multiplication and Division produces canonical worksheet JSON with 3-12 questions, title Integer Multiplication and Division, supported grades 6/7, supported formats fluency-grid/quick-check, generator kind integerOps, matching answer key entries, passing audit results, and checkable answers.",src/features/worksheet/catalog.ts; src/features/worksheet/generator.ts; src/features/worksheet/item-factory.ts,passed,"npm run test:generators passed: 139 worksheet types, 834 generated items, failed [].",,,"npm run test:generators passed: 139 worksheet types, 834 generated items, failed [].",catalog_id=integer-multiplication-and-division; strand=Operations and Fluency; grades=6|7; formats=fluency-grid|quick-check; generatorKind=integerOps
GEN-079,Fraction Division in Word Problems,"Worksheet generators: Fraction Division in Word Problems. Selecting Fraction Division in Word Problems produces canonical worksheet JSON with 3-12 questions, title Fraction Division in Word Problems, supported grades 6/7, supported formats real-world/worked-practice, generator kind wordProblem, matching answer key entries, passing audit results, and checkable answers.",Worksheet generators,GEN-079,"As a teacher, I can select the Fraction Division in Word Problems generator for Word Problems and Mathematical Reasoning practice.","1. Given Worksheet generator catalog entry selectable from setup panel, when the story is exercised, then Selecting Fraction Division in Word Problems produces canonical worksheet JSON with 3-12 questions, title Fraction Division in Word Problems, supported grades 6/7, supported formats real-world/worked-practice, generator kind wordProblem, matching answer key entries, passing audit results, and checkable answers. 2. The recorded initial and regression evidence for GEN-079 is Passing or Fixed. 3. Any discovered issue for this story has severity, reproduction, root cause, fix status, and retest evidence recorded in this row.","Selecting Fraction Division in Word Problems produces canonical worksheet JSON with 3-12 questions, title Fraction Division in Word Problems, supported grades 6/7, supported formats real-world/worked-practice, generator kind wordProblem, matching answer key entries, passing audit results, and checkable answers.",Worksheet generator catalog entry selectable from setup panel,src/features/worksheet/catalog.ts; src/features/worksheet/generator.ts; src/features/worksheet/item-factory.ts,"Supported grade/format/strand filters, answer-key correctness, deterministic item generation, validation rules and solution metadata.",Teacher via catalog selection and developer via generator verification; no auth or permission gates in scope.,"Supported grade/format/strand filters, answer-key correctness, deterministic item generation, validation rules and solution metadata.",Passing,"npm run test:generators passed: 139 worksheet types, 834 generated items, failed [].",,,,"Selecting Fraction Division in Word Problems produces canonical worksheet JSON with 3-12 questions, title Fraction Division in Word Problems, supported grades 6/7, supported formats real-world/worked-practice, generator kind wordProblem, matching answer key entries, passing audit results, and checkable answers.",Matches expected behavior in the recorded test evidence.,,"npm run test:generators passed: 139 worksheet types, 834 generated items, failed [].; npm run test:generators passed: 139 worksheet types, 834 generated items, failed [].",No issue found,,,"npm run test:generators passed: 139 worksheet types, 834 generated items, failed [].",Passed,catalog_id=fraction-division-in-word-problems; strand=Word Problems and Mathematical Reasoning; grades=6|7; formats=real-world|worked-practice; generatorKind=wordProblem,src/features/worksheet/catalog.ts; src/features/worksheet/generator.ts; src/features/worksheet/item-factory.ts,GEN-079,Worksheet generators,Fraction Division in Word Problems,"As a teacher, I can select the Fraction Division in Word Problems generator for Word Problems and Mathematical Reasoning practice.","Selecting Fraction Division in Word Problems produces canonical worksheet JSON with 3-12 questions, title Fraction Division in Word Problems, supported grades 6/7, supported formats real-world/worked-practice, generator kind wordProblem, matching answer key entries, passing audit results, and checkable answers.",src/features/worksheet/catalog.ts; src/features/worksheet/generator.ts; src/features/worksheet/item-factory.ts,passed,"npm run test:generators passed: 139 worksheet types, 834 generated items, failed [].",,,"npm run test:generators passed: 139 worksheet types, 834 generated items, failed [].",catalog_id=fraction-division-in-word-problems; strand=Word Problems and Mathematical Reasoning; grades=6|7; formats=real-world|worked-practice; generatorKind=wordProblem
GEN-080,Scientific Notation Basics,"Worksheet generators: Scientific Notation Basics. Selecting Scientific Notation Basics produces canonical worksheet JSON with 3-12 questions, title Scientific Notation Basics, supported grades 8, supported formats worked-practice/quick-check, generator kind exponent, matching answer key entries, passing audit results, and checkable answers.",Worksheet generators,GEN-080,"As a teacher, I can select the Scientific Notation Basics generator for Number Sense practice.","1. Given Worksheet generator catalog entry selectable from setup panel, when the story is exercised, then Selecting Scientific Notation Basics produces canonical worksheet JSON with 3-12 questions, title Scientific Notation Basics, supported grades 8, supported formats worked-practice/quick-check, generator kind exponent, matching answer key entries, passing audit results, and checkable answers. 2. The recorded initial and regression evidence for GEN-080 is Passing or Fixed. 3. Any discovered issue for this story has severity, reproduction, root cause, fix status, and retest evidence recorded in this row.","Selecting Scientific Notation Basics produces canonical worksheet JSON with 3-12 questions, title Scientific Notation Basics, supported grades 8, supported formats worked-practice/quick-check, generator kind exponent, matching answer key entries, passing audit results, and checkable answers.",Worksheet generator catalog entry selectable from setup panel,src/features/worksheet/catalog.ts; src/features/worksheet/generator.ts; src/features/worksheet/item-factory.ts,"Supported grade/format/strand filters, answer-key correctness, deterministic item generation, validation rules and solution metadata.",Teacher via catalog selection and developer via generator verification; no auth or permission gates in scope.,"Supported grade/format/strand filters, answer-key correctness, deterministic item generation, validation rules and solution metadata.",Passing,"npm run test:generators passed: 139 worksheet types, 834 generated items, failed [].",,,,"Selecting Scientific Notation Basics produces canonical worksheet JSON with 3-12 questions, title Scientific Notation Basics, supported grades 8, supported formats worked-practice/quick-check, generator kind exponent, matching answer key entries, passing audit results, and checkable answers.",Matches expected behavior in the recorded test evidence.,,"npm run test:generators passed: 139 worksheet types, 834 generated items, failed [].; npm run test:generators passed: 139 worksheet types, 834 generated items, failed [].",No issue found,,,"npm run test:generators passed: 139 worksheet types, 834 generated items, failed [].",Passed,catalog_id=scientific-notation-basics; strand=Number Sense; grades=8; formats=worked-practice|quick-check; generatorKind=exponent,src/features/worksheet/catalog.ts; src/features/worksheet/generator.ts; src/features/worksheet/item-factory.ts,GEN-080,Worksheet generators,Scientific Notation Basics,"As a teacher, I can select the Scientific Notation Basics generator for Number Sense practice.","Selecting Scientific Notation Basics produces canonical worksheet JSON with 3-12 questions, title Scientific Notation Basics, supported grades 8, supported formats worked-practice/quick-check, generator kind exponent, matching answer key entries, passing audit results, and checkable answers.",src/features/worksheet/catalog.ts; src/features/worksheet/generator.ts; src/features/worksheet/item-factory.ts,passed,"npm run test:generators passed: 139 worksheet types, 834 generated items, failed [].",,,"npm run test:generators passed: 139 worksheet types, 834 generated items, failed [].",catalog_id=scientific-notation-basics; strand=Number Sense; grades=8; formats=worked-practice|quick-check; generatorKind=exponent
GEN-081,Laws of Exponents,"Worksheet generators: Laws of Exponents. Selecting Laws of Exponents produces canonical worksheet JSON with 3-12 questions, title Laws of Exponents, supported grades 8, supported formats worked-practice/quick-check, generator kind exponent, matching answer key entries, passing audit results, and checkable answers.",Worksheet generators,GEN-081,"As a teacher, I can select the Laws of Exponents generator for Algebra and Functions practice.","1. Given Worksheet generator catalog entry selectable from setup panel, when the story is exercised, then Selecting Laws of Exponents produces canonical worksheet JSON with 3-12 questions, title Laws of Exponents, supported grades 8, supported formats worked-practice/quick-check, generator kind exponent, matching answer key entries, passing audit results, and checkable answers. 2. The recorded initial and regression evidence for GEN-081 is Passing or Fixed. 3. Any discovered issue for this story has severity, reproduction, root cause, fix status, and retest evidence recorded in this row.","Selecting Laws of Exponents produces canonical worksheet JSON with 3-12 questions, title Laws of Exponents, supported grades 8, supported formats worked-practice/quick-check, generator kind exponent, matching answer key entries, passing audit results, and checkable answers.",Worksheet generator catalog entry selectable from setup panel,src/features/worksheet/catalog.ts; src/features/worksheet/generator.ts; src/features/worksheet/item-factory.ts,"Supported grade/format/strand filters, answer-key correctness, deterministic item generation, validation rules and solution metadata.",Teacher via catalog selection and developer via generator verification; no auth or permission gates in scope.,"Supported grade/format/strand filters, answer-key correctness, deterministic item generation, validation rules and solution metadata.",Passing,"npm run test:generators passed: 139 worksheet types, 834 generated items, failed [].",,,,"Selecting Laws of Exponents produces canonical worksheet JSON with 3-12 questions, title Laws of Exponents, supported grades 8, supported formats worked-practice/quick-check, generator kind exponent, matching answer key entries, passing audit results, and checkable answers.",Matches expected behavior in the recorded test evidence.,,"npm run test:generators passed: 139 worksheet types, 834 generated items, failed [].; npm run test:generators passed: 139 worksheet types, 834 generated items, failed [].",No issue found,,,"npm run test:generators passed: 139 worksheet types, 834 generated items, failed [].",Passed,catalog_id=laws-of-exponents; strand=Algebra and Functions; grades=8; formats=worked-practice|quick-check; generatorKind=exponent,src/features/worksheet/catalog.ts; src/features/worksheet/generator.ts; src/features/worksheet/item-factory.ts,GEN-081,Worksheet generators,Laws of Exponents,"As a teacher, I can select the Laws of Exponents generator for Algebra and Functions practice.","Selecting Laws of Exponents produces canonical worksheet JSON with 3-12 questions, title Laws of Exponents, supported grades 8, supported formats worked-practice/quick-check, generator kind exponent, matching answer key entries, passing audit results, and checkable answers.",src/features/worksheet/catalog.ts; src/features/worksheet/generator.ts; src/features/worksheet/item-factory.ts,passed,"npm run test:generators passed: 139 worksheet types, 834 generated items, failed [].",,,"npm run test:generators passed: 139 worksheet types, 834 generated items, failed [].",catalog_id=laws-of-exponents; strand=Algebra and Functions; grades=8; formats=worked-practice|quick-check; generatorKind=exponent
GEN-082,Evaluate Algebraic Expressions,"Worksheet generators: Evaluate Algebraic Expressions. Selecting Evaluate Algebraic Expressions produces canonical worksheet JSON with 3-12 questions, title Evaluate Algebraic Expressions, supported grades 6/7, supported formats worked-practice/quick-check, generator kind algebra, matching answer key entries, passing audit results, and checkable answers.",Worksheet generators,GEN-082,"As a teacher, I can select the Evaluate Algebraic Expressions generator for Algebra and Functions practice.","1. Given Worksheet generator catalog entry selectable from setup panel, when the story is exercised, then Selecting Evaluate Algebraic Expressions produces canonical worksheet JSON with 3-12 questions, title Evaluate Algebraic Expressions, supported grades 6/7, supported formats worked-practice/quick-check, generator kind algebra, matching answer key entries, passing audit results, and checkable answers. 2. The recorded initial and regression evidence for GEN-082 is Passing or Fixed. 3. Any discovered issue for this story has severity, reproduction, root cause, fix status, and retest evidence recorded in this row.","Selecting Evaluate Algebraic Expressions produces canonical worksheet JSON with 3-12 questions, title Evaluate Algebraic Expressions, supported grades 6/7, supported formats worked-practice/quick-check, generator kind algebra, matching answer key entries, passing audit results, and checkable answers.",Worksheet generator catalog entry selectable from setup panel,src/features/worksheet/catalog.ts; src/features/worksheet/generator.ts; src/features/worksheet/item-factory.ts,"Supported grade/format/strand filters, answer-key correctness, deterministic item generation, validation rules and solution metadata.",Teacher via catalog selection and developer via generator verification; no auth or permission gates in scope.,"Supported grade/format/strand filters, answer-key correctness, deterministic item generation, validation rules and solution metadata.",Passing,"npm run test:generators passed: 139 worksheet types, 834 generated items, failed [].",,,,"Selecting Evaluate Algebraic Expressions produces canonical worksheet JSON with 3-12 questions, title Evaluate Algebraic Expressions, supported grades 6/7, supported formats worked-practice/quick-check, generator kind algebra, matching answer key entries, passing audit results, and checkable answers.",Matches expected behavior in the recorded test evidence.,,"npm run test:generators passed: 139 worksheet types, 834 generated items, failed [].; npm run test:generators passed: 139 worksheet types, 834 generated items, failed [].",No issue found,,,"npm run test:generators passed: 139 worksheet types, 834 generated items, failed [].",Passed,catalog_id=evaluate-algebraic-expressions; strand=Algebra and Functions; grades=6|7; formats=worked-practice|quick-check; generatorKind=algebra,src/features/worksheet/catalog.ts; src/features/worksheet/generator.ts; src/features/worksheet/item-factory.ts,GEN-082,Worksheet generators,Evaluate Algebraic Expressions,"As a teacher, I can select the Evaluate Algebraic Expressions generator for Algebra and Functions practice.","Selecting Evaluate Algebraic Expressions produces canonical worksheet JSON with 3-12 questions, title Evaluate Algebraic Expressions, supported grades 6/7, supported formats worked-practice/quick-check, generator kind algebra, matching answer key entries, passing audit results, and checkable answers.",src/features/worksheet/catalog.ts; src/features/worksheet/generator.ts; src/features/worksheet/item-factory.ts,passed,"npm run test:generators passed: 139 worksheet types, 834 generated items, failed [].",,,"npm run test:generators passed: 139 worksheet types, 834 generated items, failed [].",catalog_id=evaluate-algebraic-expressions; strand=Algebra and Functions; grades=6|7; formats=worked-practice|quick-check; generatorKind=algebra
GEN-083,Distributive Property Practice,"Worksheet generators: Distributive Property Practice. Selecting Distributive Property Practice produces canonical worksheet JSON with 3-12 questions, title Distributive Property Practice, supported grades 6/7, supported formats worked-practice/fluency-grid, generator kind algebra, matching answer key entries, passing audit results, and checkable answers.",Worksheet generators,GEN-083,"As a teacher, I can select the Distributive Property Practice generator for Algebra and Functions practice.","1. Given Worksheet generator catalog entry selectable from setup panel, when the story is exercised, then Selecting Distributive Property Practice produces canonical worksheet JSON with 3-12 questions, title Distributive Property Practice, supported grades 6/7, supported formats worked-practice/fluency-grid, generator kind algebra, matching answer key entries, passing audit results, and checkable answers. 2. The recorded initial and regression evidence for GEN-083 is Passing or Fixed. 3. Any discovered issue for this story has severity, reproduction, root cause, fix status, and retest evidence recorded in this row.","Selecting Distributive Property Practice produces canonical worksheet JSON with 3-12 questions, title Distributive Property Practice, supported grades 6/7, supported formats worked-practice/fluency-grid, generator kind algebra, matching answer key entries, passing audit results, and checkable answers.",Worksheet generator catalog entry selectable from setup panel,src/features/worksheet/catalog.ts; src/features/worksheet/generator.ts; src/features/worksheet/item-factory.ts,"Supported grade/format/strand filters, answer-key correctness, deterministic item generation, validation rules and solution metadata.",Teacher via catalog selection and developer via generator verification; no auth or permission gates in scope.,"Supported grade/format/strand filters, answer-key correctness, deterministic item generation, validation rules and solution metadata.",Passing,"npm run test:generators passed: 139 worksheet types, 834 generated items, failed [].",,,,"Selecting Distributive Property Practice produces canonical worksheet JSON with 3-12 questions, title Distributive Property Practice, supported grades 6/7, supported formats worked-practice/fluency-grid, generator kind algebra, matching answer key entries, passing audit results, and checkable answers.",Matches expected behavior in the recorded test evidence.,,"npm run test:generators passed: 139 worksheet types, 834 generated items, failed [].; npm run test:generators passed: 139 worksheet types, 834 generated items, failed [].",No issue found,,,"npm run test:generators passed: 139 worksheet types, 834 generated items, failed [].",Passed,catalog_id=distributive-property-practice; strand=Algebra and Functions; grades=6|7; formats=worked-practice|fluency-grid; generatorKind=algebra,src/features/worksheet/catalog.ts; src/features/worksheet/generator.ts; src/features/worksheet/item-factory.ts,GEN-083,Worksheet generators,Distributive Property Practice,"As a teacher, I can select the Distributive Property Practice generator for Algebra and Functions practice.","Selecting Distributive Property Practice produces canonical worksheet JSON with 3-12 questions, title Distributive Property Practice, supported grades 6/7, supported formats worked-practice/fluency-grid, generator kind algebra, matching answer key entries, passing audit results, and checkable answers.",src/features/worksheet/catalog.ts; src/features/worksheet/generator.ts; src/features/worksheet/item-factory.ts,passed,"npm run test:generators passed: 139 worksheet types, 834 generated items, failed [].",,,"npm run test:generators passed: 139 worksheet types, 834 generated items, failed [].",catalog_id=distributive-property-practice; strand=Algebra and Functions; grades=6|7; formats=worked-practice|fluency-grid; generatorKind=algebra
GEN-084,Combine Like Terms,"Worksheet generators: Combine Like Terms. Selecting Combine Like Terms produces canonical worksheet JSON with 3-12 questions, title Combine Like Terms, supported grades 6/7/8, supported formats fluency-grid/quick-check, generator kind algebra, matching answer key entries, passing audit results, and checkable answers.",Worksheet generators,GEN-084,"As a teacher, I can select the Combine Like Terms generator for Algebra and Functions practice.","1. Given Worksheet generator catalog entry selectable from setup panel, when the story is exercised, then Selecting Combine Like Terms produces canonical worksheet JSON with 3-12 questions, title Combine Like Terms, supported grades 6/7/8, supported formats fluency-grid/quick-check, generator kind algebra, matching answer key entries, passing audit results, and checkable answers. 2. The recorded initial and regression evidence for GEN-084 is Passing or Fixed. 3. Any discovered issue for this story has severity, reproduction, root cause, fix status, and retest evidence recorded in this row.","Selecting Combine Like Terms produces canonical worksheet JSON with 3-12 questions, title Combine Like Terms, supported grades 6/7/8, supported formats fluency-grid/quick-check, generator kind algebra, matching answer key entries, passing audit results, and checkable answers.",Worksheet generator catalog entry selectable from setup panel,src/features/worksheet/catalog.ts; src/features/worksheet/generator.ts; src/features/worksheet/item-factory.ts,"Supported grade/format/strand filters, answer-key correctness, deterministic item generation, validation rules and solution metadata.",Teacher via catalog selection and developer via generator verification; no auth or permission gates in scope.,"Supported grade/format/strand filters, answer-key correctness, deterministic item generation, validation rules and solution metadata.",Passing,"npm run test:generators passed: 139 worksheet types, 834 generated items, failed [].",,,,"Selecting Combine Like Terms produces canonical worksheet JSON with 3-12 questions, title Combine Like Terms, supported grades 6/7/8, supported formats fluency-grid/quick-check, generator kind algebra, matching answer key entries, passing audit results, and checkable answers.",Matches expected behavior in the recorded test evidence.,,"npm run test:generators passed: 139 worksheet types, 834 generated items, failed [].; npm run test:generators passed: 139 worksheet types, 834 generated items, failed [].",No issue found,,,"npm run test:generators passed: 139 worksheet types, 834 generated items, failed [].",Passed,catalog_id=combine-like-terms; strand=Algebra and Functions; grades=6|7|8; formats=fluency-grid|quick-check; generatorKind=algebra,src/features/worksheet/catalog.ts; src/features/worksheet/generator.ts; src/features/worksheet/item-factory.ts,GEN-084,Worksheet generators,Combine Like Terms,"As a teacher, I can select the Combine Like Terms generator for Algebra and Functions practice.","Selecting Combine Like Terms produces canonical worksheet JSON with 3-12 questions, title Combine Like Terms, supported grades 6/7/8, supported formats fluency-grid/quick-check, generator kind algebra, matching answer key entries, passing audit results, and checkable answers.",src/features/worksheet/catalog.ts; src/features/worksheet/generator.ts; src/features/worksheet/item-factory.ts,passed,"npm run test:generators passed: 139 worksheet types, 834 generated items, failed [].",,,"npm run test:generators passed: 139 worksheet types, 834 generated items, failed [].",catalog_id=combine-like-terms; strand=Algebra and Functions; grades=6|7|8; formats=fluency-grid|quick-check; generatorKind=algebra
GEN-085,One-Step Equations,"Worksheet generators: One-Step Equations. Selecting One-Step Equations produces canonical worksheet JSON with 3-12 questions, title One-Step Equations, supported grades 6/7, supported formats worked-practice/quick-check, generator kind algebra, matching answer key entries, passing audit results, and checkable answers.",Worksheet generators,GEN-085,"As a teacher, I can select the One-Step Equations generator for Algebra and Functions practice.","1. Given Worksheet generator catalog entry selectable from setup panel, when the story is exercised, then Selecting One-Step Equations produces canonical worksheet JSON with 3-12 questions, title One-Step Equations, supported grades 6/7, supported formats worked-practice/quick-check, generator kind algebra, matching answer key entries, passing audit results, and checkable answers. 2. The recorded initial and regression evidence for GEN-085 is Passing or Fixed. 3. Any discovered issue for this story has severity, reproduction, root cause, fix status, and retest evidence recorded in this row.","Selecting One-Step Equations produces canonical worksheet JSON with 3-12 questions, title One-Step Equations, supported grades 6/7, supported formats worked-practice/quick-check, generator kind algebra, matching answer key entries, passing audit results, and checkable answers.",Worksheet generator catalog entry selectable from setup panel,src/features/worksheet/catalog.ts; src/features/worksheet/generator.ts; src/features/worksheet/item-factory.ts,"Supported grade/format/strand filters, answer-key correctness, deterministic item generation, validation rules and solution metadata.",Teacher via catalog selection and developer via generator verification; no auth or permission gates in scope.,"Supported grade/format/strand filters, answer-key correctness, deterministic item generation, validation rules and solution metadata.",Passing,"npm run test:generators passed: 139 worksheet types, 834 generated items, failed [].",,,,"Selecting One-Step Equations produces canonical worksheet JSON with 3-12 questions, title One-Step Equations, supported grades 6/7, supported formats worked-practice/quick-check, generator kind algebra, matching answer key entries, passing audit results, and checkable answers.",Matches expected behavior in the recorded test evidence.,,"npm run test:generators passed: 139 worksheet types, 834 generated items, failed [].; npm run test:generators passed: 139 worksheet types, 834 generated items, failed [].",No issue found,,,"npm run test:generators passed: 139 worksheet types, 834 generated items, failed [].",Passed,catalog_id=one-step-equations; strand=Algebra and Functions; grades=6|7; formats=worked-practice|quick-check; generatorKind=algebra,src/features/worksheet/catalog.ts; src/features/worksheet/generator.ts; src/features/worksheet/item-factory.ts,GEN-085,Worksheet generators,One-Step Equations,"As a teacher, I can select the One-Step Equations generator for Algebra and Functions practice.","Selecting One-Step Equations produces canonical worksheet JSON with 3-12 questions, title One-Step Equations, supported grades 6/7, supported formats worked-practice/quick-check, generator kind algebra, matching answer key entries, passing audit results, and checkable answers.",src/features/worksheet/catalog.ts; src/features/worksheet/generator.ts; src/features/worksheet/item-factory.ts,passed,"npm run test:generators passed: 139 worksheet types, 834 generated items, failed [].",,,"npm run test:generators passed: 139 worksheet types, 834 generated items, failed [].",catalog_id=one-step-equations; strand=Algebra and Functions; grades=6|7; formats=worked-practice|quick-check; generatorKind=algebra
GEN-086,Two-Step Equations,"Worksheet generators: Two-Step Equations. Selecting Two-Step Equations produces canonical worksheet JSON with 3-12 questions, title Two-Step Equations, supported grades 7/8, supported formats worked-practice/quick-check, generator kind algebra, matching answer key entries, passing audit results, and checkable answers.",Worksheet generators,GEN-086,"As a teacher, I can select the Two-Step Equations generator for Algebra and Functions practice.","1. Given Worksheet generator catalog entry selectable from setup panel, when the story is exercised, then Selecting Two-Step Equations produces canonical worksheet JSON with 3-12 questions, title Two-Step Equations, supported grades 7/8, supported formats worked-practice/quick-check, generator kind algebra, matching answer key entries, passing audit results, and checkable answers. 2. The recorded initial and regression evidence for GEN-086 is Passing or Fixed. 3. Any discovered issue for this story has severity, reproduction, root cause, fix status, and retest evidence recorded in this row.","Selecting Two-Step Equations produces canonical worksheet JSON with 3-12 questions, title Two-Step Equations, supported grades 7/8, supported formats worked-practice/quick-check, generator kind algebra, matching answer key entries, passing audit results, and checkable answers.",Worksheet generator catalog entry selectable from setup panel,src/features/worksheet/catalog.ts; src/features/worksheet/generator.ts; src/features/worksheet/item-factory.ts,"Supported grade/format/strand filters, answer-key correctness, deterministic item generation, validation rules and solution metadata.",Teacher via catalog selection and developer via generator verification; no auth or permission gates in scope.,"Supported grade/format/strand filters, answer-key correctness, deterministic item generation, validation rules and solution metadata.",Passing,"npm run test:generators passed: 139 worksheet types, 834 generated items, failed [].",,,,"Selecting Two-Step Equations produces canonical worksheet JSON with 3-12 questions, title Two-Step Equations, supported grades 7/8, supported formats worked-practice/quick-check, generator kind algebra, matching answer key entries, passing audit results, and checkable answers.",Matches expected behavior in the recorded test evidence.,,"npm run test:generators passed: 139 worksheet types, 834 generated items, failed [].; npm run test:generators passed: 139 worksheet types, 834 generated items, failed [].",No issue found,,,"npm run test:generators passed: 139 worksheet types, 834 generated items, failed [].",Passed,catalog_id=two-step-equations; strand=Algebra and Functions; grades=7|8; formats=worked-practice|quick-check; generatorKind=algebra,src/features/worksheet/catalog.ts; src/features/worksheet/generator.ts; src/features/worksheet/item-factory.ts,GEN-086,Worksheet generators,Two-Step Equations,"As a teacher, I can select the Two-Step Equations generator for Algebra and Functions practice.","Selecting Two-Step Equations produces canonical worksheet JSON with 3-12 questions, title Two-Step Equations, supported grades 7/8, supported formats worked-practice/quick-check, generator kind algebra, matching answer key entries, passing audit results, and checkable answers.",src/features/worksheet/catalog.ts; src/features/worksheet/generator.ts; src/features/worksheet/item-factory.ts,passed,"npm run test:generators passed: 139 worksheet types, 834 generated items, failed [].",,,"npm run test:generators passed: 139 worksheet types, 834 generated items, failed [].",catalog_id=two-step-equations; strand=Algebra and Functions; grades=7|8; formats=worked-practice|quick-check; generatorKind=algebra
GEN-087,Inequalities on Number Lines,"Worksheet generators: Inequalities on Number Lines. Selecting Inequalities on Number Lines produces canonical worksheet JSON with 3-12 questions, title Inequalities on Number Lines, supported grades 6/7, supported formats visual-model/quick-check, generator kind algebra, matching answer key entries, passing audit results, and checkable answers.",Worksheet generators,GEN-087,"As a teacher, I can select the Inequalities on Number Lines generator for Algebra and Functions practice.","1. Given Worksheet generator catalog entry selectable from setup panel, when the story is exercised, then Selecting Inequalities on Number Lines produces canonical worksheet JSON with 3-12 questions, title Inequalities on Number Lines, supported grades 6/7, supported formats visual-model/quick-check, generator kind algebra, matching answer key entries, passing audit results, and checkable answers. 2. The recorded initial and regression evidence for GEN-087 is Passing or Fixed. 3. Any discovered issue for this story has severity, reproduction, root cause, fix status, and retest evidence recorded in this row.","Selecting Inequalities on Number Lines produces canonical worksheet JSON with 3-12 questions, title Inequalities on Number Lines, supported grades 6/7, supported formats visual-model/quick-check, generator kind algebra, matching answer key entries, passing audit results, and checkable answers.",Worksheet generator catalog entry selectable from setup panel,src/features/worksheet/catalog.ts; src/features/worksheet/generator.ts; src/features/worksheet/item-factory.ts,"Supported grade/format/strand filters, answer-key correctness, deterministic item generation, validation rules and solution metadata.",Teacher via catalog selection and developer via generator verification; no auth or permission gates in scope.,"Supported grade/format/strand filters, answer-key correctness, deterministic item generation, validation rules and solution metadata.",Passing,"npm run test:generators passed: 139 worksheet types, 834 generated items, failed [].",,,,"Selecting Inequalities on Number Lines produces canonical worksheet JSON with 3-12 questions, title Inequalities on Number Lines, supported grades 6/7, supported formats visual-model/quick-check, generator kind algebra, matching answer key entries, passing audit results, and checkable answers.",Matches expected behavior in the recorded test evidence.,,"npm run test:generators passed: 139 worksheet types, 834 generated items, failed [].; npm run test:generators passed: 139 worksheet types, 834 generated items, failed [].",No issue found,,,"npm run test:generators passed: 139 worksheet types, 834 generated items, failed [].",Passed,catalog_id=inequalities-on-number-lines; strand=Algebra and Functions; grades=6|7; formats=visual-model|quick-check; generatorKind=algebra,src/features/worksheet/catalog.ts; src/features/worksheet/generator.ts; src/features/worksheet/item-factory.ts,GEN-087,Worksheet generators,Inequalities on Number Lines,"As a teacher, I can select the Inequalities on Number Lines generator for Algebra and Functions practice.","Selecting Inequalities on Number Lines produces canonical worksheet JSON with 3-12 questions, title Inequalities on Number Lines, supported grades 6/7, supported formats visual-model/quick-check, generator kind algebra, matching answer key entries, passing audit results, and checkable answers.",src/features/worksheet/catalog.ts; src/features/worksheet/generator.ts; src/features/worksheet/item-factory.ts,passed,"npm run test:generators passed: 139 worksheet types, 834 generated items, failed [].",,,"npm run test:generators passed: 139 worksheet types, 834 generated items, failed [].",catalog_id=inequalities-on-number-lines; strand=Algebra and Functions; grades=6|7; formats=visual-model|quick-check; generatorKind=algebra
GEN-088,Slope from Tables and Graphs,"Worksheet generators: Slope from Tables and Graphs. Selecting Slope from Tables and Graphs produces canonical worksheet JSON with 3-12 questions, title Slope from Tables and Graphs, supported grades 8, supported formats graph-data/worked-practice, generator kind coordinate, matching answer key entries, passing audit results, and checkable answers.",Worksheet generators,GEN-088,"As a teacher, I can select the Slope from Tables and Graphs generator for Algebra and Functions practice.","1. Given Worksheet generator catalog entry selectable from setup panel, when the story is exercised, then Selecting Slope from Tables and Graphs produces canonical worksheet JSON with 3-12 questions, title Slope from Tables and Graphs, supported grades 8, supported formats graph-data/worked-practice, generator kind coordinate, matching answer key entries, passing audit results, and checkable answers. 2. The recorded initial and regression evidence for GEN-088 is Passing or Fixed. 3. Any discovered issue for this story has severity, reproduction, root cause, fix status, and retest evidence recorded in this row.","Selecting Slope from Tables and Graphs produces canonical worksheet JSON with 3-12 questions, title Slope from Tables and Graphs, supported grades 8, supported formats graph-data/worked-practice, generator kind coordinate, matching answer key entries, passing audit results, and checkable answers.",Worksheet generator catalog entry selectable from setup panel,src/features/worksheet/catalog.ts; src/features/worksheet/generator.ts; src/features/worksheet/item-factory.ts,"Supported grade/format/strand filters, answer-key correctness, deterministic item generation, validation rules and solution metadata.",Teacher via catalog selection and developer via generator verification; no auth or permission gates in scope.,"Supported grade/format/strand filters, answer-key correctness, deterministic item generation, validation rules and solution metadata.",Passing,"npm run test:generators passed: 139 worksheet types, 834 generated items, failed [].",,,,"Selecting Slope from Tables and Graphs produces canonical worksheet JSON with 3-12 questions, title Slope from Tables and Graphs, supported grades 8, supported formats graph-data/worked-practice, generator kind coordinate, matching answer key entries, passing audit results, and checkable answers.",Matches expected behavior in the recorded test evidence.,,"npm run test:generators passed: 139 worksheet types, 834 generated items, failed [].; npm run test:generators passed: 139 worksheet types, 834 generated items, failed [].",No issue found,,,"npm run test:generators passed: 139 worksheet types, 834 generated items, failed [].",Passed,catalog_id=slope-from-tables-and-graphs; strand=Algebra and Functions; grades=8; formats=graph-data|worked-practice; generatorKind=coordinate,src/features/worksheet/catalog.ts; src/features/worksheet/generator.ts; src/features/worksheet/item-factory.ts,GEN-088,Worksheet generators,Slope from Tables and Graphs,"As a teacher, I can select the Slope from Tables and Graphs generator for Algebra and Functions practice.","Selecting Slope from Tables and Graphs produces canonical worksheet JSON with 3-12 questions, title Slope from Tables and Graphs, supported grades 8, supported formats graph-data/worked-practice, generator kind coordinate, matching answer key entries, passing audit results, and checkable answers.",src/features/worksheet/catalog.ts; src/features/worksheet/generator.ts; src/features/worksheet/item-factory.ts,passed,"npm run test:generators passed: 139 worksheet types, 834 generated items, failed [].",,,"npm run test:generators passed: 139 worksheet types, 834 generated items, failed [].",catalog_id=slope-from-tables-and-graphs; strand=Algebra and Functions; grades=8; formats=graph-data|worked-practice; generatorKind=coordinate
GEN-089,Linear Equations from Graphs,"Worksheet generators: Linear Equations from Graphs. Selecting Linear Equations from Graphs produces canonical worksheet JSON with 3-12 questions, title Linear Equations from Graphs, supported grades 8, supported formats graph-data/worked-practice, generator kind coordinate, matching answer key entries, passing audit results, and checkable answers.",Worksheet generators,GEN-089,"As a teacher, I can select the Linear Equations from Graphs generator for Algebra and Functions practice.","1. Given Worksheet generator catalog entry selectable from setup panel, when the story is exercised, then Selecting Linear Equations from Graphs produces canonical worksheet JSON with 3-12 questions, title Linear Equations from Graphs, supported grades 8, supported formats graph-data/worked-practice, generator kind coordinate, matching answer key entries, passing audit results, and checkable answers. 2. The recorded initial and regression evidence for GEN-089 is Passing or Fixed. 3. Any discovered issue for this story has severity, reproduction, root cause, fix status, and retest evidence recorded in this row.","Selecting Linear Equations from Graphs produces canonical worksheet JSON with 3-12 questions, title Linear Equations from Graphs, supported grades 8, supported formats graph-data/worked-practice, generator kind coordinate, matching answer key entries, passing audit results, and checkable answers.",Worksheet generator catalog entry selectable from setup panel,src/features/worksheet/catalog.ts; src/features/worksheet/generator.ts; src/features/worksheet/item-factory.ts,"Supported grade/format/strand filters, answer-key correctness, deterministic item generation, validation rules and solution metadata.",Teacher via catalog selection and developer via generator verification; no auth or permission gates in scope.,"Supported grade/format/strand filters, answer-key correctness, deterministic item generation, validation rules and solution metadata.",Passing,"npm run test:generators passed: 139 worksheet types, 834 generated items, failed [].",,,,"Selecting Linear Equations from Graphs produces canonical worksheet JSON with 3-12 questions, title Linear Equations from Graphs, supported grades 8, supported formats graph-data/worked-practice, generator kind coordinate, matching answer key entries, passing audit results, and checkable answers.",Matches expected behavior in the recorded test evidence.,,"npm run test:generators passed: 139 worksheet types, 834 generated items, failed [].; npm run test:generators passed: 139 worksheet types, 834 generated items, failed [].",No issue found,,,"npm run test:generators passed: 139 worksheet types, 834 generated items, failed [].",Passed,catalog_id=linear-equations-from-graphs; strand=Algebra and Functions; grades=8; formats=graph-data|worked-practice; generatorKind=coordinate,src/features/worksheet/catalog.ts; src/features/worksheet/generator.ts; src/features/worksheet/item-factory.ts,GEN-089,Worksheet generators,Linear Equations from Graphs,"As a teacher, I can select the Linear Equations from Graphs generator for Algebra and Functions practice.","Selecting Linear Equations from Graphs produces canonical worksheet JSON with 3-12 questions, title Linear Equations from Graphs, supported grades 8, supported formats graph-data/worked-practice, generator kind coordinate, matching answer key entries, passing audit results, and checkable answers.",src/features/worksheet/catalog.ts; src/features/worksheet/generator.ts; src/features/worksheet/item-factory.ts,passed,"npm run test:generators passed: 139 worksheet types, 834 generated items, failed [].",,,"npm run test:generators passed: 139 worksheet types, 834 generated items, failed [].",catalog_id=linear-equations-from-graphs; strand=Algebra and Functions; grades=8; formats=graph-data|worked-practice; generatorKind=coordinate
GEN-090,Systems by Inspection,"Worksheet generators: Systems by Inspection. Selecting Systems by Inspection produces canonical worksheet JSON with 3-12 questions, title Systems by Inspection, supported grades 8, supported formats graph-data/quick-check, generator kind coordinate, matching answer key entries, passing audit results, and checkable answers.",Worksheet generators,GEN-090,"As a teacher, I can select the Systems by Inspection generator for Algebra and Functions practice.","1. Given Worksheet generator catalog entry selectable from setup panel, when the story is exercised, then Selecting Systems by Inspection produces canonical worksheet JSON with 3-12 questions, title Systems by Inspection, supported grades 8, supported formats graph-data/quick-check, generator kind coordinate, matching answer key entries, passing audit results, and checkable answers. 2. The recorded initial and regression evidence for GEN-090 is Passing or Fixed. 3. Any discovered issue for this story has severity, reproduction, root cause, fix status, and retest evidence recorded in this row.","Selecting Systems by Inspection produces canonical worksheet JSON with 3-12 questions, title Systems by Inspection, supported grades 8, supported formats graph-data/quick-check, generator kind coordinate, matching answer key entries, passing audit results, and checkable answers.",Worksheet generator catalog entry selectable from setup panel,src/features/worksheet/catalog.ts; src/features/worksheet/generator.ts; src/features/worksheet/item-factory.ts,"Supported grade/format/strand filters, answer-key correctness, deterministic item generation, validation rules and solution metadata.",Teacher via catalog selection and developer via generator verification; no auth or permission gates in scope.,"Supported grade/format/strand filters, answer-key correctness, deterministic item generation, validation rules and solution metadata.",Passing,"npm run test:generators passed: 139 worksheet types, 834 generated items, failed [].",,,,"Selecting Systems by Inspection produces canonical worksheet JSON with 3-12 questions, title Systems by Inspection, supported grades 8, supported formats graph-data/quick-check, generator kind coordinate, matching answer key entries, passing audit results, and checkable answers.",Matches expected behavior in the recorded test evidence.,,"npm run test:generators passed: 139 worksheet types, 834 generated items, failed [].; npm run test:generators passed: 139 worksheet types, 834 generated items, failed [].",No issue found,,,"npm run test:generators passed: 139 worksheet types, 834 generated items, failed [].",Passed,catalog_id=systems-by-inspection; strand=Algebra and Functions; grades=8; formats=graph-data|quick-check; generatorKind=coordinate,src/features/worksheet/catalog.ts; src/features/worksheet/generator.ts; src/features/worksheet/item-factory.ts,GEN-090,Worksheet generators,Systems by Inspection,"As a teacher, I can select the Systems by Inspection generator for Algebra and Functions practice.","Selecting Systems by Inspection produces canonical worksheet JSON with 3-12 questions, title Systems by Inspection, supported grades 8, supported formats graph-data/quick-check, generator kind coordinate, matching answer key entries, passing audit results, and checkable answers.",src/features/worksheet/catalog.ts; src/features/worksheet/generator.ts; src/features/worksheet/item-factory.ts,passed,"npm run test:generators passed: 139 worksheet types, 834 generated items, failed [].",,,"npm run test:generators passed: 139 worksheet types, 834 generated items, failed [].",catalog_id=systems-by-inspection; strand=Algebra and Functions; grades=8; formats=graph-data|quick-check; generatorKind=coordinate
GEN-091,Angle Relationships,"Worksheet generators: Angle Relationships. Selecting Angle Relationships produces canonical worksheet JSON with 3-12 questions, title Angle Relationships, supported grades 7/8, supported formats visual-model/worked-practice, generator kind geometry, matching answer key entries, passing audit results, and checkable answers.",Worksheet generators,GEN-091,"As a teacher, I can select the Angle Relationships generator for Geometry and Spatial Reasoning practice.","1. Given Worksheet generator catalog entry selectable from setup panel, when the story is exercised, then Selecting Angle Relationships produces canonical worksheet JSON with 3-12 questions, title Angle Relationships, supported grades 7/8, supported formats visual-model/worked-practice, generator kind geometry, matching answer key entries, passing audit results, and checkable answers. 2. The recorded initial and regression evidence for GEN-091 is Passing or Fixed. 3. Any discovered issue for this story has severity, reproduction, root cause, fix status, and retest evidence recorded in this row.","Selecting Angle Relationships produces canonical worksheet JSON with 3-12 questions, title Angle Relationships, supported grades 7/8, supported formats visual-model/worked-practice, generator kind geometry, matching answer key entries, passing audit results, and checkable answers.",Worksheet generator catalog entry selectable from setup panel,src/features/worksheet/catalog.ts; src/features/worksheet/generator.ts; src/features/worksheet/item-factory.ts,"Supported grade/format/strand filters, answer-key correctness, deterministic item generation, validation rules and solution metadata.",Teacher via catalog selection and developer via generator verification; no auth or permission gates in scope.,"Supported grade/format/strand filters, answer-key correctness, deterministic item generation, validation rules and solution metadata.",Passing,"npm run test:generators passed: 139 worksheet types, 834 generated items, failed [].",,,,"Selecting Angle Relationships produces canonical worksheet JSON with 3-12 questions, title Angle Relationships, supported grades 7/8, supported formats visual-model/worked-practice, generator kind geometry, matching answer key entries, passing audit results, and checkable answers.",Matches expected behavior in the recorded test evidence.,,"npm run test:generators passed: 139 worksheet types, 834 generated items, failed [].; npm run test:generators passed: 139 worksheet types, 834 generated items, failed [].",No issue found,,,"npm run test:generators passed: 139 worksheet types, 834 generated items, failed [].",Passed,catalog_id=angle-relationships; strand=Geometry and Spatial Reasoning; grades=7|8; formats=visual-model|worked-practice; generatorKind=geometry,src/features/worksheet/catalog.ts; src/features/worksheet/generator.ts; src/features/worksheet/item-factory.ts,GEN-091,Worksheet generators,Angle Relationships,"As a teacher, I can select the Angle Relationships generator for Geometry and Spatial Reasoning practice.","Selecting Angle Relationships produces canonical worksheet JSON with 3-12 questions, title Angle Relationships, supported grades 7/8, supported formats visual-model/worked-practice, generator kind geometry, matching answer key entries, passing audit results, and checkable answers.",src/features/worksheet/catalog.ts; src/features/worksheet/generator.ts; src/features/worksheet/item-factory.ts,passed,"npm run test:generators passed: 139 worksheet types, 834 generated items, failed [].",,,"npm run test:generators passed: 139 worksheet types, 834 generated items, failed [].",catalog_id=angle-relationships; strand=Geometry and Spatial Reasoning; grades=7|8; formats=visual-model|worked-practice; generatorKind=geometry
GEN-092,Triangle Angle Sum,"Worksheet generators: Triangle Angle Sum. Selecting Triangle Angle Sum produces canonical worksheet JSON with 3-12 questions, title Triangle Angle Sum, supported grades 6/7/8, supported formats visual-model/quick-check, generator kind geometry, matching answer key entries, passing audit results, and checkable answers.",Worksheet generators,GEN-092,"As a teacher, I can select the Triangle Angle Sum generator for Geometry and Spatial Reasoning practice.","1. Given Worksheet generator catalog entry selectable from setup panel, when the story is exercised, then Selecting Triangle Angle Sum produces canonical worksheet JSON with 3-12 questions, title Triangle Angle Sum, supported grades 6/7/8, supported formats visual-model/quick-check, generator kind geometry, matching answer key entries, passing audit results, and checkable answers. 2. The recorded initial and regression evidence for GEN-092 is Passing or Fixed. 3. Any discovered issue for this story has severity, reproduction, root cause, fix status, and retest evidence recorded in this row.","Selecting Triangle Angle Sum produces canonical worksheet JSON with 3-12 questions, title Triangle Angle Sum, supported grades 6/7/8, supported formats visual-model/quick-check, generator kind geometry, matching answer key entries, passing audit results, and checkable answers.",Worksheet generator catalog entry selectable from setup panel,src/features/worksheet/catalog.ts; src/features/worksheet/generator.ts; src/features/worksheet/item-factory.ts,"Supported grade/format/strand filters, answer-key correctness, deterministic item generation, validation rules and solution metadata.",Teacher via catalog selection and developer via generator verification; no auth or permission gates in scope.,"Supported grade/format/strand filters, answer-key correctness, deterministic item generation, validation rules and solution metadata.",Passing,"npm run test:generators passed: 139 worksheet types, 834 generated items, failed [].",,,,"Selecting Triangle Angle Sum produces canonical worksheet JSON with 3-12 questions, title Triangle Angle Sum, supported grades 6/7/8, supported formats visual-model/quick-check, generator kind geometry, matching answer key entries, passing audit results, and checkable answers.",Matches expected behavior in the recorded test evidence.,,"npm run test:generators passed: 139 worksheet types, 834 generated items, failed [].; npm run test:generators passed: 139 worksheet types, 834 generated items, failed [].",No issue found,,,"npm run test:generators passed: 139 worksheet types, 834 generated items, failed [].",Passed,catalog_id=triangle-angle-sum; strand=Geometry and Spatial Reasoning; grades=6|7|8; formats=visual-model|quick-check; generatorKind=geometry,src/features/worksheet/catalog.ts; src/features/worksheet/generator.ts; src/features/worksheet/item-factory.ts,GEN-092,Worksheet generators,Triangle Angle Sum,"As a teacher, I can select the Triangle Angle Sum generator for Geometry and Spatial Reasoning practice.","Selecting Triangle Angle Sum produces canonical worksheet JSON with 3-12 questions, title Triangle Angle Sum, supported grades 6/7/8, supported formats visual-model/quick-check, generator kind geometry, matching answer key entries, passing audit results, and checkable answers.",src/features/worksheet/catalog.ts; src/features/worksheet/generator.ts; src/features/worksheet/item-factory.ts,passed,"npm run test:generators passed: 139 worksheet types, 834 generated items, failed [].",,,"npm run test:generators passed: 139 worksheet types, 834 generated items, failed [].",catalog_id=triangle-angle-sum; strand=Geometry and Spatial Reasoning; grades=6|7|8; formats=visual-model|quick-check; generatorKind=geometry
GEN-093,Area of Composite Figures,"Worksheet generators: Area of Composite Figures. Selecting Area of Composite Figures produces canonical worksheet JSON with 3-12 questions, title Area of Composite Figures, supported grades 6/7, supported formats visual-model/worked-practice, generator kind area, matching answer key entries, passing audit results, and checkable answers.",Worksheet generators,GEN-093,"As a teacher, I can select the Area of Composite Figures generator for Measurement practice.","1. Given Worksheet generator catalog entry selectable from setup panel, when the story is exercised, then Selecting Area of Composite Figures produces canonical worksheet JSON with 3-12 questions, title Area of Composite Figures, supported grades 6/7, supported formats visual-model/worked-practice, generator kind area, matching answer key entries, passing audit results, and checkable answers. 2. The recorded initial and regression evidence for GEN-093 is Passing or Fixed. 3. Any discovered issue for this story has severity, reproduction, root cause, fix status, and retest evidence recorded in this row.","Selecting Area of Composite Figures produces canonical worksheet JSON with 3-12 questions, title Area of Composite Figures, supported grades 6/7, supported formats visual-model/worked-practice, generator kind area, matching answer key entries, passing audit results, and checkable answers.",Worksheet generator catalog entry selectable from setup panel,src/features/worksheet/catalog.ts; src/features/worksheet/generator.ts; src/features/worksheet/item-factory.ts,"Supported grade/format/strand filters, answer-key correctness, deterministic item generation, validation rules and solution metadata.",Teacher via catalog selection and developer via generator verification; no auth or permission gates in scope.,"Supported grade/format/strand filters, answer-key correctness, deterministic item generation, validation rules and solution metadata.",Passing,"npm run test:generators passed: 139 worksheet types, 834 generated items, failed [].",,,,"Selecting Area of Composite Figures produces canonical worksheet JSON with 3-12 questions, title Area of Composite Figures, supported grades 6/7, supported formats visual-model/worked-practice, generator kind area, matching answer key entries, passing audit results, and checkable answers.",Matches expected behavior in the recorded test evidence.,,"npm run test:generators passed: 139 worksheet types, 834 generated items, failed [].; npm run test:generators passed: 139 worksheet types, 834 generated items, failed [].",No issue found,,,"npm run test:generators passed: 139 worksheet types, 834 generated items, failed [].",Passed,catalog_id=area-of-composite-figures; strand=Measurement; grades=6|7; formats=visual-model|worked-practice; generatorKind=area,src/features/worksheet/catalog.ts; src/features/worksheet/generator.ts; src/features/worksheet/item-factory.ts,GEN-093,Worksheet generators,Area of Composite Figures,"As a teacher, I can select the Area of Composite Figures generator for Measurement practice.","Selecting Area of Composite Figures produces canonical worksheet JSON with 3-12 questions, title Area of Composite Figures, supported grades 6/7, supported formats visual-model/worked-practice, generator kind area, matching answer key entries, passing audit results, and checkable answers.",src/features/worksheet/catalog.ts; src/features/worksheet/generator.ts; src/features/worksheet/item-factory.ts,passed,"npm run test:generators passed: 139 worksheet types, 834 generated items, failed [].",,,"npm run test:generators passed: 139 worksheet types, 834 generated items, failed [].",catalog_id=area-of-composite-figures; strand=Measurement; grades=6|7; formats=visual-model|worked-practice; generatorKind=area
GEN-094,Surface Area of Prisms,"Worksheet generators: Surface Area of Prisms. Selecting Surface Area of Prisms produces canonical worksheet JSON with 3-12 questions, title Surface Area of Prisms, supported grades 6/7, supported formats visual-model/worked-practice, generator kind measurement, matching answer key entries, passing audit results, and checkable answers.",Worksheet generators,GEN-094,"As a teacher, I can select the Surface Area of Prisms generator for Measurement practice.","1. Given Worksheet generator catalog entry selectable from setup panel, when the story is exercised, then Selecting Surface Area of Prisms produces canonical worksheet JSON with 3-12 questions, title Surface Area of Prisms, supported grades 6/7, supported formats visual-model/worked-practice, generator kind measurement, matching answer key entries, passing audit results, and checkable answers. 2. The recorded initial and regression evidence for GEN-094 is Passing or Fixed. 3. Any discovered issue for this story has severity, reproduction, root cause, fix status, and retest evidence recorded in this row.","Selecting Surface Area of Prisms produces canonical worksheet JSON with 3-12 questions, title Surface Area of Prisms, supported grades 6/7, supported formats visual-model/worked-practice, generator kind measurement, matching answer key entries, passing audit results, and checkable answers.",Worksheet generator catalog entry selectable from setup panel,src/features/worksheet/catalog.ts; src/features/worksheet/generator.ts; src/features/worksheet/item-factory.ts,"Supported grade/format/strand filters, answer-key correctness, deterministic item generation, validation rules and solution metadata.",Teacher via catalog selection and developer via generator verification; no auth or permission gates in scope.,"Supported grade/format/strand filters, answer-key correctness, deterministic item generation, validation rules and solution metadata.",Passing,"npm run test:generators passed: 139 worksheet types, 834 generated items, failed [].",,,,"Selecting Surface Area of Prisms produces canonical worksheet JSON with 3-12 questions, title Surface Area of Prisms, supported grades 6/7, supported formats visual-model/worked-practice, generator kind measurement, matching answer key entries, passing audit results, and checkable answers.",Matches expected behavior in the recorded test evidence.,,"npm run test:generators passed: 139 worksheet types, 834 generated items, failed [].; npm run test:generators passed: 139 worksheet types, 834 generated items, failed [].",No issue found,,,"npm run test:generators passed: 139 worksheet types, 834 generated items, failed [].",Passed,catalog_id=surface-area-of-prisms; strand=Measurement; grades=6|7; formats=visual-model|worked-practice; generatorKind=measurement,src/features/worksheet/catalog.ts; src/features/worksheet/generator.ts; src/features/worksheet/item-factory.ts,GEN-094,Worksheet generators,Surface Area of Prisms,"As a teacher, I can select the Surface Area of Prisms generator for Measurement practice.","Selecting Surface Area of Prisms produces canonical worksheet JSON with 3-12 questions, title Surface Area of Prisms, supported grades 6/7, supported formats visual-model/worked-practice, generator kind measurement, matching answer key entries, passing audit results, and checkable answers.",src/features/worksheet/catalog.ts; src/features/worksheet/generator.ts; src/features/worksheet/item-factory.ts,passed,"npm run test:generators passed: 139 worksheet types, 834 generated items, failed [].",,,"npm run test:generators passed: 139 worksheet types, 834 generated items, failed [].",catalog_id=surface-area-of-prisms; strand=Measurement; grades=6|7; formats=visual-model|worked-practice; generatorKind=measurement
GEN-095,Volume of Cylinders and Prisms,"Worksheet generators: Volume of Cylinders and Prisms. Selecting Volume of Cylinders and Prisms produces canonical worksheet JSON with 3-12 questions, title Volume of Cylinders and Prisms, supported grades 7/8, supported formats worked-practice/real-world, generator kind measurement, matching answer key entries, passing audit results, and checkable answers.",Worksheet generators,GEN-095,"As a teacher, I can select the Volume of Cylinders and Prisms generator for Measurement practice.","1. Given Worksheet generator catalog entry selectable from setup panel, when the story is exercised, then Selecting Volume of Cylinders and Prisms produces canonical worksheet JSON with 3-12 questions, title Volume of Cylinders and Prisms, supported grades 7/8, supported formats worked-practice/real-world, generator kind measurement, matching answer key entries, passing audit results, and checkable answers. 2. The recorded initial and regression evidence for GEN-095 is Passing or Fixed. 3. Any discovered issue for this story has severity, reproduction, root cause, fix status, and retest evidence recorded in this row.","Selecting Volume of Cylinders and Prisms produces canonical worksheet JSON with 3-12 questions, title Volume of Cylinders and Prisms, supported grades 7/8, supported formats worked-practice/real-world, generator kind measurement, matching answer key entries, passing audit results, and checkable answers.",Worksheet generator catalog entry selectable from setup panel,src/features/worksheet/catalog.ts; src/features/worksheet/generator.ts; src/features/worksheet/item-factory.ts,"Supported grade/format/strand filters, answer-key correctness, deterministic item generation, validation rules and solution metadata.",Teacher via catalog selection and developer via generator verification; no auth or permission gates in scope.,"Supported grade/format/strand filters, answer-key correctness, deterministic item generation, validation rules and solution metadata.",Passing,"npm run test:generators passed: 139 worksheet types, 834 generated items, failed [].",,,,"Selecting Volume of Cylinders and Prisms produces canonical worksheet JSON with 3-12 questions, title Volume of Cylinders and Prisms, supported grades 7/8, supported formats worked-practice/real-world, generator kind measurement, matching answer key entries, passing audit results, and checkable answers.",Matches expected behavior in the recorded test evidence.,,"npm run test:generators passed: 139 worksheet types, 834 generated items, failed [].; npm run test:generators passed: 139 worksheet types, 834 generated items, failed [].",No issue found,,,"npm run test:generators passed: 139 worksheet types, 834 generated items, failed [].",Passed,catalog_id=volume-of-cylinders-and-prisms; strand=Measurement; grades=7|8; formats=worked-practice|real-world; generatorKind=measurement,src/features/worksheet/catalog.ts; src/features/worksheet/generator.ts; src/features/worksheet/item-factory.ts,GEN-095,Worksheet generators,Volume of Cylinders and Prisms,"As a teacher, I can select the Volume of Cylinders and Prisms generator for Measurement practice.","Selecting Volume of Cylinders and Prisms produces canonical worksheet JSON with 3-12 questions, title Volume of Cylinders and Prisms, supported grades 7/8, supported formats worked-practice/real-world, generator kind measurement, matching answer key entries, passing audit results, and checkable answers.",src/features/worksheet/catalog.ts; src/features/worksheet/generator.ts; src/features/worksheet/item-factory.ts,passed,"npm run test:generators passed: 139 worksheet types, 834 generated items, failed [].",,,"npm run test:generators passed: 139 worksheet types, 834 generated items, failed [].",catalog_id=volume-of-cylinders-and-prisms; strand=Measurement; grades=7|8; formats=worked-practice|real-world; generatorKind=measurement
GEN-096,Transformations on the Coordinate Plane,"Worksheet generators: Transformations on the Coordinate Plane. Selecting Transformations on the Coordinate Plane produces canonical worksheet JSON with 3-12 questions, title Transformations on the Coordinate Plane, supported grades 8, supported formats graph-data/visual-model, generator kind coordinate, matching answer key entries, passing audit results, and checkable answers.",Worksheet generators,GEN-096,"As a teacher, I can select the Transformations on the Coordinate Plane generator for Geometry and Spatial Reasoning practice.","1. Given Worksheet generator catalog entry selectable from setup panel, when the story is exercised, then Selecting Transformations on the Coordinate Plane produces canonical worksheet JSON with 3-12 questions, title Transformations on the Coordinate Plane, supported grades 8, supported formats graph-data/visual-model, generator kind coordinate, matching answer key entries, passing audit results, and checkable answers. 2. The recorded initial and regression evidence for GEN-096 is Passing or Fixed. 3. Any discovered issue for this story has severity, reproduction, root cause, fix status, and retest evidence recorded in this row.","Selecting Transformations on the Coordinate Plane produces canonical worksheet JSON with 3-12 questions, title Transformations on the Coordinate Plane, supported grades 8, supported formats graph-data/visual-model, generator kind coordinate, matching answer key entries, passing audit results, and checkable answers.",Worksheet generator catalog entry selectable from setup panel,src/features/worksheet/catalog.ts; src/features/worksheet/generator.ts; src/features/worksheet/item-factory.ts,"Supported grade/format/strand filters, answer-key correctness, deterministic item generation, validation rules and solution metadata.",Teacher via catalog selection and developer via generator verification; no auth or permission gates in scope.,"Supported grade/format/strand filters, answer-key correctness, deterministic item generation, validation rules and solution metadata.",Passing,"npm run test:generators passed: 139 worksheet types, 834 generated items, failed [].",,,,"Selecting Transformations on the Coordinate Plane produces canonical worksheet JSON with 3-12 questions, title Transformations on the Coordinate Plane, supported grades 8, supported formats graph-data/visual-model, generator kind coordinate, matching answer key entries, passing audit results, and checkable answers.",Matches expected behavior in the recorded test evidence.,,"npm run test:generators passed: 139 worksheet types, 834 generated items, failed [].; npm run test:generators passed: 139 worksheet types, 834 generated items, failed [].",No issue found,,,"npm run test:generators passed: 139 worksheet types, 834 generated items, failed [].",Passed,catalog_id=transformations-on-the-coordinate-plane; strand=Geometry and Spatial Reasoning; grades=8; formats=graph-data|visual-model; generatorKind=coordinate,src/features/worksheet/catalog.ts; src/features/worksheet/generator.ts; src/features/worksheet/item-factory.ts,GEN-096,Worksheet generators,Transformations on the Coordinate Plane,"As a teacher, I can select the Transformations on the Coordinate Plane generator for Geometry and Spatial Reasoning practice.","Selecting Transformations on the Coordinate Plane produces canonical worksheet JSON with 3-12 questions, title Transformations on the Coordinate Plane, supported grades 8, supported formats graph-data/visual-model, generator kind coordinate, matching answer key entries, passing audit results, and checkable answers.",src/features/worksheet/catalog.ts; src/features/worksheet/generator.ts; src/features/worksheet/item-factory.ts,passed,"npm run test:generators passed: 139 worksheet types, 834 generated items, failed [].",,,"npm run test:generators passed: 139 worksheet types, 834 generated items, failed [].",catalog_id=transformations-on-the-coordinate-plane; strand=Geometry and Spatial Reasoning; grades=8; formats=graph-data|visual-model; generatorKind=coordinate
GEN-097,Similar Figures and Scale Factor,"Worksheet generators: Similar Figures and Scale Factor. Selecting Similar Figures and Scale Factor produces canonical worksheet JSON with 3-12 questions, title Similar Figures and Scale Factor, supported grades 7/8, supported formats visual-model/worked-practice, generator kind geometry, matching answer key entries, passing audit results, and checkable answers.",Worksheet generators,GEN-097,"As a teacher, I can select the Similar Figures and Scale Factor generator for Geometry and Spatial Reasoning practice.","1. Given Worksheet generator catalog entry selectable from setup panel, when the story is exercised, then Selecting Similar Figures and Scale Factor produces canonical worksheet JSON with 3-12 questions, title Similar Figures and Scale Factor, supported grades 7/8, supported formats visual-model/worked-practice, generator kind geometry, matching answer key entries, passing audit results, and checkable answers. 2. The recorded initial and regression evidence for GEN-097 is Passing or Fixed. 3. Any discovered issue for this story has severity, reproduction, root cause, fix status, and retest evidence recorded in this row.","Selecting Similar Figures and Scale Factor produces canonical worksheet JSON with 3-12 questions, title Similar Figures and Scale Factor, supported grades 7/8, supported formats visual-model/worked-practice, generator kind geometry, matching answer key entries, passing audit results, and checkable answers.",Worksheet generator catalog entry selectable from setup panel,src/features/worksheet/catalog.ts; src/features/worksheet/generator.ts; src/features/worksheet/item-factory.ts,"Supported grade/format/strand filters, answer-key correctness, deterministic item generation, validation rules and solution metadata.",Teacher via catalog selection and developer via generator verification; no auth or permission gates in scope.,"Supported grade/format/strand filters, answer-key correctness, deterministic item generation, validation rules and solution metadata.",Passing,"npm run test:generators passed: 139 worksheet types, 834 generated items, failed [].",,,,"Selecting Similar Figures and Scale Factor produces canonical worksheet JSON with 3-12 questions, title Similar Figures and Scale Factor, supported grades 7/8, supported formats visual-model/worked-practice, generator kind geometry, matching answer key entries, passing audit results, and checkable answers.",Matches expected behavior in the recorded test evidence.,,"npm run test:generators passed: 139 worksheet types, 834 generated items, failed [].; npm run test:generators passed: 139 worksheet types, 834 generated items, failed [].",No issue found,,,"npm run test:generators passed: 139 worksheet types, 834 generated items, failed [].",Passed,catalog_id=similar-figures-and-scale-factor; strand=Geometry and Spatial Reasoning; grades=7|8; formats=visual-model|worked-practice; generatorKind=geometry,src/features/worksheet/catalog.ts; src/features/worksheet/generator.ts; src/features/worksheet/item-factory.ts,GEN-097,Worksheet generators,Similar Figures and Scale Factor,"As a teacher, I can select the Similar Figures and Scale Factor generator for Geometry and Spatial Reasoning practice.","Selecting Similar Figures and Scale Factor produces canonical worksheet JSON with 3-12 questions, title Similar Figures and Scale Factor, supported grades 7/8, supported formats visual-model/worked-practice, generator kind geometry, matching answer key entries, passing audit results, and checkable answers.",src/features/worksheet/catalog.ts; src/features/worksheet/generator.ts; src/features/worksheet/item-factory.ts,passed,"npm run test:generators passed: 139 worksheet types, 834 generated items, failed [].",,,"npm run test:generators passed: 139 worksheet types, 834 generated items, failed [].",catalog_id=similar-figures-and-scale-factor; strand=Geometry and Spatial Reasoning; grades=7|8; formats=visual-model|worked-practice; generatorKind=geometry
GEN-098,Pythagorean Theorem Practice,"Worksheet generators: Pythagorean Theorem Practice. Selecting Pythagorean Theorem Practice produces canonical worksheet JSON with 3-12 questions, title Pythagorean Theorem Practice, supported grades 8, supported formats worked-practice/visual-model, generator kind geometry, matching answer key entries, passing audit results, and checkable answers.",Worksheet generators,GEN-098,"As a teacher, I can select the Pythagorean Theorem Practice generator for Geometry and Spatial Reasoning practice.","1. Given Worksheet generator catalog entry selectable from setup panel, when the story is exercised, then Selecting Pythagorean Theorem Practice produces canonical worksheet JSON with 3-12 questions, title Pythagorean Theorem Practice, supported grades 8, supported formats worked-practice/visual-model, generator kind geometry, matching answer key entries, passing audit results, and checkable answers. 2. The recorded initial and regression evidence for GEN-098 is Passing or Fixed. 3. Any discovered issue for this story has severity, reproduction, root cause, fix status, and retest evidence recorded in this row.","Selecting Pythagorean Theorem Practice produces canonical worksheet JSON with 3-12 questions, title Pythagorean Theorem Practice, supported grades 8, supported formats worked-practice/visual-model, generator kind geometry, matching answer key entries, passing audit results, and checkable answers.",Worksheet generator catalog entry selectable from setup panel,src/features/worksheet/catalog.ts; src/features/worksheet/generator.ts; src/features/worksheet/item-factory.ts,"Supported grade/format/strand filters, answer-key correctness, deterministic item generation, validation rules and solution metadata.",Teacher via catalog selection and developer via generator verification; no auth or permission gates in scope.,"Supported grade/format/strand filters, answer-key correctness, deterministic item generation, validation rules and solution metadata.",Passing,"npm run test:generators passed: 139 worksheet types, 834 generated items, failed [].",,,,"Selecting Pythagorean Theorem Practice produces canonical worksheet JSON with 3-12 questions, title Pythagorean Theorem Practice, supported grades 8, supported formats worked-practice/visual-model, generator kind geometry, matching answer key entries, passing audit results, and checkable answers.",Matches expected behavior in the recorded test evidence.,,"npm run test:generators passed: 139 worksheet types, 834 generated items, failed [].; npm run test:generators passed: 139 worksheet types, 834 generated items, failed [].",No issue found,,,"npm run test:generators passed: 139 worksheet types, 834 generated items, failed [].",Passed,catalog_id=pythagorean-theorem-practice; strand=Geometry and Spatial Reasoning; grades=8; formats=worked-practice|visual-model; generatorKind=geometry,src/features/worksheet/catalog.ts; src/features/worksheet/generator.ts; src/features/worksheet/item-factory.ts,GEN-098,Worksheet generators,Pythagorean Theorem Practice,"As a teacher, I can select the Pythagorean Theorem Practice generator for Geometry and Spatial Reasoning practice.","Selecting Pythagorean Theorem Practice produces canonical worksheet JSON with 3-12 questions, title Pythagorean Theorem Practice, supported grades 8, supported formats worked-practice/visual-model, generator kind geometry, matching answer key entries, passing audit results, and checkable answers.",src/features/worksheet/catalog.ts; src/features/worksheet/generator.ts; src/features/worksheet/item-factory.ts,passed,"npm run test:generators passed: 139 worksheet types, 834 generated items, failed [].",,,"npm run test:generators passed: 139 worksheet types, 834 generated items, failed [].",catalog_id=pythagorean-theorem-practice; strand=Geometry and Spatial Reasoning; grades=8; formats=worked-practice|visual-model; generatorKind=geometry
GEN-099,Mean Absolute Deviation,"Worksheet generators: Mean Absolute Deviation. Selecting Mean Absolute Deviation produces canonical worksheet JSON with 3-12 questions, title Mean Absolute Deviation, supported grades 6/7, supported formats graph-data/worked-practice, generator kind mean, matching answer key entries, passing audit results, and checkable answers.",Worksheet generators,GEN-099,"As a teacher, I can select the Mean Absolute Deviation generator for Data, Statistics, and Probability practice.","1. Given Worksheet generator catalog entry selectable from setup panel, when the story is exercised, then Selecting Mean Absolute Deviation produces canonical worksheet JSON with 3-12 questions, title Mean Absolute Deviation, supported grades 6/7, supported formats graph-data/worked-practice, generator kind mean, matching answer key entries, passing audit results, and checkable answers. 2. The recorded initial and regression evidence for GEN-099 is Passing or Fixed. 3. Any discovered issue for this story has severity, reproduction, root cause, fix status, and retest evidence recorded in this row.","Selecting Mean Absolute Deviation produces canonical worksheet JSON with 3-12 questions, title Mean Absolute Deviation, supported grades 6/7, supported formats graph-data/worked-practice, generator kind mean, matching answer key entries, passing audit results, and checkable answers.",Worksheet generator catalog entry selectable from setup panel,src/features/worksheet/catalog.ts; src/features/worksheet/generator.ts; src/features/worksheet/item-factory.ts,"Supported grade/format/strand filters, answer-key correctness, deterministic item generation, validation rules and solution metadata.",Teacher via catalog selection and developer via generator verification; no auth or permission gates in scope.,"Supported grade/format/strand filters, answer-key correctness, deterministic item generation, validation rules and solution metadata.",Passing,"npm run test:generators passed: 139 worksheet types, 834 generated items, failed [].",,,,"Selecting Mean Absolute Deviation produces canonical worksheet JSON with 3-12 questions, title Mean Absolute Deviation, supported grades 6/7, supported formats graph-data/worked-practice, generator kind mean, matching answer key entries, passing audit results, and checkable answers.",Matches expected behavior in the recorded test evidence.,,"npm run test:generators passed: 139 worksheet types, 834 generated items, failed [].; npm run test:generators passed: 139 worksheet types, 834 generated items, failed [].",No issue found,,,"npm run test:generators passed: 139 worksheet types, 834 generated items, failed [].",Passed,"catalog_id=mean-absolute-deviation; strand=Data, Statistics, and Probability; grades=6|7; formats=graph-data|worked-practice; generatorKind=mean",src/features/worksheet/catalog.ts; src/features/worksheet/generator.ts; src/features/worksheet/item-factory.ts,GEN-099,Worksheet generators,Mean Absolute Deviation,"As a teacher, I can select the Mean Absolute Deviation generator for Data, Statistics, and Probability practice.","Selecting Mean Absolute Deviation produces canonical worksheet JSON with 3-12 questions, title Mean Absolute Deviation, supported grades 6/7, supported formats graph-data/worked-practice, generator kind mean, matching answer key entries, passing audit results, and checkable answers.",src/features/worksheet/catalog.ts; src/features/worksheet/generator.ts; src/features/worksheet/item-factory.ts,passed,"npm run test:generators passed: 139 worksheet types, 834 generated items, failed [].",,,"npm run test:generators passed: 139 worksheet types, 834 generated items, failed [].","catalog_id=mean-absolute-deviation; strand=Data, Statistics, and Probability; grades=6|7; formats=graph-data|worked-practice; generatorKind=mean"
GEN-100,Box Plot Interpretation,"Worksheet generators: Box Plot Interpretation. Selecting Box Plot Interpretation produces canonical worksheet JSON with 3-12 questions, title Box Plot Interpretation, supported grades 6/7, supported formats graph-data/quick-check, generator kind mean, matching answer key entries, passing audit results, and checkable answers.",Worksheet generators,GEN-100,"As a teacher, I can select the Box Plot Interpretation generator for Data, Statistics, and Probability practice.","1. Given Worksheet generator catalog entry selectable from setup panel, when the story is exercised, then Selecting Box Plot Interpretation produces canonical worksheet JSON with 3-12 questions, title Box Plot Interpretation, supported grades 6/7, supported formats graph-data/quick-check, generator kind mean, matching answer key entries, passing audit results, and checkable answers. 2. The recorded initial and regression evidence for GEN-100 is Passing or Fixed. 3. Any discovered issue for this story has severity, reproduction, root cause, fix status, and retest evidence recorded in this row.","Selecting Box Plot Interpretation produces canonical worksheet JSON with 3-12 questions, title Box Plot Interpretation, supported grades 6/7, supported formats graph-data/quick-check, generator kind mean, matching answer key entries, passing audit results, and checkable answers.",Worksheet generator catalog entry selectable from setup panel,src/features/worksheet/catalog.ts; src/features/worksheet/generator.ts; src/features/worksheet/item-factory.ts,"Supported grade/format/strand filters, answer-key correctness, deterministic item generation, validation rules and solution metadata.",Teacher via catalog selection and developer via generator verification; no auth or permission gates in scope.,"Supported grade/format/strand filters, answer-key correctness, deterministic item generation, validation rules and solution metadata.",Passing,"npm run test:generators passed: 139 worksheet types, 834 generated items, failed [].",,,,"Selecting Box Plot Interpretation produces canonical worksheet JSON with 3-12 questions, title Box Plot Interpretation, supported grades 6/7, supported formats graph-data/quick-check, generator kind mean, matching answer key entries, passing audit results, and checkable answers.",Matches expected behavior in the recorded test evidence.,,"npm run test:generators passed: 139 worksheet types, 834 generated items, failed [].; npm run test:generators passed: 139 worksheet types, 834 generated items, failed [].",No issue found,,,"npm run test:generators passed: 139 worksheet types, 834 generated items, failed [].",Passed,"catalog_id=box-plot-interpretation; strand=Data, Statistics, and Probability; grades=6|7; formats=graph-data|quick-check; generatorKind=mean",src/features/worksheet/catalog.ts; src/features/worksheet/generator.ts; src/features/worksheet/item-factory.ts,GEN-100,Worksheet generators,Box Plot Interpretation,"As a teacher, I can select the Box Plot Interpretation generator for Data, Statistics, and Probability practice.","Selecting Box Plot Interpretation produces canonical worksheet JSON with 3-12 questions, title Box Plot Interpretation, supported grades 6/7, supported formats graph-data/quick-check, generator kind mean, matching answer key entries, passing audit results, and checkable answers.",src/features/worksheet/catalog.ts; src/features/worksheet/generator.ts; src/features/worksheet/item-factory.ts,passed,"npm run test:generators passed: 139 worksheet types, 834 generated items, failed [].",,,"npm run test:generators passed: 139 worksheet types, 834 generated items, failed [].","catalog_id=box-plot-interpretation; strand=Data, Statistics, and Probability; grades=6|7; formats=graph-data|quick-check; generatorKind=mean"
GEN-101,Two-Way Tables,"Worksheet generators: Two-Way Tables. Selecting Two-Way Tables produces canonical worksheet JSON with 3-12 questions, title Two-Way Tables, supported grades 7/8, supported formats graph-data/real-world, generator kind probability, matching answer key entries, passing audit results, and checkable answers.",Worksheet generators,GEN-101,"As a teacher, I can select the Two-Way Tables generator for Data, Statistics, and Probability practice.","1. Given Worksheet generator catalog entry selectable from setup panel, when the story is exercised, then Selecting Two-Way Tables produces canonical worksheet JSON with 3-12 questions, title Two-Way Tables, supported grades 7/8, supported formats graph-data/real-world, generator kind probability, matching answer key entries, passing audit results, and checkable answers. 2. The recorded initial and regression evidence for GEN-101 is Passing or Fixed. 3. Any discovered issue for this story has severity, reproduction, root cause, fix status, and retest evidence recorded in this row.","Selecting Two-Way Tables produces canonical worksheet JSON with 3-12 questions, title Two-Way Tables, supported grades 7/8, supported formats graph-data/real-world, generator kind probability, matching answer key entries, passing audit results, and checkable answers.",Worksheet generator catalog entry selectable from setup panel,src/features/worksheet/catalog.ts; src/features/worksheet/generator.ts; src/features/worksheet/item-factory.ts,"Supported grade/format/strand filters, answer-key correctness, deterministic item generation, validation rules and solution metadata.",Teacher via catalog selection and developer via generator verification; no auth or permission gates in scope.,"Supported grade/format/strand filters, answer-key correctness, deterministic item generation, validation rules and solution metadata.",Passing,"npm run test:generators passed: 139 worksheet types, 834 generated items, failed [].",,,,"Selecting Two-Way Tables produces canonical worksheet JSON with 3-12 questions, title Two-Way Tables, supported grades 7/8, supported formats graph-data/real-world, generator kind probability, matching answer key entries, passing audit results, and checkable answers.",Matches expected behavior in the recorded test evidence.,,"npm run test:generators passed: 139 worksheet types, 834 generated items, failed [].; npm run test:generators passed: 139 worksheet types, 834 generated items, failed [].",No issue found,,,"npm run test:generators passed: 139 worksheet types, 834 generated items, failed [].",Passed,"catalog_id=two-way-tables; strand=Data, Statistics, and Probability; grades=7|8; formats=graph-data|real-world; generatorKind=probability",src/features/worksheet/catalog.ts; src/features/worksheet/generator.ts; src/features/worksheet/item-factory.ts,GEN-101,Worksheet generators,Two-Way Tables,"As a teacher, I can select the Two-Way Tables generator for Data, Statistics, and Probability practice.","Selecting Two-Way Tables produces canonical worksheet JSON with 3-12 questions, title Two-Way Tables, supported grades 7/8, supported formats graph-data/real-world, generator kind probability, matching answer key entries, passing audit results, and checkable answers.",src/features/worksheet/catalog.ts; src/features/worksheet/generator.ts; src/features/worksheet/item-factory.ts,passed,"npm run test:generators passed: 139 worksheet types, 834 generated items, failed [].",,,"npm run test:generators passed: 139 worksheet types, 834 generated items, failed [].","catalog_id=two-way-tables; strand=Data, Statistics, and Probability; grades=7|8; formats=graph-data|real-world; generatorKind=probability"
GEN-102,Compound Probability,"Worksheet generators: Compound Probability. Selecting Compound Probability produces canonical worksheet JSON with 3-12 questions, title Compound Probability, supported grades 7/8, supported formats worked-practice/visual-model, generator kind probability, matching answer key entries, passing audit results, and checkable answers.",Worksheet generators,GEN-102,"As a teacher, I can select the Compound Probability generator for Data, Statistics, and Probability practice.","1. Given Worksheet generator catalog entry selectable from setup panel, when the story is exercised, then Selecting Compound Probability produces canonical worksheet JSON with 3-12 questions, title Compound Probability, supported grades 7/8, supported formats worked-practice/visual-model, generator kind probability, matching answer key entries, passing audit results, and checkable answers. 2. The recorded initial and regression evidence for GEN-102 is Passing or Fixed. 3. Any discovered issue for this story has severity, reproduction, root cause, fix status, and retest evidence recorded in this row.","Selecting Compound Probability produces canonical worksheet JSON with 3-12 questions, title Compound Probability, supported grades 7/8, supported formats worked-practice/visual-model, generator kind probability, matching answer key entries, passing audit results, and checkable answers.",Worksheet generator catalog entry selectable from setup panel,src/features/worksheet/catalog.ts; src/features/worksheet/generator.ts; src/features/worksheet/item-factory.ts,"Supported grade/format/strand filters, answer-key correctness, deterministic item generation, validation rules and solution metadata.",Teacher via catalog selection and developer via generator verification; no auth or permission gates in scope.,"Supported grade/format/strand filters, answer-key correctness, deterministic item generation, validation rules and solution metadata.",Passing,"npm run test:generators passed: 139 worksheet types, 834 generated items, failed [].",,,,"Selecting Compound Probability produces canonical worksheet JSON with 3-12 questions, title Compound Probability, supported grades 7/8, supported formats worked-practice/visual-model, generator kind probability, matching answer key entries, passing audit results, and checkable answers.",Matches expected behavior in the recorded test evidence.,,"npm run test:generators passed: 139 worksheet types, 834 generated items, failed [].; npm run test:generators passed: 139 worksheet types, 834 generated items, failed [].",No issue found,,,"npm run test:generators passed: 139 worksheet types, 834 generated items, failed [].",Passed,"catalog_id=compound-probability; strand=Data, Statistics, and Probability; grades=7|8; formats=worked-practice|visual-model; generatorKind=probability",src/features/worksheet/catalog.ts; src/features/worksheet/generator.ts; src/features/worksheet/item-factory.ts,GEN-102,Worksheet generators,Compound Probability,"As a teacher, I can select the Compound Probability generator for Data, Statistics, and Probability practice.","Selecting Compound Probability produces canonical worksheet JSON with 3-12 questions, title Compound Probability, supported grades 7/8, supported formats worked-practice/visual-model, generator kind probability, matching answer key entries, passing audit results, and checkable answers.",src/features/worksheet/catalog.ts; src/features/worksheet/generator.ts; src/features/worksheet/item-factory.ts,passed,"npm run test:generators passed: 139 worksheet types, 834 generated items, failed [].",,,"npm run test:generators passed: 139 worksheet types, 834 generated items, failed [].","catalog_id=compound-probability; strand=Data, Statistics, and Probability; grades=7|8; formats=worked-practice|visual-model; generatorKind=probability"
GEN-103,Simple Interest,"Worksheet generators: Simple Interest. Selecting Simple Interest produces canonical worksheet JSON with 3-12 questions, title Simple Interest, supported grades 7/8, supported formats real-world/worked-practice, generator kind money, matching answer key entries, passing audit results, and checkable answers.",Worksheet generators,GEN-103,"As a teacher, I can select the Simple Interest generator for Financial and Consumer Math practice.","1. Given Worksheet generator catalog entry selectable from setup panel, when the story is exercised, then Selecting Simple Interest produces canonical worksheet JSON with 3-12 questions, title Simple Interest, supported grades 7/8, supported formats real-world/worked-practice, generator kind money, matching answer key entries, passing audit results, and checkable answers. 2. The recorded initial and regression evidence for GEN-103 is Passing or Fixed. 3. Any discovered issue for this story has severity, reproduction, root cause, fix status, and retest evidence recorded in this row.","Selecting Simple Interest produces canonical worksheet JSON with 3-12 questions, title Simple Interest, supported grades 7/8, supported formats real-world/worked-practice, generator kind money, matching answer key entries, passing audit results, and checkable answers.",Worksheet generator catalog entry selectable from setup panel,src/features/worksheet/catalog.ts; src/features/worksheet/generator.ts; src/features/worksheet/item-factory.ts,"Supported grade/format/strand filters, answer-key correctness, deterministic item generation, validation rules and solution metadata.",Teacher via catalog selection and developer via generator verification; no auth or permission gates in scope.,"Supported grade/format/strand filters, answer-key correctness, deterministic item generation, validation rules and solution metadata.",Passing,"npm run test:generators passed: 139 worksheet types, 834 generated items, failed [].",,,,"Selecting Simple Interest produces canonical worksheet JSON with 3-12 questions, title Simple Interest, supported grades 7/8, supported formats real-world/worked-practice, generator kind money, matching answer key entries, passing audit results, and checkable answers.",Matches expected behavior in the recorded test evidence.,,"npm run test:generators passed: 139 worksheet types, 834 generated items, failed [].; npm run test:generators passed: 139 worksheet types, 834 generated items, failed [].",No issue found,,,"npm run test:generators passed: 139 worksheet types, 834 generated items, failed [].",Passed,catalog_id=simple-interest; strand=Financial and Consumer Math; grades=7|8; formats=real-world|worked-practice; generatorKind=money,src/features/worksheet/catalog.ts; src/features/worksheet/generator.ts; src/features/worksheet/item-factory.ts,GEN-103,Worksheet generators,Simple Interest,"As a teacher, I can select the Simple Interest generator for Financial and Consumer Math practice.","Selecting Simple Interest produces canonical worksheet JSON with 3-12 questions, title Simple Interest, supported grades 7/8, supported formats real-world/worked-practice, generator kind money, matching answer key entries, passing audit results, and checkable answers.",src/features/worksheet/catalog.ts; src/features/worksheet/generator.ts; src/features/worksheet/item-factory.ts,passed,"npm run test:generators passed: 139 worksheet types, 834 generated items, failed [].",,,"npm run test:generators passed: 139 worksheet types, 834 generated items, failed [].",catalog_id=simple-interest; strand=Financial and Consumer Math; grades=7|8; formats=real-world|worked-practice; generatorKind=money
GEN-104,Budget Percent Allocations,"Worksheet generators: Budget Percent Allocations. Selecting Budget Percent Allocations produces canonical worksheet JSON with 3-12 questions, title Budget Percent Allocations, supported grades 6/7/8, supported formats real-world/quick-check, generator kind percent, matching answer key entries, passing audit results, and checkable answers.",Worksheet generators,GEN-104,"As a teacher, I can select the Budget Percent Allocations generator for Financial and Consumer Math practice.","1. Given Worksheet generator catalog entry selectable from setup panel, when the story is exercised, then Selecting Budget Percent Allocations produces canonical worksheet JSON with 3-12 questions, title Budget Percent Allocations, supported grades 6/7/8, supported formats real-world/quick-check, generator kind percent, matching answer key entries, passing audit results, and checkable answers. 2. The recorded initial and regression evidence for GEN-104 is Passing or Fixed. 3. Any discovered issue for this story has severity, reproduction, root cause, fix status, and retest evidence recorded in this row.","Selecting Budget Percent Allocations produces canonical worksheet JSON with 3-12 questions, title Budget Percent Allocations, supported grades 6/7/8, supported formats real-world/quick-check, generator kind percent, matching answer key entries, passing audit results, and checkable answers.",Worksheet generator catalog entry selectable from setup panel,src/features/worksheet/catalog.ts; src/features/worksheet/generator.ts; src/features/worksheet/item-factory.ts,"Supported grade/format/strand filters, answer-key correctness, deterministic item generation, validation rules and solution metadata.",Teacher via catalog selection and developer via generator verification; no auth or permission gates in scope.,"Supported grade/format/strand filters, answer-key correctness, deterministic item generation, validation rules and solution metadata.",Passing,"npm run test:generators passed: 139 worksheet types, 834 generated items, failed [].",,,,"Selecting Budget Percent Allocations produces canonical worksheet JSON with 3-12 questions, title Budget Percent Allocations, supported grades 6/7/8, supported formats real-world/quick-check, generator kind percent, matching answer key entries, passing audit results, and checkable answers.",Matches expected behavior in the recorded test evidence.,,"npm run test:generators passed: 139 worksheet types, 834 generated items, failed [].; npm run test:generators passed: 139 worksheet types, 834 generated items, failed [].",No issue found,,,"npm run test:generators passed: 139 worksheet types, 834 generated items, failed [].",Passed,catalog_id=budget-percent-allocations; strand=Financial and Consumer Math; grades=6|7|8; formats=real-world|quick-check; generatorKind=percent,src/features/worksheet/catalog.ts; src/features/worksheet/generator.ts; src/features/worksheet/item-factory.ts,GEN-104,Worksheet generators,Budget Percent Allocations,"As a teacher, I can select the Budget Percent Allocations generator for Financial and Consumer Math practice.","Selecting Budget Percent Allocations produces canonical worksheet JSON with 3-12 questions, title Budget Percent Allocations, supported grades 6/7/8, supported formats real-world/quick-check, generator kind percent, matching answer key entries, passing audit results, and checkable answers.",src/features/worksheet/catalog.ts; src/features/worksheet/generator.ts; src/features/worksheet/item-factory.ts,passed,"npm run test:generators passed: 139 worksheet types, 834 generated items, failed [].",,,"npm run test:generators passed: 139 worksheet types, 834 generated items, failed [].",catalog_id=budget-percent-allocations; strand=Financial and Consumer Math; grades=6|7|8; formats=real-world|quick-check; generatorKind=percent
GEN-105,Logic Grid Number Clues,"Worksheet generators: Logic Grid Number Clues. Selecting Logic Grid Number Clues produces canonical worksheet JSON with 3-12 questions, title Logic Grid Number Clues, supported grades 6/7/8, supported formats quick-check/worked-practice, generator kind patternPuzzle, matching answer key entries, passing audit results, and checkable answers.",Worksheet generators,GEN-105,"As a teacher, I can select the Logic Grid Number Clues generator for Math Puzzles, Logic, and Enrichment practice.","1. Given Worksheet generator catalog entry selectable from setup panel, when the story is exercised, then Selecting Logic Grid Number Clues produces canonical worksheet JSON with 3-12 questions, title Logic Grid Number Clues, supported grades 6/7/8, supported formats quick-check/worked-practice, generator kind patternPuzzle, matching answer key entries, passing audit results, and checkable answers. 2. The recorded initial and regression evidence for GEN-105 is Passing or Fixed. 3. Any discovered issue for this story has severity, reproduction, root cause, fix status, and retest evidence recorded in this row.","Selecting Logic Grid Number Clues produces canonical worksheet JSON with 3-12 questions, title Logic Grid Number Clues, supported grades 6/7/8, supported formats quick-check/worked-practice, generator kind patternPuzzle, matching answer key entries, passing audit results, and checkable answers.",Worksheet generator catalog entry selectable from setup panel,src/features/worksheet/catalog.ts; src/features/worksheet/generator.ts; src/features/worksheet/item-factory.ts,"Supported grade/format/strand filters, answer-key correctness, deterministic item generation, validation rules and solution metadata.",Teacher via catalog selection and developer via generator verification; no auth or permission gates in scope.,"Supported grade/format/strand filters, answer-key correctness, deterministic item generation, validation rules and solution metadata.",Passing,"npm run test:generators passed: 139 worksheet types, 834 generated items, failed [].",,,,"Selecting Logic Grid Number Clues produces canonical worksheet JSON with 3-12 questions, title Logic Grid Number Clues, supported grades 6/7/8, supported formats quick-check/worked-practice, generator kind patternPuzzle, matching answer key entries, passing audit results, and checkable answers.",Matches expected behavior in the recorded test evidence.,,"npm run test:generators passed: 139 worksheet types, 834 generated items, failed [].; npm run test:generators passed: 139 worksheet types, 834 generated items, failed [].",No issue found,,,"npm run test:generators passed: 139 worksheet types, 834 generated items, failed [].",Passed,"catalog_id=logic-grid-number-clues; strand=Math Puzzles, Logic, and Enrichment; grades=6|7|8; formats=quick-check|worked-practice; generatorKind=patternPuzzle",src/features/worksheet/catalog.ts; src/features/worksheet/generator.ts; src/features/worksheet/item-factory.ts,GEN-105,Worksheet generators,Logic Grid Number Clues,"As a teacher, I can select the Logic Grid Number Clues generator for Math Puzzles, Logic, and Enrichment practice.","Selecting Logic Grid Number Clues produces canonical worksheet JSON with 3-12 questions, title Logic Grid Number Clues, supported grades 6/7/8, supported formats quick-check/worked-practice, generator kind patternPuzzle, matching answer key entries, passing audit results, and checkable answers.",src/features/worksheet/catalog.ts; src/features/worksheet/generator.ts; src/features/worksheet/item-factory.ts,passed,"npm run test:generators passed: 139 worksheet types, 834 generated items, failed [].",,,"npm run test:generators passed: 139 worksheet types, 834 generated items, failed [].","catalog_id=logic-grid-number-clues; strand=Math Puzzles, Logic, and Enrichment; grades=6|7|8; formats=quick-check|worked-practice; generatorKind=patternPuzzle"
GEN-106,Linear Function Tables,"Worksheet generators: Linear Function Tables. Selecting Linear Function Tables produces canonical worksheet JSON with 3-12 questions, title Linear Function Tables, supported grades 9, supported formats worked-practice/quick-check, generator kind functionTable, matching answer key entries, passing audit results, and checkable answers.",Worksheet generators,GEN-106,"As a teacher, I can select the Linear Function Tables generator for Algebra and Functions practice.","1. Given Worksheet generator catalog entry selectable from setup panel, when the story is exercised, then Selecting Linear Function Tables produces canonical worksheet JSON with 3-12 questions, title Linear Function Tables, supported grades 9, supported formats worked-practice/quick-check, generator kind functionTable, matching answer key entries, passing audit results, and checkable answers. 2. The recorded initial and regression evidence for GEN-106 is Passing or Fixed. 3. Any discovered issue for this story has severity, reproduction, root cause, fix status, and retest evidence recorded in this row.","Selecting Linear Function Tables produces canonical worksheet JSON with 3-12 questions, title Linear Function Tables, supported grades 9, supported formats worked-practice/quick-check, generator kind functionTable, matching answer key entries, passing audit results, and checkable answers.",Worksheet generator catalog entry selectable from setup panel,src/features/worksheet/catalog.ts; src/features/worksheet/generator.ts; src/features/worksheet/item-factory.ts,"Supported grade/format/strand filters, answer-key correctness, deterministic item generation, validation rules and solution metadata.",Teacher via catalog selection and developer via generator verification; no auth or permission gates in scope.,"Supported grade/format/strand filters, answer-key correctness, deterministic item generation, validation rules and solution metadata.",Passing,"npm run test:generators passed: 139 worksheet types, 834 generated items, failed [].",,,,"Selecting Linear Function Tables produces canonical worksheet JSON with 3-12 questions, title Linear Function Tables, supported grades 9, supported formats worked-practice/quick-check, generator kind functionTable, matching answer key entries, passing audit results, and checkable answers.",Matches expected behavior in the recorded test evidence.,,"npm run test:generators passed: 139 worksheet types, 834 generated items, failed [].; npm run test:generators passed: 139 worksheet types, 834 generated items, failed [].",No issue found,,,"npm run test:generators passed: 139 worksheet types, 834 generated items, failed [].",Passed,catalog_id=linear-function-tables; strand=Algebra and Functions; grades=9; formats=worked-practice|quick-check; generatorKind=functionTable,src/features/worksheet/catalog.ts; src/features/worksheet/generator.ts; src/features/worksheet/item-factory.ts,GEN-106,Worksheet generators,Linear Function Tables,"As a teacher, I can select the Linear Function Tables generator for Algebra and Functions practice.","Selecting Linear Function Tables produces canonical worksheet JSON with 3-12 questions, title Linear Function Tables, supported grades 9, supported formats worked-practice/quick-check, generator kind functionTable, matching answer key entries, passing audit results, and checkable answers.",src/features/worksheet/catalog.ts; src/features/worksheet/generator.ts; src/features/worksheet/item-factory.ts,passed,"npm run test:generators passed: 139 worksheet types, 834 generated items, failed [].",,,"npm run test:generators passed: 139 worksheet types, 834 generated items, failed [].",catalog_id=linear-function-tables; strand=Algebra and Functions; grades=9; formats=worked-practice|quick-check; generatorKind=functionTable
GEN-107,High School Slope from Tables and Graphs,"Worksheet generators: High School Slope from Tables and Graphs. Selecting High School Slope from Tables and Graphs produces canonical worksheet JSON with 3-12 questions, title High School Slope from Tables and Graphs, supported grades 9/10, supported formats graph-data/worked-practice, generator kind coordinate, matching answer key entries, passing audit results, and checkable answers.",Worksheet generators,GEN-107,"As a teacher, I can select the High School Slope from Tables and Graphs generator for Algebra and Functions practice.","1. Given Worksheet generator catalog entry selectable from setup panel, when the story is exercised, then Selecting High School Slope from Tables and Graphs produces canonical worksheet JSON with 3-12 questions, title High School Slope from Tables and Graphs, supported grades 9/10, supported formats graph-data/worked-practice, generator kind coordinate, matching answer key entries, passing audit results, and checkable answers. 2. The recorded initial and regression evidence for GEN-107 is Passing or Fixed. 3. Any discovered issue for this story has severity, reproduction, root cause, fix status, and retest evidence recorded in this row.","Selecting High School Slope from Tables and Graphs produces canonical worksheet JSON with 3-12 questions, title High School Slope from Tables and Graphs, supported grades 9/10, supported formats graph-data/worked-practice, generator kind coordinate, matching answer key entries, passing audit results, and checkable answers.",Worksheet generator catalog entry selectable from setup panel,src/features/worksheet/catalog.ts; src/features/worksheet/generator.ts; src/features/worksheet/item-factory.ts,"Supported grade/format/strand filters, answer-key correctness, deterministic item generation, validation rules and solution metadata.",Teacher via catalog selection and developer via generator verification; no auth or permission gates in scope.,"Supported grade/format/strand filters, answer-key correctness, deterministic item generation, validation rules and solution metadata.",Passing,"npm run test:generators passed: 139 worksheet types, 834 generated items, failed [].",,,,"Selecting High School Slope from Tables and Graphs produces canonical worksheet JSON with 3-12 questions, title High School Slope from Tables and Graphs, supported grades 9/10, supported formats graph-data/worked-practice, generator kind coordinate, matching answer key entries, passing audit results, and checkable answers.",Matches expected behavior in the recorded test evidence.,,"npm run test:generators passed: 139 worksheet types, 834 generated items, failed [].; npm run test:generators passed: 139 worksheet types, 834 generated items, failed [].",No issue found,,,"npm run test:generators passed: 139 worksheet types, 834 generated items, failed [].",Passed,catalog_id=high-school-slope-from-tables-and-graphs; strand=Algebra and Functions; grades=9|10; formats=graph-data|worked-practice; generatorKind=coordinate,src/features/worksheet/catalog.ts; src/features/worksheet/generator.ts; src/features/worksheet/item-factory.ts,GEN-107,Worksheet generators,High School Slope from Tables and Graphs,"As a teacher, I can select the High School Slope from Tables and Graphs generator for Algebra and Functions practice.","Selecting High School Slope from Tables and Graphs produces canonical worksheet JSON with 3-12 questions, title High School Slope from Tables and Graphs, supported grades 9/10, supported formats graph-data/worked-practice, generator kind coordinate, matching answer key entries, passing audit results, and checkable answers.",src/features/worksheet/catalog.ts; src/features/worksheet/generator.ts; src/features/worksheet/item-factory.ts,passed,"npm run test:generators passed: 139 worksheet types, 834 generated items, failed [].",,,"npm run test:generators passed: 139 worksheet types, 834 generated items, failed [].",catalog_id=high-school-slope-from-tables-and-graphs; strand=Algebra and Functions; grades=9|10; formats=graph-data|worked-practice; generatorKind=coordinate
GEN-108,Linear Models from Context,"Worksheet generators: Linear Models from Context. Selecting Linear Models from Context produces canonical worksheet JSON with 3-12 questions, title Linear Models from Context, supported grades 9/10, supported formats real-world/worked-practice, generator kind wordProblem, matching answer key entries, passing audit results, and checkable answers.",Worksheet generators,GEN-108,"As a teacher, I can select the Linear Models from Context generator for Algebra and Functions practice.","1. Given Worksheet generator catalog entry selectable from setup panel, when the story is exercised, then Selecting Linear Models from Context produces canonical worksheet JSON with 3-12 questions, title Linear Models from Context, supported grades 9/10, supported formats real-world/worked-practice, generator kind wordProblem, matching answer key entries, passing audit results, and checkable answers. 2. The recorded initial and regression evidence for GEN-108 is Passing or Fixed. 3. Any discovered issue for this story has severity, reproduction, root cause, fix status, and retest evidence recorded in this row.","Selecting Linear Models from Context produces canonical worksheet JSON with 3-12 questions, title Linear Models from Context, supported grades 9/10, supported formats real-world/worked-practice, generator kind wordProblem, matching answer key entries, passing audit results, and checkable answers.",Worksheet generator catalog entry selectable from setup panel,src/features/worksheet/catalog.ts; src/features/worksheet/generator.ts; src/features/worksheet/item-factory.ts,"Supported grade/format/strand filters, answer-key correctness, deterministic item generation, validation rules and solution metadata.",Teacher via catalog selection and developer via generator verification; no auth or permission gates in scope.,"Supported grade/format/strand filters, answer-key correctness, deterministic item generation, validation rules and solution metadata.",Passing,"npm run test:generators passed: 139 worksheet types, 834 generated items, failed [].",,,,"Selecting Linear Models from Context produces canonical worksheet JSON with 3-12 questions, title Linear Models from Context, supported grades 9/10, supported formats real-world/worked-practice, generator kind wordProblem, matching answer key entries, passing audit results, and checkable answers.",Matches expected behavior in the recorded test evidence.,,"npm run test:generators passed: 139 worksheet types, 834 generated items, failed [].; npm run test:generators passed: 139 worksheet types, 834 generated items, failed [].",No issue found,,,"npm run test:generators passed: 139 worksheet types, 834 generated items, failed [].",Passed,catalog_id=linear-models-from-context; strand=Algebra and Functions; grades=9|10; formats=real-world|worked-practice; generatorKind=wordProblem,src/features/worksheet/catalog.ts; src/features/worksheet/generator.ts; src/features/worksheet/item-factory.ts,GEN-108,Worksheet generators,Linear Models from Context,"As a teacher, I can select the Linear Models from Context generator for Algebra and Functions practice.","Selecting Linear Models from Context produces canonical worksheet JSON with 3-12 questions, title Linear Models from Context, supported grades 9/10, supported formats real-world/worked-practice, generator kind wordProblem, matching answer key entries, passing audit results, and checkable answers.",src/features/worksheet/catalog.ts; src/features/worksheet/generator.ts; src/features/worksheet/item-factory.ts,passed,"npm run test:generators passed: 139 worksheet types, 834 generated items, failed [].",,,"npm run test:generators passed: 139 worksheet types, 834 generated items, failed [].",catalog_id=linear-models-from-context; strand=Algebra and Functions; grades=9|10; formats=real-world|worked-practice; generatorKind=wordProblem
GEN-109,Systems by Substitution,"Worksheet generators: Systems by Substitution. Selecting Systems by Substitution produces canonical worksheet JSON with 3-12 questions, title Systems by Substitution, supported grades 9/10, supported formats worked-practice/quick-check, generator kind algebra, matching answer key entries, passing audit results, and checkable answers.",Worksheet generators,GEN-109,"As a teacher, I can select the Systems by Substitution generator for Algebra and Functions practice.","1. Given Worksheet generator catalog entry selectable from setup panel, when the story is exercised, then Selecting Systems by Substitution produces canonical worksheet JSON with 3-12 questions, title Systems by Substitution, supported grades 9/10, supported formats worked-practice/quick-check, generator kind algebra, matching answer key entries, passing audit results, and checkable answers. 2. The recorded initial and regression evidence for GEN-109 is Passing or Fixed. 3. Any discovered issue for this story has severity, reproduction, root cause, fix status, and retest evidence recorded in this row.","Selecting Systems by Substitution produces canonical worksheet JSON with 3-12 questions, title Systems by Substitution, supported grades 9/10, supported formats worked-practice/quick-check, generator kind algebra, matching answer key entries, passing audit results, and checkable answers.",Worksheet generator catalog entry selectable from setup panel,src/features/worksheet/catalog.ts; src/features/worksheet/generator.ts; src/features/worksheet/item-factory.ts,"Supported grade/format/strand filters, answer-key correctness, deterministic item generation, validation rules and solution metadata.",Teacher via catalog selection and developer via generator verification; no auth or permission gates in scope.,"Supported grade/format/strand filters, answer-key correctness, deterministic item generation, validation rules and solution metadata.",Passing,"npm run test:generators passed: 139 worksheet types, 834 generated items, failed [].",,,,"Selecting Systems by Substitution produces canonical worksheet JSON with 3-12 questions, title Systems by Substitution, supported grades 9/10, supported formats worked-practice/quick-check, generator kind algebra, matching answer key entries, passing audit results, and checkable answers.",Matches expected behavior in the recorded test evidence.,,"npm run test:generators passed: 139 worksheet types, 834 generated items, failed [].; npm run test:generators passed: 139 worksheet types, 834 generated items, failed [].",No issue found,,,"npm run test:generators passed: 139 worksheet types, 834 generated items, failed [].",Passed,catalog_id=systems-by-substitution; strand=Algebra and Functions; grades=9|10; formats=worked-practice|quick-check; generatorKind=algebra,src/features/worksheet/catalog.ts; src/features/worksheet/generator.ts; src/features/worksheet/item-factory.ts,GEN-109,Worksheet generators,Systems by Substitution,"As a teacher, I can select the Systems by Substitution generator for Algebra and Functions practice.","Selecting Systems by Substitution produces canonical worksheet JSON with 3-12 questions, title Systems by Substitution, supported grades 9/10, supported formats worked-practice/quick-check, generator kind algebra, matching answer key entries, passing audit results, and checkable answers.",src/features/worksheet/catalog.ts; src/features/worksheet/generator.ts; src/features/worksheet/item-factory.ts,passed,"npm run test:generators passed: 139 worksheet types, 834 generated items, failed [].",,,"npm run test:generators passed: 139 worksheet types, 834 generated items, failed [].",catalog_id=systems-by-substitution; strand=Algebra and Functions; grades=9|10; formats=worked-practice|quick-check; generatorKind=algebra
GEN-110,Systems from Word Problems,"Worksheet generators: Systems from Word Problems. Selecting Systems from Word Problems produces canonical worksheet JSON with 3-12 questions, title Systems from Word Problems, supported grades 9/10, supported formats real-world/worked-practice, generator kind wordProblem, matching answer key entries, passing audit results, and checkable answers.",Worksheet generators,GEN-110,"As a teacher, I can select the Systems from Word Problems generator for Word Problems and Mathematical Reasoning practice.","1. Given Worksheet generator catalog entry selectable from setup panel, when the story is exercised, then Selecting Systems from Word Problems produces canonical worksheet JSON with 3-12 questions, title Systems from Word Problems, supported grades 9/10, supported formats real-world/worked-practice, generator kind wordProblem, matching answer key entries, passing audit results, and checkable answers. 2. The recorded initial and regression evidence for GEN-110 is Passing or Fixed. 3. Any discovered issue for this story has severity, reproduction, root cause, fix status, and retest evidence recorded in this row.","Selecting Systems from Word Problems produces canonical worksheet JSON with 3-12 questions, title Systems from Word Problems, supported grades 9/10, supported formats real-world/worked-practice, generator kind wordProblem, matching answer key entries, passing audit results, and checkable answers.",Worksheet generator catalog entry selectable from setup panel,src/features/worksheet/catalog.ts; src/features/worksheet/generator.ts; src/features/worksheet/item-factory.ts,"Supported grade/format/strand filters, answer-key correctness, deterministic item generation, validation rules and solution metadata.",Teacher via catalog selection and developer via generator verification; no auth or permission gates in scope.,"Supported grade/format/strand filters, answer-key correctness, deterministic item generation, validation rules and solution metadata.",Passing,"npm run test:generators passed: 139 worksheet types, 834 generated items, failed [].",,,,"Selecting Systems from Word Problems produces canonical worksheet JSON with 3-12 questions, title Systems from Word Problems, supported grades 9/10, supported formats real-world/worked-practice, generator kind wordProblem, matching answer key entries, passing audit results, and checkable answers.",Matches expected behavior in the recorded test evidence.,,"npm run test:generators passed: 139 worksheet types, 834 generated items, failed [].; npm run test:generators passed: 139 worksheet types, 834 generated items, failed [].",No issue found,,,"npm run test:generators passed: 139 worksheet types, 834 generated items, failed [].",Passed,catalog_id=systems-from-word-problems; strand=Word Problems and Mathematical Reasoning; grades=9|10; formats=real-world|worked-practice; generatorKind=wordProblem,src/features/worksheet/catalog.ts; src/features/worksheet/generator.ts; src/features/worksheet/item-factory.ts,GEN-110,Worksheet generators,Systems from Word Problems,"As a teacher, I can select the Systems from Word Problems generator for Word Problems and Mathematical Reasoning practice.","Selecting Systems from Word Problems produces canonical worksheet JSON with 3-12 questions, title Systems from Word Problems, supported grades 9/10, supported formats real-world/worked-practice, generator kind wordProblem, matching answer key entries, passing audit results, and checkable answers.",src/features/worksheet/catalog.ts; src/features/worksheet/generator.ts; src/features/worksheet/item-factory.ts,passed,"npm run test:generators passed: 139 worksheet types, 834 generated items, failed [].",,,"npm run test:generators passed: 139 worksheet types, 834 generated items, failed [].",catalog_id=systems-from-word-problems; strand=Word Problems and Mathematical Reasoning; grades=9|10; formats=real-world|worked-practice; generatorKind=wordProblem
GEN-111,Quadratic Factoring Practice,"Worksheet generators: Quadratic Factoring Practice. Selecting Quadratic Factoring Practice produces canonical worksheet JSON with 3-12 questions, title Quadratic Factoring Practice, supported grades 9/10, supported formats worked-practice/quick-check, generator kind algebra, matching answer key entries, passing audit results, and checkable answers.",Worksheet generators,GEN-111,"As a teacher, I can select the Quadratic Factoring Practice generator for Algebra and Functions practice.","1. Given Worksheet generator catalog entry selectable from setup panel, when the story is exercised, then Selecting Quadratic Factoring Practice produces canonical worksheet JSON with 3-12 questions, title Quadratic Factoring Practice, supported grades 9/10, supported formats worked-practice/quick-check, generator kind algebra, matching answer key entries, passing audit results, and checkable answers. 2. The recorded initial and regression evidence for GEN-111 is Passing or Fixed. 3. Any discovered issue for this story has severity, reproduction, root cause, fix status, and retest evidence recorded in this row.","Selecting Quadratic Factoring Practice produces canonical worksheet JSON with 3-12 questions, title Quadratic Factoring Practice, supported grades 9/10, supported formats worked-practice/quick-check, generator kind algebra, matching answer key entries, passing audit results, and checkable answers.",Worksheet generator catalog entry selectable from setup panel,src/features/worksheet/catalog.ts; src/features/worksheet/generator.ts; src/features/worksheet/item-factory.ts,"Supported grade/format/strand filters, answer-key correctness, deterministic item generation, validation rules and solution metadata.",Teacher via catalog selection and developer via generator verification; no auth or permission gates in scope.,"Supported grade/format/strand filters, answer-key correctness, deterministic item generation, validation rules and solution metadata.",Passing,"npm run test:generators passed: 139 worksheet types, 834 generated items, failed [].",,,,"Selecting Quadratic Factoring Practice produces canonical worksheet JSON with 3-12 questions, title Quadratic Factoring Practice, supported grades 9/10, supported formats worked-practice/quick-check, generator kind algebra, matching answer key entries, passing audit results, and checkable answers.",Matches expected behavior in the recorded test evidence.,,"npm run test:generators passed: 139 worksheet types, 834 generated items, failed [].; npm run test:generators passed: 139 worksheet types, 834 generated items, failed [].",No issue found,,,"npm run test:generators passed: 139 worksheet types, 834 generated items, failed [].",Passed,catalog_id=quadratic-factoring-practice; strand=Algebra and Functions; grades=9|10; formats=worked-practice|quick-check; generatorKind=algebra,src/features/worksheet/catalog.ts; src/features/worksheet/generator.ts; src/features/worksheet/item-factory.ts,GEN-111,Worksheet generators,Quadratic Factoring Practice,"As a teacher, I can select the Quadratic Factoring Practice generator for Algebra and Functions practice.","Selecting Quadratic Factoring Practice produces canonical worksheet JSON with 3-12 questions, title Quadratic Factoring Practice, supported grades 9/10, supported formats worked-practice/quick-check, generator kind algebra, matching answer key entries, passing audit results, and checkable answers.",src/features/worksheet/catalog.ts; src/features/worksheet/generator.ts; src/features/worksheet/item-factory.ts,passed,"npm run test:generators passed: 139 worksheet types, 834 generated items, failed [].",,,"npm run test:generators passed: 139 worksheet types, 834 generated items, failed [].",catalog_id=quadratic-factoring-practice; strand=Algebra and Functions; grades=9|10; formats=worked-practice|quick-check; generatorKind=algebra
GEN-112,Quadratic Graph Features,"Worksheet generators: Quadratic Graph Features. Selecting Quadratic Graph Features produces canonical worksheet JSON with 3-12 questions, title Quadratic Graph Features, supported grades 9/10/11, supported formats graph-data/worked-practice, generator kind algebra, matching answer key entries, passing audit results, and checkable answers.",Worksheet generators,GEN-112,"As a teacher, I can select the Quadratic Graph Features generator for Algebra and Functions practice.","1. Given Worksheet generator catalog entry selectable from setup panel, when the story is exercised, then Selecting Quadratic Graph Features produces canonical worksheet JSON with 3-12 questions, title Quadratic Graph Features, supported grades 9/10/11, supported formats graph-data/worked-practice, generator kind algebra, matching answer key entries, passing audit results, and checkable answers. 2. The recorded initial and regression evidence for GEN-112 is Passing or Fixed. 3. Any discovered issue for this story has severity, reproduction, root cause, fix status, and retest evidence recorded in this row.","Selecting Quadratic Graph Features produces canonical worksheet JSON with 3-12 questions, title Quadratic Graph Features, supported grades 9/10/11, supported formats graph-data/worked-practice, generator kind algebra, matching answer key entries, passing audit results, and checkable answers.",Worksheet generator catalog entry selectable from setup panel,src/features/worksheet/catalog.ts; src/features/worksheet/generator.ts; src/features/worksheet/item-factory.ts,"Supported grade/format/strand filters, answer-key correctness, deterministic item generation, validation rules and solution metadata.",Teacher via catalog selection and developer via generator verification; no auth or permission gates in scope.,"Supported grade/format/strand filters, answer-key correctness, deterministic item generation, validation rules and solution metadata.",Passing,"npm run test:generators passed: 139 worksheet types, 834 generated items, failed [].",,,,"Selecting Quadratic Graph Features produces canonical worksheet JSON with 3-12 questions, title Quadratic Graph Features, supported grades 9/10/11, supported formats graph-data/worked-practice, generator kind algebra, matching answer key entries, passing audit results, and checkable answers.",Matches expected behavior in the recorded test evidence.,,"npm run test:generators passed: 139 worksheet types, 834 generated items, failed [].; npm run test:generators passed: 139 worksheet types, 834 generated items, failed [].",No issue found,,,"npm run test:generators passed: 139 worksheet types, 834 generated items, failed [].",Passed,catalog_id=quadratic-graph-features; strand=Algebra and Functions; grades=9|10|11; formats=graph-data|worked-practice; generatorKind=algebra,src/features/worksheet/catalog.ts; src/features/worksheet/generator.ts; src/features/worksheet/item-factory.ts,GEN-112,Worksheet generators,Quadratic Graph Features,"As a teacher, I can select the Quadratic Graph Features generator for Algebra and Functions practice.","Selecting Quadratic Graph Features produces canonical worksheet JSON with 3-12 questions, title Quadratic Graph Features, supported grades 9/10/11, supported formats graph-data/worked-practice, generator kind algebra, matching answer key entries, passing audit results, and checkable answers.",src/features/worksheet/catalog.ts; src/features/worksheet/generator.ts; src/features/worksheet/item-factory.ts,passed,"npm run test:generators passed: 139 worksheet types, 834 generated items, failed [].",,,"npm run test:generators passed: 139 worksheet types, 834 generated items, failed [].",catalog_id=quadratic-graph-features; strand=Algebra and Functions; grades=9|10|11; formats=graph-data|worked-practice; generatorKind=algebra
GEN-113,Exponential Growth and Decay Models,"Worksheet generators: Exponential Growth and Decay Models. Selecting Exponential Growth and Decay Models produces canonical worksheet JSON with 3-12 questions, title Exponential Growth and Decay Models, supported grades 9/10/11, supported formats real-world/worked-practice, generator kind exponent, matching answer key entries, passing audit results, and checkable answers.",Worksheet generators,GEN-113,"As a teacher, I can select the Exponential Growth and Decay Models generator for Algebra and Functions practice.","1. Given Worksheet generator catalog entry selectable from setup panel, when the story is exercised, then Selecting Exponential Growth and Decay Models produces canonical worksheet JSON with 3-12 questions, title Exponential Growth and Decay Models, supported grades 9/10/11, supported formats real-world/worked-practice, generator kind exponent, matching answer key entries, passing audit results, and checkable answers. 2. The recorded initial and regression evidence for GEN-113 is Passing or Fixed. 3. Any discovered issue for this story has severity, reproduction, root cause, fix status, and retest evidence recorded in this row.","Selecting Exponential Growth and Decay Models produces canonical worksheet JSON with 3-12 questions, title Exponential Growth and Decay Models, supported grades 9/10/11, supported formats real-world/worked-practice, generator kind exponent, matching answer key entries, passing audit results, and checkable answers.",Worksheet generator catalog entry selectable from setup panel,src/features/worksheet/catalog.ts; src/features/worksheet/generator.ts; src/features/worksheet/item-factory.ts,"Supported grade/format/strand filters, answer-key correctness, deterministic item generation, validation rules and solution metadata.",Teacher via catalog selection and developer via generator verification; no auth or permission gates in scope.,"Supported grade/format/strand filters, answer-key correctness, deterministic item generation, validation rules and solution metadata.",Passing,"npm run test:generators passed: 139 worksheet types, 834 generated items, failed [].",,,,"Selecting Exponential Growth and Decay Models produces canonical worksheet JSON with 3-12 questions, title Exponential Growth and Decay Models, supported grades 9/10/11, supported formats real-world/worked-practice, generator kind exponent, matching answer key entries, passing audit results, and checkable answers.",Matches expected behavior in the recorded test evidence.,,"npm run test:generators passed: 139 worksheet types, 834 generated items, failed [].; npm run test:generators passed: 139 worksheet types, 834 generated items, failed [].",No issue found,,,"npm run test:generators passed: 139 worksheet types, 834 generated items, failed [].",Passed,catalog_id=exponential-growth-and-decay-models; strand=Algebra and Functions; grades=9|10|11; formats=real-world|worked-practice; generatorKind=exponent,src/features/worksheet/catalog.ts; src/features/worksheet/generator.ts; src/features/worksheet/item-factory.ts,GEN-113,Worksheet generators,Exponential Growth and Decay Models,"As a teacher, I can select the Exponential Growth and Decay Models generator for Algebra and Functions practice.","Selecting Exponential Growth and Decay Models produces canonical worksheet JSON with 3-12 questions, title Exponential Growth and Decay Models, supported grades 9/10/11, supported formats real-world/worked-practice, generator kind exponent, matching answer key entries, passing audit results, and checkable answers.",src/features/worksheet/catalog.ts; src/features/worksheet/generator.ts; src/features/worksheet/item-factory.ts,passed,"npm run test:generators passed: 139 worksheet types, 834 generated items, failed [].",,,"npm run test:generators passed: 139 worksheet types, 834 generated items, failed [].",catalog_id=exponential-growth-and-decay-models; strand=Algebra and Functions; grades=9|10|11; formats=real-world|worked-practice; generatorKind=exponent
GEN-114,Function Notation Practice,"Worksheet generators: Function Notation Practice. Selecting Function Notation Practice produces canonical worksheet JSON with 3-12 questions, title Function Notation Practice, supported grades 9/10, supported formats worked-practice/quick-check, generator kind algebra, matching answer key entries, passing audit results, and checkable answers.",Worksheet generators,GEN-114,"As a teacher, I can select the Function Notation Practice generator for Algebra and Functions practice.","1. Given Worksheet generator catalog entry selectable from setup panel, when the story is exercised, then Selecting Function Notation Practice produces canonical worksheet JSON with 3-12 questions, title Function Notation Practice, supported grades 9/10, supported formats worked-practice/quick-check, generator kind algebra, matching answer key entries, passing audit results, and checkable answers. 2. The recorded initial and regression evidence for GEN-114 is Passing or Fixed. 3. Any discovered issue for this story has severity, reproduction, root cause, fix status, and retest evidence recorded in this row.","Selecting Function Notation Practice produces canonical worksheet JSON with 3-12 questions, title Function Notation Practice, supported grades 9/10, supported formats worked-practice/quick-check, generator kind algebra, matching answer key entries, passing audit results, and checkable answers.",Worksheet generator catalog entry selectable from setup panel,src/features/worksheet/catalog.ts; src/features/worksheet/generator.ts; src/features/worksheet/item-factory.ts,"Supported grade/format/strand filters, answer-key correctness, deterministic item generation, validation rules and solution metadata.",Teacher via catalog selection and developer via generator verification; no auth or permission gates in scope.,"Supported grade/format/strand filters, answer-key correctness, deterministic item generation, validation rules and solution metadata.",Passing,"npm run test:generators passed: 139 worksheet types, 834 generated items, failed [].",,,,"Selecting Function Notation Practice produces canonical worksheet JSON with 3-12 questions, title Function Notation Practice, supported grades 9/10, supported formats worked-practice/quick-check, generator kind algebra, matching answer key entries, passing audit results, and checkable answers.",Matches expected behavior in the recorded test evidence.,,"npm run test:generators passed: 139 worksheet types, 834 generated items, failed [].; npm run test:generators passed: 139 worksheet types, 834 generated items, failed [].",No issue found,,,"npm run test:generators passed: 139 worksheet types, 834 generated items, failed [].",Passed,catalog_id=function-notation-practice; strand=Algebra and Functions; grades=9|10; formats=worked-practice|quick-check; generatorKind=algebra,src/features/worksheet/catalog.ts; src/features/worksheet/generator.ts; src/features/worksheet/item-factory.ts,GEN-114,Worksheet generators,Function Notation Practice,"As a teacher, I can select the Function Notation Practice generator for Algebra and Functions practice.","Selecting Function Notation Practice produces canonical worksheet JSON with 3-12 questions, title Function Notation Practice, supported grades 9/10, supported formats worked-practice/quick-check, generator kind algebra, matching answer key entries, passing audit results, and checkable answers.",src/features/worksheet/catalog.ts; src/features/worksheet/generator.ts; src/features/worksheet/item-factory.ts,passed,"npm run test:generators passed: 139 worksheet types, 834 generated items, failed [].",,,"npm run test:generators passed: 139 worksheet types, 834 generated items, failed [].",catalog_id=function-notation-practice; strand=Algebra and Functions; grades=9|10; formats=worked-practice|quick-check; generatorKind=algebra
GEN-115,Arithmetic and Geometric Sequences,"Worksheet generators: Arithmetic and Geometric Sequences. Selecting Arithmetic and Geometric Sequences produces canonical worksheet JSON with 3-12 questions, title Arithmetic and Geometric Sequences, supported grades 9/10/11, supported formats worked-practice/quick-check, generator kind numberPattern, matching answer key entries, passing audit results, and checkable answers.",Worksheet generators,GEN-115,"As a teacher, I can select the Arithmetic and Geometric Sequences generator for Algebra and Functions practice.","1. Given Worksheet generator catalog entry selectable from setup panel, when the story is exercised, then Selecting Arithmetic and Geometric Sequences produces canonical worksheet JSON with 3-12 questions, title Arithmetic and Geometric Sequences, supported grades 9/10/11, supported formats worked-practice/quick-check, generator kind numberPattern, matching answer key entries, passing audit results, and checkable answers. 2. The recorded initial and regression evidence for GEN-115 is Passing or Fixed. 3. Any discovered issue for this story has severity, reproduction, root cause, fix status, and retest evidence recorded in this row.","Selecting Arithmetic and Geometric Sequences produces canonical worksheet JSON with 3-12 questions, title Arithmetic and Geometric Sequences, supported grades 9/10/11, supported formats worked-practice/quick-check, generator kind numberPattern, matching answer key entries, passing audit results, and checkable answers.",Worksheet generator catalog entry selectable from setup panel,src/features/worksheet/catalog.ts; src/features/worksheet/generator.ts; src/features/worksheet/item-factory.ts,"Supported grade/format/strand filters, answer-key correctness, deterministic item generation, validation rules and solution metadata.",Teacher via catalog selection and developer via generator verification; no auth or permission gates in scope.,"Supported grade/format/strand filters, answer-key correctness, deterministic item generation, validation rules and solution metadata.",Passing,"npm run test:generators passed: 139 worksheet types, 834 generated items, failed [].",,,,"Selecting Arithmetic and Geometric Sequences produces canonical worksheet JSON with 3-12 questions, title Arithmetic and Geometric Sequences, supported grades 9/10/11, supported formats worked-practice/quick-check, generator kind numberPattern, matching answer key entries, passing audit results, and checkable answers.",Matches expected behavior in the recorded test evidence.,,"npm run test:generators passed: 139 worksheet types, 834 generated items, failed [].; npm run test:generators passed: 139 worksheet types, 834 generated items, failed [].",No issue found,,,"npm run test:generators passed: 139 worksheet types, 834 generated items, failed [].",Passed,catalog_id=arithmetic-and-geometric-sequences; strand=Algebra and Functions; grades=9|10|11; formats=worked-practice|quick-check; generatorKind=numberPattern,src/features/worksheet/catalog.ts; src/features/worksheet/generator.ts; src/features/worksheet/item-factory.ts,GEN-115,Worksheet generators,Arithmetic and Geometric Sequences,"As a teacher, I can select the Arithmetic and Geometric Sequences generator for Algebra and Functions practice.","Selecting Arithmetic and Geometric Sequences produces canonical worksheet JSON with 3-12 questions, title Arithmetic and Geometric Sequences, supported grades 9/10/11, supported formats worked-practice/quick-check, generator kind numberPattern, matching answer key entries, passing audit results, and checkable answers.",src/features/worksheet/catalog.ts; src/features/worksheet/generator.ts; src/features/worksheet/item-factory.ts,passed,"npm run test:generators passed: 139 worksheet types, 834 generated items, failed [].",,,"npm run test:generators passed: 139 worksheet types, 834 generated items, failed [].",catalog_id=arithmetic-and-geometric-sequences; strand=Algebra and Functions; grades=9|10|11; formats=worked-practice|quick-check; generatorKind=numberPattern
GEN-116,Polynomial Operations,"Worksheet generators: Polynomial Operations. Selecting Polynomial Operations produces canonical worksheet JSON with 3-12 questions, title Polynomial Operations, supported grades 10/11, supported formats worked-practice/quick-check, generator kind algebra, matching answer key entries, passing audit results, and checkable answers.",Worksheet generators,GEN-116,"As a teacher, I can select the Polynomial Operations generator for Algebra and Functions practice.","1. Given Worksheet generator catalog entry selectable from setup panel, when the story is exercised, then Selecting Polynomial Operations produces canonical worksheet JSON with 3-12 questions, title Polynomial Operations, supported grades 10/11, supported formats worked-practice/quick-check, generator kind algebra, matching answer key entries, passing audit results, and checkable answers. 2. The recorded initial and regression evidence for GEN-116 is Passing or Fixed. 3. Any discovered issue for this story has severity, reproduction, root cause, fix status, and retest evidence recorded in this row.","Selecting Polynomial Operations produces canonical worksheet JSON with 3-12 questions, title Polynomial Operations, supported grades 10/11, supported formats worked-practice/quick-check, generator kind algebra, matching answer key entries, passing audit results, and checkable answers.",Worksheet generator catalog entry selectable from setup panel,src/features/worksheet/catalog.ts; src/features/worksheet/generator.ts; src/features/worksheet/item-factory.ts,"Supported grade/format/strand filters, answer-key correctness, deterministic item generation, validation rules and solution metadata.",Teacher via catalog selection and developer via generator verification; no auth or permission gates in scope.,"Supported grade/format/strand filters, answer-key correctness, deterministic item generation, validation rules and solution metadata.",Passing,"npm run test:generators passed: 139 worksheet types, 834 generated items, failed [].",,,,"Selecting Polynomial Operations produces canonical worksheet JSON with 3-12 questions, title Polynomial Operations, supported grades 10/11, supported formats worked-practice/quick-check, generator kind algebra, matching answer key entries, passing audit results, and checkable answers.",Matches expected behavior in the recorded test evidence.,,"npm run test:generators passed: 139 worksheet types, 834 generated items, failed [].; npm run test:generators passed: 139 worksheet types, 834 generated items, failed [].",No issue found,,,"npm run test:generators passed: 139 worksheet types, 834 generated items, failed [].",Passed,catalog_id=polynomial-operations; strand=Algebra and Functions; grades=10|11; formats=worked-practice|quick-check; generatorKind=algebra,src/features/worksheet/catalog.ts; src/features/worksheet/generator.ts; src/features/worksheet/item-factory.ts,GEN-116,Worksheet generators,Polynomial Operations,"As a teacher, I can select the Polynomial Operations generator for Algebra and Functions practice.","Selecting Polynomial Operations produces canonical worksheet JSON with 3-12 questions, title Polynomial Operations, supported grades 10/11, supported formats worked-practice/quick-check, generator kind algebra, matching answer key entries, passing audit results, and checkable answers.",src/features/worksheet/catalog.ts; src/features/worksheet/generator.ts; src/features/worksheet/item-factory.ts,passed,"npm run test:generators passed: 139 worksheet types, 834 generated items, failed [].",,,"npm run test:generators passed: 139 worksheet types, 834 generated items, failed [].",catalog_id=polynomial-operations; strand=Algebra and Functions; grades=10|11; formats=worked-practice|quick-check; generatorKind=algebra
GEN-117,Radical Expression Simplifying,"Worksheet generators: Radical Expression Simplifying. Selecting Radical Expression Simplifying produces canonical worksheet JSON with 3-12 questions, title Radical Expression Simplifying, supported grades 10/11, supported formats worked-practice/quick-check, generator kind exponent, matching answer key entries, passing audit results, and checkable answers.",Worksheet generators,GEN-117,"As a teacher, I can select the Radical Expression Simplifying generator for Number Sense practice.","1. Given Worksheet generator catalog entry selectable from setup panel, when the story is exercised, then Selecting Radical Expression Simplifying produces canonical worksheet JSON with 3-12 questions, title Radical Expression Simplifying, supported grades 10/11, supported formats worked-practice/quick-check, generator kind exponent, matching answer key entries, passing audit results, and checkable answers. 2. The recorded initial and regression evidence for GEN-117 is Passing or Fixed. 3. Any discovered issue for this story has severity, reproduction, root cause, fix status, and retest evidence recorded in this row.","Selecting Radical Expression Simplifying produces canonical worksheet JSON with 3-12 questions, title Radical Expression Simplifying, supported grades 10/11, supported formats worked-practice/quick-check, generator kind exponent, matching answer key entries, passing audit results, and checkable answers.",Worksheet generator catalog entry selectable from setup panel,src/features/worksheet/catalog.ts; src/features/worksheet/generator.ts; src/features/worksheet/item-factory.ts,"Supported grade/format/strand filters, answer-key correctness, deterministic item generation, validation rules and solution metadata.",Teacher via catalog selection and developer via generator verification; no auth or permission gates in scope.,"Supported grade/format/strand filters, answer-key correctness, deterministic item generation, validation rules and solution metadata.",Passing,"npm run test:generators passed: 139 worksheet types, 834 generated items, failed [].",,,,"Selecting Radical Expression Simplifying produces canonical worksheet JSON with 3-12 questions, title Radical Expression Simplifying, supported grades 10/11, supported formats worked-practice/quick-check, generator kind exponent, matching answer key entries, passing audit results, and checkable answers.",Matches expected behavior in the recorded test evidence.,,"npm run test:generators passed: 139 worksheet types, 834 generated items, failed [].; npm run test:generators passed: 139 worksheet types, 834 generated items, failed [].",No issue found,,,"npm run test:generators passed: 139 worksheet types, 834 generated items, failed [].",Passed,catalog_id=radical-expression-simplifying; strand=Number Sense; grades=10|11; formats=worked-practice|quick-check; generatorKind=exponent,src/features/worksheet/catalog.ts; src/features/worksheet/generator.ts; src/features/worksheet/item-factory.ts,GEN-117,Worksheet generators,Radical Expression Simplifying,"As a teacher, I can select the Radical Expression Simplifying generator for Number Sense practice.","Selecting Radical Expression Simplifying produces canonical worksheet JSON with 3-12 questions, title Radical Expression Simplifying, supported grades 10/11, supported formats worked-practice/quick-check, generator kind exponent, matching answer key entries, passing audit results, and checkable answers.",src/features/worksheet/catalog.ts; src/features/worksheet/generator.ts; src/features/worksheet/item-factory.ts,passed,"npm run test:generators passed: 139 worksheet types, 834 generated items, failed [].",,,"npm run test:generators passed: 139 worksheet types, 834 generated items, failed [].",catalog_id=radical-expression-simplifying; strand=Number Sense; grades=10|11; formats=worked-practice|quick-check; generatorKind=exponent
GEN-118,Rational Exponents,"Worksheet generators: Rational Exponents. Selecting Rational Exponents produces canonical worksheet JSON with 3-12 questions, title Rational Exponents, supported grades 10/11, supported formats worked-practice/quick-check, generator kind exponent, matching answer key entries, passing audit results, and checkable answers.",Worksheet generators,GEN-118,"As a teacher, I can select the Rational Exponents generator for Number Sense practice.","1. Given Worksheet generator catalog entry selectable from setup panel, when the story is exercised, then Selecting Rational Exponents produces canonical worksheet JSON with 3-12 questions, title Rational Exponents, supported grades 10/11, supported formats worked-practice/quick-check, generator kind exponent, matching answer key entries, passing audit results, and checkable answers. 2. The recorded initial and regression evidence for GEN-118 is Passing or Fixed. 3. Any discovered issue for this story has severity, reproduction, root cause, fix status, and retest evidence recorded in this row.","Selecting Rational Exponents produces canonical worksheet JSON with 3-12 questions, title Rational Exponents, supported grades 10/11, supported formats worked-practice/quick-check, generator kind exponent, matching answer key entries, passing audit results, and checkable answers.",Worksheet generator catalog entry selectable from setup panel,src/features/worksheet/catalog.ts; src/features/worksheet/generator.ts; src/features/worksheet/item-factory.ts,"Supported grade/format/strand filters, answer-key correctness, deterministic item generation, validation rules and solution metadata.",Teacher via catalog selection and developer via generator verification; no auth or permission gates in scope.,"Supported grade/format/strand filters, answer-key correctness, deterministic item generation, validation rules and solution metadata.",Passing,"npm run test:generators passed: 139 worksheet types, 834 generated items, failed [].",,,,"Selecting Rational Exponents produces canonical worksheet JSON with 3-12 questions, title Rational Exponents, supported grades 10/11, supported formats worked-practice/quick-check, generator kind exponent, matching answer key entries, passing audit results, and checkable answers.",Matches expected behavior in the recorded test evidence.,,"npm run test:generators passed: 139 worksheet types, 834 generated items, failed [].; npm run test:generators passed: 139 worksheet types, 834 generated items, failed [].",No issue found,,,"npm run test:generators passed: 139 worksheet types, 834 generated items, failed [].",Passed,catalog_id=rational-exponents; strand=Number Sense; grades=10|11; formats=worked-practice|quick-check; generatorKind=exponent,src/features/worksheet/catalog.ts; src/features/worksheet/generator.ts; src/features/worksheet/item-factory.ts,GEN-118,Worksheet generators,Rational Exponents,"As a teacher, I can select the Rational Exponents generator for Number Sense practice.","Selecting Rational Exponents produces canonical worksheet JSON with 3-12 questions, title Rational Exponents, supported grades 10/11, supported formats worked-practice/quick-check, generator kind exponent, matching answer key entries, passing audit results, and checkable answers.",src/features/worksheet/catalog.ts; src/features/worksheet/generator.ts; src/features/worksheet/item-factory.ts,passed,"npm run test:generators passed: 139 worksheet types, 834 generated items, failed [].",,,"npm run test:generators passed: 139 worksheet types, 834 generated items, failed [].",catalog_id=rational-exponents; strand=Number Sense; grades=10|11; formats=worked-practice|quick-check; generatorKind=exponent
GEN-119,Domain and Range from Graphs,"Worksheet generators: Domain and Range from Graphs. Selecting Domain and Range from Graphs produces canonical worksheet JSON with 3-12 questions, title Domain and Range from Graphs, supported grades 9/10/11, supported formats graph-data/quick-check, generator kind coordinate, matching answer key entries, passing audit results, and checkable answers.",Worksheet generators,GEN-119,"As a teacher, I can select the Domain and Range from Graphs generator for Algebra and Functions practice.","1. Given Worksheet generator catalog entry selectable from setup panel, when the story is exercised, then Selecting Domain and Range from Graphs produces canonical worksheet JSON with 3-12 questions, title Domain and Range from Graphs, supported grades 9/10/11, supported formats graph-data/quick-check, generator kind coordinate, matching answer key entries, passing audit results, and checkable answers. 2. The recorded initial and regression evidence for GEN-119 is Passing or Fixed. 3. Any discovered issue for this story has severity, reproduction, root cause, fix status, and retest evidence recorded in this row.","Selecting Domain and Range from Graphs produces canonical worksheet JSON with 3-12 questions, title Domain and Range from Graphs, supported grades 9/10/11, supported formats graph-data/quick-check, generator kind coordinate, matching answer key entries, passing audit results, and checkable answers.",Worksheet generator catalog entry selectable from setup panel,src/features/worksheet/catalog.ts; src/features/worksheet/generator.ts; src/features/worksheet/item-factory.ts,"Supported grade/format/strand filters, answer-key correctness, deterministic item generation, validation rules and solution metadata.",Teacher via catalog selection and developer via generator verification; no auth or permission gates in scope.,"Supported grade/format/strand filters, answer-key correctness, deterministic item generation, validation rules and solution metadata.",Passing,"npm run test:generators passed: 139 worksheet types, 834 generated items, failed [].",,,,"Selecting Domain and Range from Graphs produces canonical worksheet JSON with 3-12 questions, title Domain and Range from Graphs, supported grades 9/10/11, supported formats graph-data/quick-check, generator kind coordinate, matching answer key entries, passing audit results, and checkable answers.",Matches expected behavior in the recorded test evidence.,,"npm run test:generators passed: 139 worksheet types, 834 generated items, failed [].; npm run test:generators passed: 139 worksheet types, 834 generated items, failed [].",No issue found,,,"npm run test:generators passed: 139 worksheet types, 834 generated items, failed [].",Passed,catalog_id=domain-and-range-from-graphs; strand=Algebra and Functions; grades=9|10|11; formats=graph-data|quick-check; generatorKind=coordinate,src/features/worksheet/catalog.ts; src/features/worksheet/generator.ts; src/features/worksheet/item-factory.ts,GEN-119,Worksheet generators,Domain and Range from Graphs,"As a teacher, I can select the Domain and Range from Graphs generator for Algebra and Functions practice.","Selecting Domain and Range from Graphs produces canonical worksheet JSON with 3-12 questions, title Domain and Range from Graphs, supported grades 9/10/11, supported formats graph-data/quick-check, generator kind coordinate, matching answer key entries, passing audit results, and checkable answers.",src/features/worksheet/catalog.ts; src/features/worksheet/generator.ts; src/features/worksheet/item-factory.ts,passed,"npm run test:generators passed: 139 worksheet types, 834 generated items, failed [].",,,"npm run test:generators passed: 139 worksheet types, 834 generated items, failed [].",catalog_id=domain-and-range-from-graphs; strand=Algebra and Functions; grades=9|10|11; formats=graph-data|quick-check; generatorKind=coordinate
GEN-120,Transformations of Functions,"Worksheet generators: Transformations of Functions. Selecting Transformations of Functions produces canonical worksheet JSON with 3-12 questions, title Transformations of Functions, supported grades 10/11/12, supported formats graph-data/worked-practice, generator kind algebra, matching answer key entries, passing audit results, and checkable answers.",Worksheet generators,GEN-120,"As a teacher, I can select the Transformations of Functions generator for Algebra and Functions practice.","1. Given Worksheet generator catalog entry selectable from setup panel, when the story is exercised, then Selecting Transformations of Functions produces canonical worksheet JSON with 3-12 questions, title Transformations of Functions, supported grades 10/11/12, supported formats graph-data/worked-practice, generator kind algebra, matching answer key entries, passing audit results, and checkable answers. 2. The recorded initial and regression evidence for GEN-120 is Passing or Fixed. 3. Any discovered issue for this story has severity, reproduction, root cause, fix status, and retest evidence recorded in this row.","Selecting Transformations of Functions produces canonical worksheet JSON with 3-12 questions, title Transformations of Functions, supported grades 10/11/12, supported formats graph-data/worked-practice, generator kind algebra, matching answer key entries, passing audit results, and checkable answers.",Worksheet generator catalog entry selectable from setup panel,src/features/worksheet/catalog.ts; src/features/worksheet/generator.ts; src/features/worksheet/item-factory.ts,"Supported grade/format/strand filters, answer-key correctness, deterministic item generation, validation rules and solution metadata.",Teacher via catalog selection and developer via generator verification; no auth or permission gates in scope.,"Supported grade/format/strand filters, answer-key correctness, deterministic item generation, validation rules and solution metadata.",Passing,"npm run test:generators passed: 139 worksheet types, 834 generated items, failed [].",,,,"Selecting Transformations of Functions produces canonical worksheet JSON with 3-12 questions, title Transformations of Functions, supported grades 10/11/12, supported formats graph-data/worked-practice, generator kind algebra, matching answer key entries, passing audit results, and checkable answers.",Matches expected behavior in the recorded test evidence.,,"npm run test:generators passed: 139 worksheet types, 834 generated items, failed [].; npm run test:generators passed: 139 worksheet types, 834 generated items, failed [].",No issue found,,,"npm run test:generators passed: 139 worksheet types, 834 generated items, failed [].",Passed,catalog_id=transformations-of-functions; strand=Algebra and Functions; grades=10|11|12; formats=graph-data|worked-practice; generatorKind=algebra,src/features/worksheet/catalog.ts; src/features/worksheet/generator.ts; src/features/worksheet/item-factory.ts,GEN-120,Worksheet generators,Transformations of Functions,"As a teacher, I can select the Transformations of Functions generator for Algebra and Functions practice.","Selecting Transformations of Functions produces canonical worksheet JSON with 3-12 questions, title Transformations of Functions, supported grades 10/11/12, supported formats graph-data/worked-practice, generator kind algebra, matching answer key entries, passing audit results, and checkable answers.",src/features/worksheet/catalog.ts; src/features/worksheet/generator.ts; src/features/worksheet/item-factory.ts,passed,"npm run test:generators passed: 139 worksheet types, 834 generated items, failed [].",,,"npm run test:generators passed: 139 worksheet types, 834 generated items, failed [].",catalog_id=transformations-of-functions; strand=Algebra and Functions; grades=10|11|12; formats=graph-data|worked-practice; generatorKind=algebra
GEN-121,Right Triangle Trigonometry,"Worksheet generators: Right Triangle Trigonometry. Selecting Right Triangle Trigonometry produces canonical worksheet JSON with 3-12 questions, title Right Triangle Trigonometry, supported grades 10/11, supported formats visual-model/worked-practice, generator kind geometry, matching answer key entries, passing audit results, and checkable answers.",Worksheet generators,GEN-121,"As a teacher, I can select the Right Triangle Trigonometry generator for Geometry and Spatial Reasoning practice.","1. Given Worksheet generator catalog entry selectable from setup panel, when the story is exercised, then Selecting Right Triangle Trigonometry produces canonical worksheet JSON with 3-12 questions, title Right Triangle Trigonometry, supported grades 10/11, supported formats visual-model/worked-practice, generator kind geometry, matching answer key entries, passing audit results, and checkable answers. 2. The recorded initial and regression evidence for GEN-121 is Passing or Fixed. 3. Any discovered issue for this story has severity, reproduction, root cause, fix status, and retest evidence recorded in this row.","Selecting Right Triangle Trigonometry produces canonical worksheet JSON with 3-12 questions, title Right Triangle Trigonometry, supported grades 10/11, supported formats visual-model/worked-practice, generator kind geometry, matching answer key entries, passing audit results, and checkable answers.",Worksheet generator catalog entry selectable from setup panel,src/features/worksheet/catalog.ts; src/features/worksheet/generator.ts; src/features/worksheet/item-factory.ts,"Supported grade/format/strand filters, answer-key correctness, deterministic item generation, validation rules and solution metadata.",Teacher via catalog selection and developer via generator verification; no auth or permission gates in scope.,"Supported grade/format/strand filters, answer-key correctness, deterministic item generation, validation rules and solution metadata.",Passing,"npm run test:generators passed: 139 worksheet types, 834 generated items, failed [].",,,,"Selecting Right Triangle Trigonometry produces canonical worksheet JSON with 3-12 questions, title Right Triangle Trigonometry, supported grades 10/11, supported formats visual-model/worked-practice, generator kind geometry, matching answer key entries, passing audit results, and checkable answers.",Matches expected behavior in the recorded test evidence.,,"npm run test:generators passed: 139 worksheet types, 834 generated items, failed [].; npm run test:generators passed: 139 worksheet types, 834 generated items, failed [].",No issue found,,,"npm run test:generators passed: 139 worksheet types, 834 generated items, failed [].",Passed,catalog_id=right-triangle-trigonometry; strand=Geometry and Spatial Reasoning; grades=10|11; formats=visual-model|worked-practice; generatorKind=geometry,src/features/worksheet/catalog.ts; src/features/worksheet/generator.ts; src/features/worksheet/item-factory.ts,GEN-121,Worksheet generators,Right Triangle Trigonometry,"As a teacher, I can select the Right Triangle Trigonometry generator for Geometry and Spatial Reasoning practice.","Selecting Right Triangle Trigonometry produces canonical worksheet JSON with 3-12 questions, title Right Triangle Trigonometry, supported grades 10/11, supported formats visual-model/worked-practice, generator kind geometry, matching answer key entries, passing audit results, and checkable answers.",src/features/worksheet/catalog.ts; src/features/worksheet/generator.ts; src/features/worksheet/item-factory.ts,passed,"npm run test:generators passed: 139 worksheet types, 834 generated items, failed [].",,,"npm run test:generators passed: 139 worksheet types, 834 generated items, failed [].",catalog_id=right-triangle-trigonometry; strand=Geometry and Spatial Reasoning; grades=10|11; formats=visual-model|worked-practice; generatorKind=geometry
GEN-122,Pythagorean Theorem Applications,"Worksheet generators: Pythagorean Theorem Applications. Selecting Pythagorean Theorem Applications produces canonical worksheet JSON with 3-12 questions, title Pythagorean Theorem Applications, supported grades 9/10, supported formats visual-model/real-world, generator kind geometry, matching answer key entries, passing audit results, and checkable answers.",Worksheet generators,GEN-122,"As a teacher, I can select the Pythagorean Theorem Applications generator for Geometry and Spatial Reasoning practice.","1. Given Worksheet generator catalog entry selectable from setup panel, when the story is exercised, then Selecting Pythagorean Theorem Applications produces canonical worksheet JSON with 3-12 questions, title Pythagorean Theorem Applications, supported grades 9/10, supported formats visual-model/real-world, generator kind geometry, matching answer key entries, passing audit results, and checkable answers. 2. The recorded initial and regression evidence for GEN-122 is Passing or Fixed. 3. Any discovered issue for this story has severity, reproduction, root cause, fix status, and retest evidence recorded in this row.","Selecting Pythagorean Theorem Applications produces canonical worksheet JSON with 3-12 questions, title Pythagorean Theorem Applications, supported grades 9/10, supported formats visual-model/real-world, generator kind geometry, matching answer key entries, passing audit results, and checkable answers.",Worksheet generator catalog entry selectable from setup panel,src/features/worksheet/catalog.ts; src/features/worksheet/generator.ts; src/features/worksheet/item-factory.ts,"Supported grade/format/strand filters, answer-key correctness, deterministic item generation, validation rules and solution metadata.",Teacher via catalog selection and developer via generator verification; no auth or permission gates in scope.,"Supported grade/format/strand filters, answer-key correctness, deterministic item generation, validation rules and solution metadata.",Passing,"npm run test:generators passed: 139 worksheet types, 834 generated items, failed [].",,,,"Selecting Pythagorean Theorem Applications produces canonical worksheet JSON with 3-12 questions, title Pythagorean Theorem Applications, supported grades 9/10, supported formats visual-model/real-world, generator kind geometry, matching answer key entries, passing audit results, and checkable answers.",Matches expected behavior in the recorded test evidence.,,"npm run test:generators passed: 139 worksheet types, 834 generated items, failed [].; npm run test:generators passed: 139 worksheet types, 834 generated items, failed [].",No issue found,,,"npm run test:generators passed: 139 worksheet types, 834 generated items, failed [].",Passed,catalog_id=pythagorean-theorem-applications; strand=Geometry and Spatial Reasoning; grades=9|10; formats=visual-model|real-world; generatorKind=geometry,src/features/worksheet/catalog.ts; src/features/worksheet/generator.ts; src/features/worksheet/item-factory.ts,GEN-122,Worksheet generators,Pythagorean Theorem Applications,"As a teacher, I can select the Pythagorean Theorem Applications generator for Geometry and Spatial Reasoning practice.","Selecting Pythagorean Theorem Applications produces canonical worksheet JSON with 3-12 questions, title Pythagorean Theorem Applications, supported grades 9/10, supported formats visual-model/real-world, generator kind geometry, matching answer key entries, passing audit results, and checkable answers.",src/features/worksheet/catalog.ts; src/features/worksheet/generator.ts; src/features/worksheet/item-factory.ts,passed,"npm run test:generators passed: 139 worksheet types, 834 generated items, failed [].",,,"npm run test:generators passed: 139 worksheet types, 834 generated items, failed [].",catalog_id=pythagorean-theorem-applications; strand=Geometry and Spatial Reasoning; grades=9|10; formats=visual-model|real-world; generatorKind=geometry
GEN-123,Similarity and Scale Factor,"Worksheet generators: Similarity and Scale Factor. Selecting Similarity and Scale Factor produces canonical worksheet JSON with 3-12 questions, title Similarity and Scale Factor, supported grades 9/10, supported formats visual-model/worked-practice, generator kind ratio, matching answer key entries, passing audit results, and checkable answers.",Worksheet generators,GEN-123,"As a teacher, I can select the Similarity and Scale Factor generator for Geometry and Spatial Reasoning practice.","1. Given Worksheet generator catalog entry selectable from setup panel, when the story is exercised, then Selecting Similarity and Scale Factor produces canonical worksheet JSON with 3-12 questions, title Similarity and Scale Factor, supported grades 9/10, supported formats visual-model/worked-practice, generator kind ratio, matching answer key entries, passing audit results, and checkable answers. 2. The recorded initial and regression evidence for GEN-123 is Passing or Fixed. 3. Any discovered issue for this story has severity, reproduction, root cause, fix status, and retest evidence recorded in this row.","Selecting Similarity and Scale Factor produces canonical worksheet JSON with 3-12 questions, title Similarity and Scale Factor, supported grades 9/10, supported formats visual-model/worked-practice, generator kind ratio, matching answer key entries, passing audit results, and checkable answers.",Worksheet generator catalog entry selectable from setup panel,src/features/worksheet/catalog.ts; src/features/worksheet/generator.ts; src/features/worksheet/item-factory.ts,"Supported grade/format/strand filters, answer-key correctness, deterministic item generation, validation rules and solution metadata.",Teacher via catalog selection and developer via generator verification; no auth or permission gates in scope.,"Supported grade/format/strand filters, answer-key correctness, deterministic item generation, validation rules and solution metadata.",Passing,"npm run test:generators passed: 139 worksheet types, 834 generated items, failed [].",,,,"Selecting Similarity and Scale Factor produces canonical worksheet JSON with 3-12 questions, title Similarity and Scale Factor, supported grades 9/10, supported formats visual-model/worked-practice, generator kind ratio, matching answer key entries, passing audit results, and checkable answers.",Matches expected behavior in the recorded test evidence.,,"npm run test:generators passed: 139 worksheet types, 834 generated items, failed [].; npm run test:generators passed: 139 worksheet types, 834 generated items, failed [].",No issue found,,,"npm run test:generators passed: 139 worksheet types, 834 generated items, failed [].",Passed,catalog_id=similarity-and-scale-factor; strand=Geometry and Spatial Reasoning; grades=9|10; formats=visual-model|worked-practice; generatorKind=ratio,src/features/worksheet/catalog.ts; src/features/worksheet/generator.ts; src/features/worksheet/item-factory.ts,GEN-123,Worksheet generators,Similarity and Scale Factor,"As a teacher, I can select the Similarity and Scale Factor generator for Geometry and Spatial Reasoning practice.","Selecting Similarity and Scale Factor produces canonical worksheet JSON with 3-12 questions, title Similarity and Scale Factor, supported grades 9/10, supported formats visual-model/worked-practice, generator kind ratio, matching answer key entries, passing audit results, and checkable answers.",src/features/worksheet/catalog.ts; src/features/worksheet/generator.ts; src/features/worksheet/item-factory.ts,passed,"npm run test:generators passed: 139 worksheet types, 834 generated items, failed [].",,,"npm run test:generators passed: 139 worksheet types, 834 generated items, failed [].",catalog_id=similarity-and-scale-factor; strand=Geometry and Spatial Reasoning; grades=9|10; formats=visual-model|worked-practice; generatorKind=ratio
GEN-124,Triangle Congruence Reasoning,"Worksheet generators: Triangle Congruence Reasoning. Selecting Triangle Congruence Reasoning produces canonical worksheet JSON with 3-12 questions, title Triangle Congruence Reasoning, supported grades 10, supported formats visual-model/quick-check, generator kind geometry, matching answer key entries, passing audit results, and checkable answers.",Worksheet generators,GEN-124,"As a teacher, I can select the Triangle Congruence Reasoning generator for Geometry and Spatial Reasoning practice.","1. Given Worksheet generator catalog entry selectable from setup panel, when the story is exercised, then Selecting Triangle Congruence Reasoning produces canonical worksheet JSON with 3-12 questions, title Triangle Congruence Reasoning, supported grades 10, supported formats visual-model/quick-check, generator kind geometry, matching answer key entries, passing audit results, and checkable answers. 2. The recorded initial and regression evidence for GEN-124 is Passing or Fixed. 3. Any discovered issue for this story has severity, reproduction, root cause, fix status, and retest evidence recorded in this row.","Selecting Triangle Congruence Reasoning produces canonical worksheet JSON with 3-12 questions, title Triangle Congruence Reasoning, supported grades 10, supported formats visual-model/quick-check, generator kind geometry, matching answer key entries, passing audit results, and checkable answers.",Worksheet generator catalog entry selectable from setup panel,src/features/worksheet/catalog.ts; src/features/worksheet/generator.ts; src/features/worksheet/item-factory.ts,"Supported grade/format/strand filters, answer-key correctness, deterministic item generation, validation rules and solution metadata.",Teacher via catalog selection and developer via generator verification; no auth or permission gates in scope.,"Supported grade/format/strand filters, answer-key correctness, deterministic item generation, validation rules and solution metadata.",Passing,"npm run test:generators passed: 139 worksheet types, 834 generated items, failed [].",,,,"Selecting Triangle Congruence Reasoning produces canonical worksheet JSON with 3-12 questions, title Triangle Congruence Reasoning, supported grades 10, supported formats visual-model/quick-check, generator kind geometry, matching answer key entries, passing audit results, and checkable answers.",Matches expected behavior in the recorded test evidence.,,"npm run test:generators passed: 139 worksheet types, 834 generated items, failed [].; npm run test:generators passed: 139 worksheet types, 834 generated items, failed [].",No issue found,,,"npm run test:generators passed: 139 worksheet types, 834 generated items, failed [].",Passed,catalog_id=triangle-congruence-reasoning; strand=Geometry and Spatial Reasoning; grades=10; formats=visual-model|quick-check; generatorKind=geometry,src/features/worksheet/catalog.ts; src/features/worksheet/generator.ts; src/features/worksheet/item-factory.ts,GEN-124,Worksheet generators,Triangle Congruence Reasoning,"As a teacher, I can select the Triangle Congruence Reasoning generator for Geometry and Spatial Reasoning practice.","Selecting Triangle Congruence Reasoning produces canonical worksheet JSON with 3-12 questions, title Triangle Congruence Reasoning, supported grades 10, supported formats visual-model/quick-check, generator kind geometry, matching answer key entries, passing audit results, and checkable answers.",src/features/worksheet/catalog.ts; src/features/worksheet/generator.ts; src/features/worksheet/item-factory.ts,passed,"npm run test:generators passed: 139 worksheet types, 834 generated items, failed [].",,,"npm run test:generators passed: 139 worksheet types, 834 generated items, failed [].",catalog_id=triangle-congruence-reasoning; strand=Geometry and Spatial Reasoning; grades=10; formats=visual-model|quick-check; generatorKind=geometry
GEN-125,Circle Theorems Practice,"Worksheet generators: Circle Theorems Practice. Selecting Circle Theorems Practice produces canonical worksheet JSON with 3-12 questions, title Circle Theorems Practice, supported grades 10/11, supported formats visual-model/worked-practice, generator kind geometry, matching answer key entries, passing audit results, and checkable answers.",Worksheet generators,GEN-125,"As a teacher, I can select the Circle Theorems Practice generator for Geometry and Spatial Reasoning practice.","1. Given Worksheet generator catalog entry selectable from setup panel, when the story is exercised, then Selecting Circle Theorems Practice produces canonical worksheet JSON with 3-12 questions, title Circle Theorems Practice, supported grades 10/11, supported formats visual-model/worked-practice, generator kind geometry, matching answer key entries, passing audit results, and checkable answers. 2. The recorded initial and regression evidence for GEN-125 is Passing or Fixed. 3. Any discovered issue for this story has severity, reproduction, root cause, fix status, and retest evidence recorded in this row.","Selecting Circle Theorems Practice produces canonical worksheet JSON with 3-12 questions, title Circle Theorems Practice, supported grades 10/11, supported formats visual-model/worked-practice, generator kind geometry, matching answer key entries, passing audit results, and checkable answers.",Worksheet generator catalog entry selectable from setup panel,src/features/worksheet/catalog.ts; src/features/worksheet/generator.ts; src/features/worksheet/item-factory.ts,"Supported grade/format/strand filters, answer-key correctness, deterministic item generation, validation rules and solution metadata.",Teacher via catalog selection and developer via generator verification; no auth or permission gates in scope.,"Supported grade/format/strand filters, answer-key correctness, deterministic item generation, validation rules and solution metadata.",Passing,"npm run test:generators passed: 139 worksheet types, 834 generated items, failed [].",,,,"Selecting Circle Theorems Practice produces canonical worksheet JSON with 3-12 questions, title Circle Theorems Practice, supported grades 10/11, supported formats visual-model/worked-practice, generator kind geometry, matching answer key entries, passing audit results, and checkable answers.",Matches expected behavior in the recorded test evidence.,,"npm run test:generators passed: 139 worksheet types, 834 generated items, failed [].; npm run test:generators passed: 139 worksheet types, 834 generated items, failed [].",No issue found,,,"npm run test:generators passed: 139 worksheet types, 834 generated items, failed [].",Passed,catalog_id=circle-theorems-practice; strand=Geometry and Spatial Reasoning; grades=10|11; formats=visual-model|worked-practice; generatorKind=geometry,src/features/worksheet/catalog.ts; src/features/worksheet/generator.ts; src/features/worksheet/item-factory.ts,GEN-125,Worksheet generators,Circle Theorems Practice,"As a teacher, I can select the Circle Theorems Practice generator for Geometry and Spatial Reasoning practice.","Selecting Circle Theorems Practice produces canonical worksheet JSON with 3-12 questions, title Circle Theorems Practice, supported grades 10/11, supported formats visual-model/worked-practice, generator kind geometry, matching answer key entries, passing audit results, and checkable answers.",src/features/worksheet/catalog.ts; src/features/worksheet/generator.ts; src/features/worksheet/item-factory.ts,passed,"npm run test:generators passed: 139 worksheet types, 834 generated items, failed [].",,,"npm run test:generators passed: 139 worksheet types, 834 generated items, failed [].",catalog_id=circle-theorems-practice; strand=Geometry and Spatial Reasoning; grades=10|11; formats=visual-model|worked-practice; generatorKind=geometry
GEN-126,Coordinate Geometry Proof Prep,"Worksheet generators: Coordinate Geometry Proof Prep. Selecting Coordinate Geometry Proof Prep produces canonical worksheet JSON with 3-12 questions, title Coordinate Geometry Proof Prep, supported grades 10/11, supported formats graph-data/worked-practice, generator kind coordinate, matching answer key entries, passing audit results, and checkable answers.",Worksheet generators,GEN-126,"As a teacher, I can select the Coordinate Geometry Proof Prep generator for Geometry and Spatial Reasoning practice.","1. Given Worksheet generator catalog entry selectable from setup panel, when the story is exercised, then Selecting Coordinate Geometry Proof Prep produces canonical worksheet JSON with 3-12 questions, title Coordinate Geometry Proof Prep, supported grades 10/11, supported formats graph-data/worked-practice, generator kind coordinate, matching answer key entries, passing audit results, and checkable answers. 2. The recorded initial and regression evidence for GEN-126 is Passing or Fixed. 3. Any discovered issue for this story has severity, reproduction, root cause, fix status, and retest evidence recorded in this row.","Selecting Coordinate Geometry Proof Prep produces canonical worksheet JSON with 3-12 questions, title Coordinate Geometry Proof Prep, supported grades 10/11, supported formats graph-data/worked-practice, generator kind coordinate, matching answer key entries, passing audit results, and checkable answers.",Worksheet generator catalog entry selectable from setup panel,src/features/worksheet/catalog.ts; src/features/worksheet/generator.ts; src/features/worksheet/item-factory.ts,"Supported grade/format/strand filters, answer-key correctness, deterministic item generation, validation rules and solution metadata.",Teacher via catalog selection and developer via generator verification; no auth or permission gates in scope.,"Supported grade/format/strand filters, answer-key correctness, deterministic item generation, validation rules and solution metadata.",Passing,"npm run test:generators passed: 139 worksheet types, 834 generated items, failed [].",,,,"Selecting Coordinate Geometry Proof Prep produces canonical worksheet JSON with 3-12 questions, title Coordinate Geometry Proof Prep, supported grades 10/11, supported formats graph-data/worked-practice, generator kind coordinate, matching answer key entries, passing audit results, and checkable answers.",Matches expected behavior in the recorded test evidence.,,"npm run test:generators passed: 139 worksheet types, 834 generated items, failed [].; npm run test:generators passed: 139 worksheet types, 834 generated items, failed [].",No issue found,,,"npm run test:generators passed: 139 worksheet types, 834 generated items, failed [].",Passed,catalog_id=coordinate-geometry-proof-prep; strand=Geometry and Spatial Reasoning; grades=10|11; formats=graph-data|worked-practice; generatorKind=coordinate,src/features/worksheet/catalog.ts; src/features/worksheet/generator.ts; src/features/worksheet/item-factory.ts,GEN-126,Worksheet generators,Coordinate Geometry Proof Prep,"As a teacher, I can select the Coordinate Geometry Proof Prep generator for Geometry and Spatial Reasoning practice.","Selecting Coordinate Geometry Proof Prep produces canonical worksheet JSON with 3-12 questions, title Coordinate Geometry Proof Prep, supported grades 10/11, supported formats graph-data/worked-practice, generator kind coordinate, matching answer key entries, passing audit results, and checkable answers.",src/features/worksheet/catalog.ts; src/features/worksheet/generator.ts; src/features/worksheet/item-factory.ts,passed,"npm run test:generators passed: 139 worksheet types, 834 generated items, failed [].",,,"npm run test:generators passed: 139 worksheet types, 834 generated items, failed [].",catalog_id=coordinate-geometry-proof-prep; strand=Geometry and Spatial Reasoning; grades=10|11; formats=graph-data|worked-practice; generatorKind=coordinate
GEN-127,Geometric Transformations on the Plane,"Worksheet generators: Geometric Transformations on the Plane. Selecting Geometric Transformations on the Plane produces canonical worksheet JSON with 3-12 questions, title Geometric Transformations on the Plane, supported grades 9/10, supported formats graph-data/visual-model, generator kind coordinate, matching answer key entries, passing audit results, and checkable answers.",Worksheet generators,GEN-127,"As a teacher, I can select the Geometric Transformations on the Plane generator for Geometry and Spatial Reasoning practice.","1. Given Worksheet generator catalog entry selectable from setup panel, when the story is exercised, then Selecting Geometric Transformations on the Plane produces canonical worksheet JSON with 3-12 questions, title Geometric Transformations on the Plane, supported grades 9/10, supported formats graph-data/visual-model, generator kind coordinate, matching answer key entries, passing audit results, and checkable answers. 2. The recorded initial and regression evidence for GEN-127 is Passing or Fixed. 3. Any discovered issue for this story has severity, reproduction, root cause, fix status, and retest evidence recorded in this row.","Selecting Geometric Transformations on the Plane produces canonical worksheet JSON with 3-12 questions, title Geometric Transformations on the Plane, supported grades 9/10, supported formats graph-data/visual-model, generator kind coordinate, matching answer key entries, passing audit results, and checkable answers.",Worksheet generator catalog entry selectable from setup panel,src/features/worksheet/catalog.ts; src/features/worksheet/generator.ts; src/features/worksheet/item-factory.ts,"Supported grade/format/strand filters, answer-key correctness, deterministic item generation, validation rules and solution metadata.",Teacher via catalog selection and developer via generator verification; no auth or permission gates in scope.,"Supported grade/format/strand filters, answer-key correctness, deterministic item generation, validation rules and solution metadata.",Passing,"npm run test:generators passed: 139 worksheet types, 834 generated items, failed [].",,,,"Selecting Geometric Transformations on the Plane produces canonical worksheet JSON with 3-12 questions, title Geometric Transformations on the Plane, supported grades 9/10, supported formats graph-data/visual-model, generator kind coordinate, matching answer key entries, passing audit results, and checkable answers.",Matches expected behavior in the recorded test evidence.,,"npm run test:generators passed: 139 worksheet types, 834 generated items, failed [].; npm run test:generators passed: 139 worksheet types, 834 generated items, failed [].",No issue found,,,"npm run test:generators passed: 139 worksheet types, 834 generated items, failed [].",Passed,catalog_id=geometric-transformations-on-the-plane; strand=Geometry and Spatial Reasoning; grades=9|10; formats=graph-data|visual-model; generatorKind=coordinate,src/features/worksheet/catalog.ts; src/features/worksheet/generator.ts; src/features/worksheet/item-factory.ts,GEN-127,Worksheet generators,Geometric Transformations on the Plane,"As a teacher, I can select the Geometric Transformations on the Plane generator for Geometry and Spatial Reasoning practice.","Selecting Geometric Transformations on the Plane produces canonical worksheet JSON with 3-12 questions, title Geometric Transformations on the Plane, supported grades 9/10, supported formats graph-data/visual-model, generator kind coordinate, matching answer key entries, passing audit results, and checkable answers.",src/features/worksheet/catalog.ts; src/features/worksheet/generator.ts; src/features/worksheet/item-factory.ts,passed,"npm run test:generators passed: 139 worksheet types, 834 generated items, failed [].",,,"npm run test:generators passed: 139 worksheet types, 834 generated items, failed [].",catalog_id=geometric-transformations-on-the-plane; strand=Geometry and Spatial Reasoning; grades=9|10; formats=graph-data|visual-model; generatorKind=coordinate
GEN-128,Two-Way Tables and Conditional Probability,"Worksheet generators: Two-Way Tables and Conditional Probability. Selecting Two-Way Tables and Conditional Probability produces canonical worksheet JSON with 3-12 questions, title Two-Way Tables and Conditional Probability, supported grades 9/10/11, supported formats graph-data/real-world, generator kind probability, matching answer key entries, passing audit results, and checkable answers.",Worksheet generators,GEN-128,"As a teacher, I can select the Two-Way Tables and Conditional Probability generator for Data, Statistics, and Probability practice.","1. Given Worksheet generator catalog entry selectable from setup panel, when the story is exercised, then Selecting Two-Way Tables and Conditional Probability produces canonical worksheet JSON with 3-12 questions, title Two-Way Tables and Conditional Probability, supported grades 9/10/11, supported formats graph-data/real-world, generator kind probability, matching answer key entries, passing audit results, and checkable answers. 2. The recorded initial and regression evidence for GEN-128 is Passing or Fixed. 3. Any discovered issue for this story has severity, reproduction, root cause, fix status, and retest evidence recorded in this row.","Selecting Two-Way Tables and Conditional Probability produces canonical worksheet JSON with 3-12 questions, title Two-Way Tables and Conditional Probability, supported grades 9/10/11, supported formats graph-data/real-world, generator kind probability, matching answer key entries, passing audit results, and checkable answers.",Worksheet generator catalog entry selectable from setup panel,src/features/worksheet/catalog.ts; src/features/worksheet/generator.ts; src/features/worksheet/item-factory.ts,"Supported grade/format/strand filters, answer-key correctness, deterministic item generation, validation rules and solution metadata.",Teacher via catalog selection and developer via generator verification; no auth or permission gates in scope.,"Supported grade/format/strand filters, answer-key correctness, deterministic item generation, validation rules and solution metadata.",Passing,"npm run test:generators passed: 139 worksheet types, 834 generated items, failed [].",,,,"Selecting Two-Way Tables and Conditional Probability produces canonical worksheet JSON with 3-12 questions, title Two-Way Tables and Conditional Probability, supported grades 9/10/11, supported formats graph-data/real-world, generator kind probability, matching answer key entries, passing audit results, and checkable answers.",Matches expected behavior in the recorded test evidence.,,"npm run test:generators passed: 139 worksheet types, 834 generated items, failed [].; npm run test:generators passed: 139 worksheet types, 834 generated items, failed [].",No issue found,,,"npm run test:generators passed: 139 worksheet types, 834 generated items, failed [].",Passed,"catalog_id=two-way-tables-and-conditional-probability; strand=Data, Statistics, and Probability; grades=9|10|11; formats=graph-data|real-world; generatorKind=probability",src/features/worksheet/catalog.ts; src/features/worksheet/generator.ts; src/features/worksheet/item-factory.ts,GEN-128,Worksheet generators,Two-Way Tables and Conditional Probability,"As a teacher, I can select the Two-Way Tables and Conditional Probability generator for Data, Statistics, and Probability practice.","Selecting Two-Way Tables and Conditional Probability produces canonical worksheet JSON with 3-12 questions, title Two-Way Tables and Conditional Probability, supported grades 9/10/11, supported formats graph-data/real-world, generator kind probability, matching answer key entries, passing audit results, and checkable answers.",src/features/worksheet/catalog.ts; src/features/worksheet/generator.ts; src/features/worksheet/item-factory.ts,passed,"npm run test:generators passed: 139 worksheet types, 834 generated items, failed [].",,,"npm run test:generators passed: 139 worksheet types, 834 generated items, failed [].","catalog_id=two-way-tables-and-conditional-probability; strand=Data, Statistics, and Probability; grades=9|10|11; formats=graph-data|real-world; generatorKind=probability"
GEN-129,Normal Distribution Interpretations,"Worksheet generators: Normal Distribution Interpretations. Selecting Normal Distribution Interpretations produces canonical worksheet JSON with 3-12 questions, title Normal Distribution Interpretations, supported grades 11/12, supported formats graph-data/worked-practice, generator kind mean, matching answer key entries, passing audit results, and checkable answers.",Worksheet generators,GEN-129,"As a teacher, I can select the Normal Distribution Interpretations generator for Data, Statistics, and Probability practice.","1. Given Worksheet generator catalog entry selectable from setup panel, when the story is exercised, then Selecting Normal Distribution Interpretations produces canonical worksheet JSON with 3-12 questions, title Normal Distribution Interpretations, supported grades 11/12, supported formats graph-data/worked-practice, generator kind mean, matching answer key entries, passing audit results, and checkable answers. 2. The recorded initial and regression evidence for GEN-129 is Passing or Fixed. 3. Any discovered issue for this story has severity, reproduction, root cause, fix status, and retest evidence recorded in this row.","Selecting Normal Distribution Interpretations produces canonical worksheet JSON with 3-12 questions, title Normal Distribution Interpretations, supported grades 11/12, supported formats graph-data/worked-practice, generator kind mean, matching answer key entries, passing audit results, and checkable answers.",Worksheet generator catalog entry selectable from setup panel,src/features/worksheet/catalog.ts; src/features/worksheet/generator.ts; src/features/worksheet/item-factory.ts,"Supported grade/format/strand filters, answer-key correctness, deterministic item generation, validation rules and solution metadata.",Teacher via catalog selection and developer via generator verification; no auth or permission gates in scope.,"Supported grade/format/strand filters, answer-key correctness, deterministic item generation, validation rules and solution metadata.",Passing,"npm run test:generators passed: 139 worksheet types, 834 generated items, failed [].",,,,"Selecting Normal Distribution Interpretations produces canonical worksheet JSON with 3-12 questions, title Normal Distribution Interpretations, supported grades 11/12, supported formats graph-data/worked-practice, generator kind mean, matching answer key entries, passing audit results, and checkable answers.",Matches expected behavior in the recorded test evidence.,,"npm run test:generators passed: 139 worksheet types, 834 generated items, failed [].; npm run test:generators passed: 139 worksheet types, 834 generated items, failed [].",No issue found,,,"npm run test:generators passed: 139 worksheet types, 834 generated items, failed [].",Passed,"catalog_id=normal-distribution-interpretations; strand=Data, Statistics, and Probability; grades=11|12; formats=graph-data|worked-practice; generatorKind=mean",src/features/worksheet/catalog.ts; src/features/worksheet/generator.ts; src/features/worksheet/item-factory.ts,GEN-129,Worksheet generators,Normal Distribution Interpretations,"As a teacher, I can select the Normal Distribution Interpretations generator for Data, Statistics, and Probability practice.","Selecting Normal Distribution Interpretations produces canonical worksheet JSON with 3-12 questions, title Normal Distribution Interpretations, supported grades 11/12, supported formats graph-data/worked-practice, generator kind mean, matching answer key entries, passing audit results, and checkable answers.",src/features/worksheet/catalog.ts; src/features/worksheet/generator.ts; src/features/worksheet/item-factory.ts,passed,"npm run test:generators passed: 139 worksheet types, 834 generated items, failed [].",,,"npm run test:generators passed: 139 worksheet types, 834 generated items, failed [].","catalog_id=normal-distribution-interpretations; strand=Data, Statistics, and Probability; grades=11|12; formats=graph-data|worked-practice; generatorKind=mean"
GEN-130,Scatter Plot Trend Analysis,"Worksheet generators: Scatter Plot Trend Analysis. Selecting Scatter Plot Trend Analysis produces canonical worksheet JSON with 3-12 questions, title Scatter Plot Trend Analysis, supported grades 9/10/11, supported formats graph-data/real-world, generator kind coordinate, matching answer key entries, passing audit results, and checkable answers.",Worksheet generators,GEN-130,"As a teacher, I can select the Scatter Plot Trend Analysis generator for Data, Statistics, and Probability practice.","1. Given Worksheet generator catalog entry selectable from setup panel, when the story is exercised, then Selecting Scatter Plot Trend Analysis produces canonical worksheet JSON with 3-12 questions, title Scatter Plot Trend Analysis, supported grades 9/10/11, supported formats graph-data/real-world, generator kind coordinate, matching answer key entries, passing audit results, and checkable answers. 2. The recorded initial and regression evidence for GEN-130 is Passing or Fixed. 3. Any discovered issue for this story has severity, reproduction, root cause, fix status, and retest evidence recorded in this row.","Selecting Scatter Plot Trend Analysis produces canonical worksheet JSON with 3-12 questions, title Scatter Plot Trend Analysis, supported grades 9/10/11, supported formats graph-data/real-world, generator kind coordinate, matching answer key entries, passing audit results, and checkable answers.",Worksheet generator catalog entry selectable from setup panel,src/features/worksheet/catalog.ts; src/features/worksheet/generator.ts; src/features/worksheet/item-factory.ts,"Supported grade/format/strand filters, answer-key correctness, deterministic item generation, validation rules and solution metadata.",Teacher via catalog selection and developer via generator verification; no auth or permission gates in scope.,"Supported grade/format/strand filters, answer-key correctness, deterministic item generation, validation rules and solution metadata.",Passing,"npm run test:generators passed: 139 worksheet types, 834 generated items, failed [].",,,,"Selecting Scatter Plot Trend Analysis produces canonical worksheet JSON with 3-12 questions, title Scatter Plot Trend Analysis, supported grades 9/10/11, supported formats graph-data/real-world, generator kind coordinate, matching answer key entries, passing audit results, and checkable answers.",Matches expected behavior in the recorded test evidence.,,"npm run test:generators passed: 139 worksheet types, 834 generated items, failed [].; npm run test:generators passed: 139 worksheet types, 834 generated items, failed [].",No issue found,,,"npm run test:generators passed: 139 worksheet types, 834 generated items, failed [].",Passed,"catalog_id=scatter-plot-trend-analysis; strand=Data, Statistics, and Probability; grades=9|10|11; formats=graph-data|real-world; generatorKind=coordinate",src/features/worksheet/catalog.ts; src/features/worksheet/generator.ts; src/features/worksheet/item-factory.ts,GEN-130,Worksheet generators,Scatter Plot Trend Analysis,"As a teacher, I can select the Scatter Plot Trend Analysis generator for Data, Statistics, and Probability practice.","Selecting Scatter Plot Trend Analysis produces canonical worksheet JSON with 3-12 questions, title Scatter Plot Trend Analysis, supported grades 9/10/11, supported formats graph-data/real-world, generator kind coordinate, matching answer key entries, passing audit results, and checkable answers.",src/features/worksheet/catalog.ts; src/features/worksheet/generator.ts; src/features/worksheet/item-factory.ts,passed,"npm run test:generators passed: 139 worksheet types, 834 generated items, failed [].",,,"npm run test:generators passed: 139 worksheet types, 834 generated items, failed [].","catalog_id=scatter-plot-trend-analysis; strand=Data, Statistics, and Probability; grades=9|10|11; formats=graph-data|real-world; generatorKind=coordinate"
GEN-131,Measures of Center and Spread,"Worksheet generators: Measures of Center and Spread. Selecting Measures of Center and Spread produces canonical worksheet JSON with 3-12 questions, title Measures of Center and Spread, supported grades 9/10, supported formats graph-data/worked-practice, generator kind mean, matching answer key entries, passing audit results, and checkable answers.",Worksheet generators,GEN-131,"As a teacher, I can select the Measures of Center and Spread generator for Data, Statistics, and Probability practice.","1. Given Worksheet generator catalog entry selectable from setup panel, when the story is exercised, then Selecting Measures of Center and Spread produces canonical worksheet JSON with 3-12 questions, title Measures of Center and Spread, supported grades 9/10, supported formats graph-data/worked-practice, generator kind mean, matching answer key entries, passing audit results, and checkable answers. 2. The recorded initial and regression evidence for GEN-131 is Passing or Fixed. 3. Any discovered issue for this story has severity, reproduction, root cause, fix status, and retest evidence recorded in this row.","Selecting Measures of Center and Spread produces canonical worksheet JSON with 3-12 questions, title Measures of Center and Spread, supported grades 9/10, supported formats graph-data/worked-practice, generator kind mean, matching answer key entries, passing audit results, and checkable answers.",Worksheet generator catalog entry selectable from setup panel,src/features/worksheet/catalog.ts; src/features/worksheet/generator.ts; src/features/worksheet/item-factory.ts,"Supported grade/format/strand filters, answer-key correctness, deterministic item generation, validation rules and solution metadata.",Teacher via catalog selection and developer via generator verification; no auth or permission gates in scope.,"Supported grade/format/strand filters, answer-key correctness, deterministic item generation, validation rules and solution metadata.",Passing,"npm run test:generators passed: 139 worksheet types, 834 generated items, failed [].",,,,"Selecting Measures of Center and Spread produces canonical worksheet JSON with 3-12 questions, title Measures of Center and Spread, supported grades 9/10, supported formats graph-data/worked-practice, generator kind mean, matching answer key entries, passing audit results, and checkable answers.",Matches expected behavior in the recorded test evidence.,,"npm run test:generators passed: 139 worksheet types, 834 generated items, failed [].; npm run test:generators passed: 139 worksheet types, 834 generated items, failed [].",No issue found,,,"npm run test:generators passed: 139 worksheet types, 834 generated items, failed [].",Passed,"catalog_id=measures-of-center-and-spread; strand=Data, Statistics, and Probability; grades=9|10; formats=graph-data|worked-practice; generatorKind=mean",src/features/worksheet/catalog.ts; src/features/worksheet/generator.ts; src/features/worksheet/item-factory.ts,GEN-131,Worksheet generators,Measures of Center and Spread,"As a teacher, I can select the Measures of Center and Spread generator for Data, Statistics, and Probability practice.","Selecting Measures of Center and Spread produces canonical worksheet JSON with 3-12 questions, title Measures of Center and Spread, supported grades 9/10, supported formats graph-data/worked-practice, generator kind mean, matching answer key entries, passing audit results, and checkable answers.",src/features/worksheet/catalog.ts; src/features/worksheet/generator.ts; src/features/worksheet/item-factory.ts,passed,"npm run test:generators passed: 139 worksheet types, 834 generated items, failed [].",,,"npm run test:generators passed: 139 worksheet types, 834 generated items, failed [].","catalog_id=measures-of-center-and-spread; strand=Data, Statistics, and Probability; grades=9|10; formats=graph-data|worked-practice; generatorKind=mean"
GEN-132,Permutations and Combinations,"Worksheet generators: Permutations and Combinations. Selecting Permutations and Combinations produces canonical worksheet JSON with 3-12 questions, title Permutations and Combinations, supported grades 11/12, supported formats worked-practice/real-world, generator kind probability, matching answer key entries, passing audit results, and checkable answers.",Worksheet generators,GEN-132,"As a teacher, I can select the Permutations and Combinations generator for Data, Statistics, and Probability practice.","1. Given Worksheet generator catalog entry selectable from setup panel, when the story is exercised, then Selecting Permutations and Combinations produces canonical worksheet JSON with 3-12 questions, title Permutations and Combinations, supported grades 11/12, supported formats worked-practice/real-world, generator kind probability, matching answer key entries, passing audit results, and checkable answers. 2. The recorded initial and regression evidence for GEN-132 is Passing or Fixed. 3. Any discovered issue for this story has severity, reproduction, root cause, fix status, and retest evidence recorded in this row.","Selecting Permutations and Combinations produces canonical worksheet JSON with 3-12 questions, title Permutations and Combinations, supported grades 11/12, supported formats worked-practice/real-world, generator kind probability, matching answer key entries, passing audit results, and checkable answers.",Worksheet generator catalog entry selectable from setup panel,src/features/worksheet/catalog.ts; src/features/worksheet/generator.ts; src/features/worksheet/item-factory.ts,"Supported grade/format/strand filters, answer-key correctness, deterministic item generation, validation rules and solution metadata.",Teacher via catalog selection and developer via generator verification; no auth or permission gates in scope.,"Supported grade/format/strand filters, answer-key correctness, deterministic item generation, validation rules and solution metadata.",Passing,"npm run test:generators passed: 139 worksheet types, 834 generated items, failed [].",,,,"Selecting Permutations and Combinations produces canonical worksheet JSON with 3-12 questions, title Permutations and Combinations, supported grades 11/12, supported formats worked-practice/real-world, generator kind probability, matching answer key entries, passing audit results, and checkable answers.",Matches expected behavior in the recorded test evidence.,,"npm run test:generators passed: 139 worksheet types, 834 generated items, failed [].; npm run test:generators passed: 139 worksheet types, 834 generated items, failed [].",No issue found,,,"npm run test:generators passed: 139 worksheet types, 834 generated items, failed [].",Passed,"catalog_id=permutations-and-combinations; strand=Data, Statistics, and Probability; grades=11|12; formats=worked-practice|real-world; generatorKind=probability",src/features/worksheet/catalog.ts; src/features/worksheet/generator.ts; src/features/worksheet/item-factory.ts,GEN-132,Worksheet generators,Permutations and Combinations,"As a teacher, I can select the Permutations and Combinations generator for Data, Statistics, and Probability practice.","Selecting Permutations and Combinations produces canonical worksheet JSON with 3-12 questions, title Permutations and Combinations, supported grades 11/12, supported formats worked-practice/real-world, generator kind probability, matching answer key entries, passing audit results, and checkable answers.",src/features/worksheet/catalog.ts; src/features/worksheet/generator.ts; src/features/worksheet/item-factory.ts,passed,"npm run test:generators passed: 139 worksheet types, 834 generated items, failed [].",,,"npm run test:generators passed: 139 worksheet types, 834 generated items, failed [].","catalog_id=permutations-and-combinations; strand=Data, Statistics, and Probability; grades=11|12; formats=worked-practice|real-world; generatorKind=probability"
GEN-133,Compound Interest Scenarios,"Worksheet generators: Compound Interest Scenarios. Selecting Compound Interest Scenarios produces canonical worksheet JSON with 3-12 questions, title Compound Interest Scenarios, supported grades 9/10/11/12, supported formats real-world/worked-practice, generator kind percent, matching answer key entries, passing audit results, and checkable answers.",Worksheet generators,GEN-133,"As a teacher, I can select the Compound Interest Scenarios generator for Financial and Consumer Math practice.","1. Given Worksheet generator catalog entry selectable from setup panel, when the story is exercised, then Selecting Compound Interest Scenarios produces canonical worksheet JSON with 3-12 questions, title Compound Interest Scenarios, supported grades 9/10/11/12, supported formats real-world/worked-practice, generator kind percent, matching answer key entries, passing audit results, and checkable answers. 2. The recorded initial and regression evidence for GEN-133 is Passing or Fixed. 3. Any discovered issue for this story has severity, reproduction, root cause, fix status, and retest evidence recorded in this row.","Selecting Compound Interest Scenarios produces canonical worksheet JSON with 3-12 questions, title Compound Interest Scenarios, supported grades 9/10/11/12, supported formats real-world/worked-practice, generator kind percent, matching answer key entries, passing audit results, and checkable answers.",Worksheet generator catalog entry selectable from setup panel,src/features/worksheet/catalog.ts; src/features/worksheet/generator.ts; src/features/worksheet/item-factory.ts,"Supported grade/format/strand filters, answer-key correctness, deterministic item generation, validation rules and solution metadata.",Teacher via catalog selection and developer via generator verification; no auth or permission gates in scope.,"Supported grade/format/strand filters, answer-key correctness, deterministic item generation, validation rules and solution metadata.",Passing,"npm run test:generators passed: 139 worksheet types, 834 generated items, failed [].",,,,"Selecting Compound Interest Scenarios produces canonical worksheet JSON with 3-12 questions, title Compound Interest Scenarios, supported grades 9/10/11/12, supported formats real-world/worked-practice, generator kind percent, matching answer key entries, passing audit results, and checkable answers.",Matches expected behavior in the recorded test evidence.,,"npm run test:generators passed: 139 worksheet types, 834 generated items, failed [].; npm run test:generators passed: 139 worksheet types, 834 generated items, failed [].",No issue found,,,"npm run test:generators passed: 139 worksheet types, 834 generated items, failed [].",Passed,catalog_id=compound-interest-scenarios; strand=Financial and Consumer Math; grades=9|10|11|12; formats=real-world|worked-practice; generatorKind=percent,src/features/worksheet/catalog.ts; src/features/worksheet/generator.ts; src/features/worksheet/item-factory.ts,GEN-133,Worksheet generators,Compound Interest Scenarios,"As a teacher, I can select the Compound Interest Scenarios generator for Financial and Consumer Math practice.","Selecting Compound Interest Scenarios produces canonical worksheet JSON with 3-12 questions, title Compound Interest Scenarios, supported grades 9/10/11/12, supported formats real-world/worked-practice, generator kind percent, matching answer key entries, passing audit results, and checkable answers.",src/features/worksheet/catalog.ts; src/features/worksheet/generator.ts; src/features/worksheet/item-factory.ts,passed,"npm run test:generators passed: 139 worksheet types, 834 generated items, failed [].",,,"npm run test:generators passed: 139 worksheet types, 834 generated items, failed [].",catalog_id=compound-interest-scenarios; strand=Financial and Consumer Math; grades=9|10|11|12; formats=real-world|worked-practice; generatorKind=percent
GEN-134,Credit Card Payoff Reasoning,"Worksheet generators: Credit Card Payoff Reasoning. Selecting Credit Card Payoff Reasoning produces canonical worksheet JSON with 3-12 questions, title Credit Card Payoff Reasoning, supported grades 11/12, supported formats real-world/worked-practice, generator kind money, matching answer key entries, passing audit results, and checkable answers.",Worksheet generators,GEN-134,"As a teacher, I can select the Credit Card Payoff Reasoning generator for Financial and Consumer Math practice.","1. Given Worksheet generator catalog entry selectable from setup panel, when the story is exercised, then Selecting Credit Card Payoff Reasoning produces canonical worksheet JSON with 3-12 questions, title Credit Card Payoff Reasoning, supported grades 11/12, supported formats real-world/worked-practice, generator kind money, matching answer key entries, passing audit results, and checkable answers. 2. The recorded initial and regression evidence for GEN-134 is Passing or Fixed. 3. Any discovered issue for this story has severity, reproduction, root cause, fix status, and retest evidence recorded in this row.","Selecting Credit Card Payoff Reasoning produces canonical worksheet JSON with 3-12 questions, title Credit Card Payoff Reasoning, supported grades 11/12, supported formats real-world/worked-practice, generator kind money, matching answer key entries, passing audit results, and checkable answers.",Worksheet generator catalog entry selectable from setup panel,src/features/worksheet/catalog.ts; src/features/worksheet/generator.ts; src/features/worksheet/item-factory.ts,"Supported grade/format/strand filters, answer-key correctness, deterministic item generation, validation rules and solution metadata.",Teacher via catalog selection and developer via generator verification; no auth or permission gates in scope.,"Supported grade/format/strand filters, answer-key correctness, deterministic item generation, validation rules and solution metadata.",Passing,"npm run test:generators passed: 139 worksheet types, 834 generated items, failed [].",,,,"Selecting Credit Card Payoff Reasoning produces canonical worksheet JSON with 3-12 questions, title Credit Card Payoff Reasoning, supported grades 11/12, supported formats real-world/worked-practice, generator kind money, matching answer key entries, passing audit results, and checkable answers.",Matches expected behavior in the recorded test evidence.,,"npm run test:generators passed: 139 worksheet types, 834 generated items, failed [].; npm run test:generators passed: 139 worksheet types, 834 generated items, failed [].",No issue found,,,"npm run test:generators passed: 139 worksheet types, 834 generated items, failed [].",Passed,catalog_id=credit-card-payoff-reasoning; strand=Financial and Consumer Math; grades=11|12; formats=real-world|worked-practice; generatorKind=money,src/features/worksheet/catalog.ts; src/features/worksheet/generator.ts; src/features/worksheet/item-factory.ts,GEN-134,Worksheet generators,Credit Card Payoff Reasoning,"As a teacher, I can select the Credit Card Payoff Reasoning generator for Financial and Consumer Math practice.","Selecting Credit Card Payoff Reasoning produces canonical worksheet JSON with 3-12 questions, title Credit Card Payoff Reasoning, supported grades 11/12, supported formats real-world/worked-practice, generator kind money, matching answer key entries, passing audit results, and checkable answers.",src/features/worksheet/catalog.ts; src/features/worksheet/generator.ts; src/features/worksheet/item-factory.ts,passed,"npm run test:generators passed: 139 worksheet types, 834 generated items, failed [].",,,"npm run test:generators passed: 139 worksheet types, 834 generated items, failed [].",catalog_id=credit-card-payoff-reasoning; strand=Financial and Consumer Math; grades=11|12; formats=real-world|worked-practice; generatorKind=money
GEN-135,Tax Tip Discount and Markup,"Worksheet generators: Tax Tip Discount and Markup. Selecting Tax Tip Discount and Markup produces canonical worksheet JSON with 3-12 questions, title Tax Tip Discount and Markup, supported grades 9/10/11, supported formats real-world/quick-check, generator kind percent, matching answer key entries, passing audit results, and checkable answers.",Worksheet generators,GEN-135,"As a teacher, I can select the Tax Tip Discount and Markup generator for Financial and Consumer Math practice.","1. Given Worksheet generator catalog entry selectable from setup panel, when the story is exercised, then Selecting Tax Tip Discount and Markup produces canonical worksheet JSON with 3-12 questions, title Tax Tip Discount and Markup, supported grades 9/10/11, supported formats real-world/quick-check, generator kind percent, matching answer key entries, passing audit results, and checkable answers. 2. The recorded initial and regression evidence for GEN-135 is Passing or Fixed. 3. Any discovered issue for this story has severity, reproduction, root cause, fix status, and retest evidence recorded in this row.","Selecting Tax Tip Discount and Markup produces canonical worksheet JSON with 3-12 questions, title Tax Tip Discount and Markup, supported grades 9/10/11, supported formats real-world/quick-check, generator kind percent, matching answer key entries, passing audit results, and checkable answers.",Worksheet generator catalog entry selectable from setup panel,src/features/worksheet/catalog.ts; src/features/worksheet/generator.ts; src/features/worksheet/item-factory.ts,"Supported grade/format/strand filters, answer-key correctness, deterministic item generation, validation rules and solution metadata.",Teacher via catalog selection and developer via generator verification; no auth or permission gates in scope.,"Supported grade/format/strand filters, answer-key correctness, deterministic item generation, validation rules and solution metadata.",Passing,"npm run test:generators passed: 139 worksheet types, 834 generated items, failed [].",,,,"Selecting Tax Tip Discount and Markup produces canonical worksheet JSON with 3-12 questions, title Tax Tip Discount and Markup, supported grades 9/10/11, supported formats real-world/quick-check, generator kind percent, matching answer key entries, passing audit results, and checkable answers.",Matches expected behavior in the recorded test evidence.,,"npm run test:generators passed: 139 worksheet types, 834 generated items, failed [].; npm run test:generators passed: 139 worksheet types, 834 generated items, failed [].",No issue found,,,"npm run test:generators passed: 139 worksheet types, 834 generated items, failed [].",Passed,catalog_id=tax-tip-discount-and-markup; strand=Financial and Consumer Math; grades=9|10|11; formats=real-world|quick-check; generatorKind=percent,src/features/worksheet/catalog.ts; src/features/worksheet/generator.ts; src/features/worksheet/item-factory.ts,GEN-135,Worksheet generators,Tax Tip Discount and Markup,"As a teacher, I can select the Tax Tip Discount and Markup generator for Financial and Consumer Math practice.","Selecting Tax Tip Discount and Markup produces canonical worksheet JSON with 3-12 questions, title Tax Tip Discount and Markup, supported grades 9/10/11, supported formats real-world/quick-check, generator kind percent, matching answer key entries, passing audit results, and checkable answers.",src/features/worksheet/catalog.ts; src/features/worksheet/generator.ts; src/features/worksheet/item-factory.ts,passed,"npm run test:generators passed: 139 worksheet types, 834 generated items, failed [].",,,"npm run test:generators passed: 139 worksheet types, 834 generated items, failed [].",catalog_id=tax-tip-discount-and-markup; strand=Financial and Consumer Math; grades=9|10|11; formats=real-world|quick-check; generatorKind=percent
GEN-136,SAT ACT Linear Equation Practice,"Worksheet generators: SAT ACT Linear Equation Practice. Selecting SAT ACT Linear Equation Practice produces canonical worksheet JSON with 3-12 questions, title SAT ACT Linear Equation Practice, supported grades 10/11/12, supported formats quick-check/worked-practice, generator kind algebra, matching answer key entries, passing audit results, and checkable answers.",Worksheet generators,GEN-136,"As a teacher, I can select the SAT ACT Linear Equation Practice generator for Algebra and Functions practice.","1. Given Worksheet generator catalog entry selectable from setup panel, when the story is exercised, then Selecting SAT ACT Linear Equation Practice produces canonical worksheet JSON with 3-12 questions, title SAT ACT Linear Equation Practice, supported grades 10/11/12, supported formats quick-check/worked-practice, generator kind algebra, matching answer key entries, passing audit results, and checkable answers. 2. The recorded initial and regression evidence for GEN-136 is Passing or Fixed. 3. Any discovered issue for this story has severity, reproduction, root cause, fix status, and retest evidence recorded in this row.","Selecting SAT ACT Linear Equation Practice produces canonical worksheet JSON with 3-12 questions, title SAT ACT Linear Equation Practice, supported grades 10/11/12, supported formats quick-check/worked-practice, generator kind algebra, matching answer key entries, passing audit results, and checkable answers.",Worksheet generator catalog entry selectable from setup panel,src/features/worksheet/catalog.ts; src/features/worksheet/generator.ts; src/features/worksheet/item-factory.ts,"Supported grade/format/strand filters, answer-key correctness, deterministic item generation, validation rules and solution metadata.",Teacher via catalog selection and developer via generator verification; no auth or permission gates in scope.,"Supported grade/format/strand filters, answer-key correctness, deterministic item generation, validation rules and solution metadata.",Passing,"npm run test:generators passed: 139 worksheet types, 834 generated items, failed [].",,,,"Selecting SAT ACT Linear Equation Practice produces canonical worksheet JSON with 3-12 questions, title SAT ACT Linear Equation Practice, supported grades 10/11/12, supported formats quick-check/worked-practice, generator kind algebra, matching answer key entries, passing audit results, and checkable answers.",Matches expected behavior in the recorded test evidence.,,"npm run test:generators passed: 139 worksheet types, 834 generated items, failed [].; npm run test:generators passed: 139 worksheet types, 834 generated items, failed [].",No issue found,,,"npm run test:generators passed: 139 worksheet types, 834 generated items, failed [].",Passed,catalog_id=sat-act-linear-equation-practice; strand=Algebra and Functions; grades=10|11|12; formats=quick-check|worked-practice; generatorKind=algebra,src/features/worksheet/catalog.ts; src/features/worksheet/generator.ts; src/features/worksheet/item-factory.ts,GEN-136,Worksheet generators,SAT ACT Linear Equation Practice,"As a teacher, I can select the SAT ACT Linear Equation Practice generator for Algebra and Functions practice.","Selecting SAT ACT Linear Equation Practice produces canonical worksheet JSON with 3-12 questions, title SAT ACT Linear Equation Practice, supported grades 10/11/12, supported formats quick-check/worked-practice, generator kind algebra, matching answer key entries, passing audit results, and checkable answers.",src/features/worksheet/catalog.ts; src/features/worksheet/generator.ts; src/features/worksheet/item-factory.ts,passed,"npm run test:generators passed: 139 worksheet types, 834 generated items, failed [].",,,"npm run test:generators passed: 139 worksheet types, 834 generated items, failed [].",catalog_id=sat-act-linear-equation-practice; strand=Algebra and Functions; grades=10|11|12; formats=quick-check|worked-practice; generatorKind=algebra
GEN-137,SAT ACT Data Interpretation Practice,"Worksheet generators: SAT ACT Data Interpretation Practice. Selecting SAT ACT Data Interpretation Practice produces canonical worksheet JSON with 3-12 questions, title SAT ACT Data Interpretation Practice, supported grades 10/11/12, supported formats graph-data/quick-check, generator kind wordProblem, matching answer key entries, passing audit results, and checkable answers.",Worksheet generators,GEN-137,"As a teacher, I can select the SAT ACT Data Interpretation Practice generator for Data, Statistics, and Probability practice.","1. Given Worksheet generator catalog entry selectable from setup panel, when the story is exercised, then Selecting SAT ACT Data Interpretation Practice produces canonical worksheet JSON with 3-12 questions, title SAT ACT Data Interpretation Practice, supported grades 10/11/12, supported formats graph-data/quick-check, generator kind wordProblem, matching answer key entries, passing audit results, and checkable answers. 2. The recorded initial and regression evidence for GEN-137 is Passing or Fixed. 3. Any discovered issue for this story has severity, reproduction, root cause, fix status, and retest evidence recorded in this row.","Selecting SAT ACT Data Interpretation Practice produces canonical worksheet JSON with 3-12 questions, title SAT ACT Data Interpretation Practice, supported grades 10/11/12, supported formats graph-data/quick-check, generator kind wordProblem, matching answer key entries, passing audit results, and checkable answers.",Worksheet generator catalog entry selectable from setup panel,src/features/worksheet/catalog.ts; src/features/worksheet/generator.ts; src/features/worksheet/item-factory.ts,"Supported grade/format/strand filters, answer-key correctness, deterministic item generation, validation rules and solution metadata.",Teacher via catalog selection and developer via generator verification; no auth or permission gates in scope.,"Supported grade/format/strand filters, answer-key correctness, deterministic item generation, validation rules and solution metadata.",Passing,"npm run test:generators passed: 139 worksheet types, 834 generated items, failed [].",,,,"Selecting SAT ACT Data Interpretation Practice produces canonical worksheet JSON with 3-12 questions, title SAT ACT Data Interpretation Practice, supported grades 10/11/12, supported formats graph-data/quick-check, generator kind wordProblem, matching answer key entries, passing audit results, and checkable answers.",Matches expected behavior in the recorded test evidence.,,"npm run test:generators passed: 139 worksheet types, 834 generated items, failed [].; npm run test:generators passed: 139 worksheet types, 834 generated items, failed [].",No issue found,,,"npm run test:generators passed: 139 worksheet types, 834 generated items, failed [].",Passed,"catalog_id=sat-act-data-interpretation-practice; strand=Data, Statistics, and Probability; grades=10|11|12; formats=graph-data|quick-check; generatorKind=wordProblem",src/features/worksheet/catalog.ts; src/features/worksheet/generator.ts; src/features/worksheet/item-factory.ts,GEN-137,Worksheet generators,SAT ACT Data Interpretation Practice,"As a teacher, I can select the SAT ACT Data Interpretation Practice generator for Data, Statistics, and Probability practice.","Selecting SAT ACT Data Interpretation Practice produces canonical worksheet JSON with 3-12 questions, title SAT ACT Data Interpretation Practice, supported grades 10/11/12, supported formats graph-data/quick-check, generator kind wordProblem, matching answer key entries, passing audit results, and checkable answers.",src/features/worksheet/catalog.ts; src/features/worksheet/generator.ts; src/features/worksheet/item-factory.ts,passed,"npm run test:generators passed: 139 worksheet types, 834 generated items, failed [].",,,"npm run test:generators passed: 139 worksheet types, 834 generated items, failed [].","catalog_id=sat-act-data-interpretation-practice; strand=Data, Statistics, and Probability; grades=10|11|12; formats=graph-data|quick-check; generatorKind=wordProblem"
GEN-138,Optimization Word Problems,"Worksheet generators: Optimization Word Problems. Selecting Optimization Word Problems produces canonical worksheet JSON with 3-12 questions, title Optimization Word Problems, supported grades 11/12, supported formats real-world/worked-practice, generator kind wordProblem, matching answer key entries, passing audit results, and checkable answers.",Worksheet generators,GEN-138,"As a teacher, I can select the Optimization Word Problems generator for Word Problems and Mathematical Reasoning practice.","1. Given Worksheet generator catalog entry selectable from setup panel, when the story is exercised, then Selecting Optimization Word Problems produces canonical worksheet JSON with 3-12 questions, title Optimization Word Problems, supported grades 11/12, supported formats real-world/worked-practice, generator kind wordProblem, matching answer key entries, passing audit results, and checkable answers. 2. The recorded initial and regression evidence for GEN-138 is Passing or Fixed. 3. Any discovered issue for this story has severity, reproduction, root cause, fix status, and retest evidence recorded in this row.","Selecting Optimization Word Problems produces canonical worksheet JSON with 3-12 questions, title Optimization Word Problems, supported grades 11/12, supported formats real-world/worked-practice, generator kind wordProblem, matching answer key entries, passing audit results, and checkable answers.",Worksheet generator catalog entry selectable from setup panel,src/features/worksheet/catalog.ts; src/features/worksheet/generator.ts; src/features/worksheet/item-factory.ts,"Supported grade/format/strand filters, answer-key correctness, deterministic item generation, validation rules and solution metadata.",Teacher via catalog selection and developer via generator verification; no auth or permission gates in scope.,"Supported grade/format/strand filters, answer-key correctness, deterministic item generation, validation rules and solution metadata.",Passing,"npm run test:generators passed: 139 worksheet types, 834 generated items, failed [].",,,,"Selecting Optimization Word Problems produces canonical worksheet JSON with 3-12 questions, title Optimization Word Problems, supported grades 11/12, supported formats real-world/worked-practice, generator kind wordProblem, matching answer key entries, passing audit results, and checkable answers.",Matches expected behavior in the recorded test evidence.,,"npm run test:generators passed: 139 worksheet types, 834 generated items, failed [].; npm run test:generators passed: 139 worksheet types, 834 generated items, failed [].",No issue found,,,"npm run test:generators passed: 139 worksheet types, 834 generated items, failed [].",Passed,catalog_id=optimization-word-problems; strand=Word Problems and Mathematical Reasoning; grades=11|12; formats=real-world|worked-practice; generatorKind=wordProblem,src/features/worksheet/catalog.ts; src/features/worksheet/generator.ts; src/features/worksheet/item-factory.ts,GEN-138,Worksheet generators,Optimization Word Problems,"As a teacher, I can select the Optimization Word Problems generator for Word Problems and Mathematical Reasoning practice.","Selecting Optimization Word Problems produces canonical worksheet JSON with 3-12 questions, title Optimization Word Problems, supported grades 11/12, supported formats real-world/worked-practice, generator kind wordProblem, matching answer key entries, passing audit results, and checkable answers.",src/features/worksheet/catalog.ts; src/features/worksheet/generator.ts; src/features/worksheet/item-factory.ts,passed,"npm run test:generators passed: 139 worksheet types, 834 generated items, failed [].",,,"npm run test:generators passed: 139 worksheet types, 834 generated items, failed [].",catalog_id=optimization-word-problems; strand=Word Problems and Mathematical Reasoning; grades=11|12; formats=real-world|worked-practice; generatorKind=wordProblem
GEN-139,Logic Grid Number Challenges,"Worksheet generators: Logic Grid Number Challenges. Selecting Logic Grid Number Challenges produces canonical worksheet JSON with 3-12 questions, title Logic Grid Number Challenges, supported grades 9/10/11/12, supported formats quick-check/worked-practice, generator kind patternPuzzle, matching answer key entries, passing audit results, and checkable answers.",Worksheet generators,GEN-139,"As a teacher, I can select the Logic Grid Number Challenges generator for Math Puzzles, Logic, and Enrichment practice.","1. Given Worksheet generator catalog entry selectable from setup panel, when the story is exercised, then Selecting Logic Grid Number Challenges produces canonical worksheet JSON with 3-12 questions, title Logic Grid Number Challenges, supported grades 9/10/11/12, supported formats quick-check/worked-practice, generator kind patternPuzzle, matching answer key entries, passing audit results, and checkable answers. 2. The recorded initial and regression evidence for GEN-139 is Passing or Fixed. 3. Any discovered issue for this story has severity, reproduction, root cause, fix status, and retest evidence recorded in this row.","Selecting Logic Grid Number Challenges produces canonical worksheet JSON with 3-12 questions, title Logic Grid Number Challenges, supported grades 9/10/11/12, supported formats quick-check/worked-practice, generator kind patternPuzzle, matching answer key entries, passing audit results, and checkable answers.",Worksheet generator catalog entry selectable from setup panel,src/features/worksheet/catalog.ts; src/features/worksheet/generator.ts; src/features/worksheet/item-factory.ts,"Supported grade/format/strand filters, answer-key correctness, deterministic item generation, validation rules and solution metadata.",Teacher via catalog selection and developer via generator verification; no auth or permission gates in scope.,"Supported grade/format/strand filters, answer-key correctness, deterministic item generation, validation rules and solution metadata.",Passing,"npm run test:generators passed: 139 worksheet types, 834 generated items, failed [].",,,,"Selecting Logic Grid Number Challenges produces canonical worksheet JSON with 3-12 questions, title Logic Grid Number Challenges, supported grades 9/10/11/12, supported formats quick-check/worked-practice, generator kind patternPuzzle, matching answer key entries, passing audit results, and checkable answers.",Matches expected behavior in the recorded test evidence.,,"npm run test:generators passed: 139 worksheet types, 834 generated items, failed [].; npm run test:generators passed: 139 worksheet types, 834 generated items, failed [].",No issue found,,,"npm run test:generators passed: 139 worksheet types, 834 generated items, failed [].",Passed,"catalog_id=logic-grid-number-challenges; strand=Math Puzzles, Logic, and Enrichment; grades=9|10|11|12; formats=quick-check|worked-practice; generatorKind=patternPuzzle",src/features/worksheet/catalog.ts; src/features/worksheet/generator.ts; src/features/worksheet/item-factory.ts,GEN-139,Worksheet generators,Logic Grid Number Challenges,"As a teacher, I can select the Logic Grid Number Challenges generator for Math Puzzles, Logic, and Enrichment practice.","Selecting Logic Grid Number Challenges produces canonical worksheet JSON with 3-12 questions, title Logic Grid Number Challenges, supported grades 9/10/11/12, supported formats quick-check/worked-practice, generator kind patternPuzzle, matching answer key entries, passing audit results, and checkable answers.",src/features/worksheet/catalog.ts; src/features/worksheet/generator.ts; src/features/worksheet/item-factory.ts,passed,"npm run test:generators passed: 139 worksheet types, 834 generated items, failed [].",,,"npm run test:generators passed: 139 worksheet types, 834 generated items, failed [].","catalog_id=logic-grid-number-challenges; strand=Math Puzzles, Logic, and Enrichment; grades=9|10|11|12; formats=quick-check|worked-practice; generatorKind=patternPuzzle"
UX-TOUCH-001,Minimum interactive target sizes,"Accessibility and UX: command-center buttons and tab controls maintain approximately 40px minimum target sizes in the rendered browser, not only in source class markers.",Accessibility and UX,UX-TOUCH-001,"As a keyboard, mouse, or touch user, I can reliably activate command-center controls without tiny click targets.","1. Given the command center renders at desktop and mobile sizes, when visible buttons and tab controls are measured in Chromium, then each visible button target is at least approximately 40px tall and 40px wide where applicable. 2. Icon-only contextual question actions are not smaller than 40px. 3. Regression evidence is recorded after CSS changes are built and browser-tested.","Visible command-center buttons, tabs, and icon actions render with at least approximately 40px target size in the browser.","Topbar actions, setup buttons, tab controls, select triggers, preview question actions, answer check buttons, mobile action bar, mobile sheet actions.",src/app/globals.css; tests/frontend/worksheet-console.test.ts,"Responsive desktop/mobile duplicate controls, icon-only lock/refresh buttons, small variant topbar buttons, tab triggers, Tailwind utility ordering in production CSS.",Teacher / worksheet creator; no auth or permission gates in scope.,Small target rendering can appear after responsive layout or utility-order changes even when source class markers exist.,Fixed,"failed: Fresh Chromium QA measured visible controls below 40px, including topbar New version/Print, tab triggers, select triggers, question lock/refresh buttons, and Check buttons.",ISSUE-UX-TOUCH-001,Medium,"1. Build and start the static preview. 2. Run Chromium against http://127.0.0.1:4173 at 1440px desktop. 3. Measure visible button bounding boxes. 4. Observe several controls with 32px, 34px, or 36px height.",Visible command-center controls maintain approximately 40px minimum target size.,"Before fix, multiple visible controls rendered below 40px despite source-level min-h class markers.",Production CSS utility ordering allowed fixed height utilities such as h-8/h-9 to win over source-level min-h markers for rendered buttons.,Fresh Chromium QA failure log in current run; screenshots refreshed at output/playwright/real-browser-desktop.png after retest. passed: Fresh Chromium QA verified visible desktop buttons keep approximately 40px minimum target size; see output/playwright/feature-story-real-browser-results.json.,Fixed and regression-tested,"Added scoped .command-center-shell button CSS target-size enforcement, removed the scale-down hidden state from preview question actions, and added regression source assertions.",Controls now have more reliable pointer/touch target sizes across desktop and mobile layouts.,passed: Fresh Chromium QA verified visible desktop buttons keep approximately 40px minimum target size; see output/playwright/feature-story-real-browser-results.json.,Passed,Discovered during fresh real-browser QA for this audit continuation.,src/app/globals.css; tests/frontend/worksheet-console.test.ts,UX-TOUCH-001,Accessibility and UX,Minimum interactive target sizes,"As a keyboard, mouse, or touch user, I can reliably activate command-center controls without tiny click targets.","Visible command-center buttons, tabs, and icon actions render with at least approximately 40px target size in the browser.",src/app/globals.css; tests/frontend/worksheet-console.test.ts,passed,failed: Fresh Chromium QA measured visible controls below 40px before remediation.,Multiple visible command-center controls rendered below the desired 40px target size in Chromium.,"Added scoped .command-center-shell button CSS target-size enforcement, removed the scale-down hidden state from preview question actions, and added regression source assertions.",passed: Fresh Chromium QA verified visible desktop buttons keep approximately 40px minimum target size; see output/playwright/feature-story-real-browser-results.json.,Discovered during fresh real-browser QA for this audit continuation.
UX-RESPONSIVE-001,Responsive layout exclusivity,"Accessibility and UX: desktop view shows only the desktop command layout, while mobile view shows only the mobile step workflow and action bar.",Accessibility and UX,UX-RESPONSIVE-001,"As a teacher, I see one coherent command-center layout for my viewport instead of duplicate mobile and desktop workflows at the same time.","1. Given a desktop viewport at 1024px or wider, when the command center renders, then the mobile command panel and mobile action bar are hidden and the desktop frame/grid is visible. 2. Given a mobile viewport below 1024px, when the command center renders, then the desktop frame/grid is hidden and mobile tabs/actions are visible. 3. Browser screenshots show no duplicate command workflow at desktop width.",Desktop and mobile command layouts are mutually exclusive at their intended breakpoints.,Root command center at desktop and mobile responsive widths.,src/app/globals.css; src/features/worksheet/command-center/WorksheetCommandCenter.tsx; tests/frontend/worksheet-console.test.ts,"Custom component CSS overriding Tailwind responsive utilities, tablet widths between 720px and 1024px, mobile action bar visibility, desktop wrapper display after production build.",Teacher / worksheet creator; no auth or permission gates in scope.,Duplicate layouts can appear after build when custom display rules override responsive utility classes.,Fixed,failed: Visual inspection of output/playwright/real-browser-desktop.png showed the mobile command workflow rendered above the desktop workflow at 1440px width.,ISSUE-UX-RESPONSIVE-001,Medium,1. Build and start the static preview. 2. Open http://127.0.0.1:4173 at a 1440px Chromium viewport. 3. Capture a full-page screenshot. 4. Observe the mobile setup/tabs panel rendered above the desktop command layout.,Only the desktop command layout appears at wide viewport; mobile-only tabs/action bar/menu button are hidden.,"Before fix, the mobile command panel was visible above the desktop layout at desktop width.","Custom .command-mobile display:grid CSS overrode the responsive lg:hidden utility, leaving mobile-only UI visible at desktop widths.",output/playwright/real-browser-desktop.png before remediation showed duplicate mobile and desktop command workflows; final screenshot will be refreshed after retest. passed: Fresh Chromium QA verified desktop viewport shows only desktop command layout and mobile viewport shows only mobile command layout; see output/playwright/feature-story-real-browser-results.json.,Fixed and regression-tested,Added a command-desktop-frame class and explicit 1024px media rules to hide mobile-only UI at desktop widths and hide desktop frame/grid below desktop widths.,Teachers now see a single viewport-appropriate workflow instead of duplicated controls.,passed: Fresh Chromium QA verified desktop viewport shows only desktop command layout and mobile viewport shows only mobile command layout; see output/playwright/feature-story-real-browser-results.json.,Passed,Discovered by inspecting saved Chromium screenshot during final audit completion checks.,src/app/globals.css; src/features/worksheet/command-center/WorksheetCommandCenter.tsx; tests/frontend/worksheet-console.test.ts,UX-RESPONSIVE-001,Accessibility and UX,Responsive layout exclusivity,"As a teacher, I see one coherent command-center layout for my viewport instead of duplicate mobile and desktop workflows at the same time.",Desktop and mobile command layouts are mutually exclusive at their intended breakpoints.,src/app/globals.css; src/features/worksheet/command-center/WorksheetCommandCenter.tsx; tests/frontend/worksheet-console.test.ts,passed,failed: Desktop screenshot showed duplicate responsive layouts before remediation.,Custom .command-mobile display rule allowed mobile command workflow to appear at desktop widths.,Added explicit responsive CSS and desktop frame class to make mobile/desktop layouts mutually exclusive.,passed: Fresh Chromium QA verified desktop viewport shows only desktop command layout and mobile viewport shows only mobile command layout; see output/playwright/feature-story-real-browser-results.json.,Discovered by screenshot inspection during final audit completion checks.
